Company Name,Industry,Symbol,ISIN
ABB India Limited,A,ABB,INE117A01022
Aegis Logistics Ltd.,A,AEGISLOG,INE208C01025
Amara Raja Energy & Mobility Limited,A,ARE&M,INE885A01032
Ambalal Sarabhai Enterprise Ltd.,B,AMBALALSA,INE432A01017
Andhra Petrochemicals Ltd.,X,ANDHRAPET,INE714B01016
UTIQUE ENTERPRISES LIMITED,X,UTIQUE,INE096A01010
Aruna Hotels Ltd.,X,ARUNAHTEL,INE957C01019
Bombay Dyeing & Mfg. Co. Ltd.,B,BOMDYEING,INE032A01023
Asian Hotels (North) Limited,B,ASIANHOTNR,INE363A01022
Atul Limited.,A,ATUL,INE100A01010
ATV Projects India Ltd,X,ATVPR,INE447A01015
Bajaj Electricals Ltd.,A,BAJAJELEC,INE193E01025
Bajaj Hindusthan Sugar Limited,B,BAJAJHIND,INE306A01021
Force Motors Limited,A,FORCEMOT,INE451A01017
Bajaj Finance Limited,A,BAJFINANCE,INE296A01032
BALRAMPUR CHINI MILLS LTD,A,BALRAMCHIN,INE119A01028
Banco Products (India) Ltd.,A,BANCOINDIA,INE213C01025
ADITYA BIRLA REAL ESTATE LIMITED,A,ABREL,INE055A01016
Bannari Amman Sugars Ltd.,B,BANARISUG,INE459A01010
BASF India Ltd,A,BASF,INE373A01013
Bata India Limited,A,BATAINDIA,INE176A01028
BEML Ltd,A,BEML,INE258A01024
Bharat Electronics Ltd.,A,BEL,INE263A01024
Bhagawati Gas Limited,XT,BHAGGAS,INE099C01010
Bhansali Engineering Polymers Ltd.,B,BEPL,INE922A01025
Bihar Sponge Iron Ltd,X,BIHSPONG,INE819C01011
Blue Star Ltd,A,BLUESTARCO,INE472A01039
Disa India Ltd.,B,DISAQ,INE131C01011
QUEST CAPITAL MARKETS LIMITED,X,QUESTCAP,INE418C01012
BPL Ltd.,B,BPL,INE110A01019
ORIENTAL AROMATICS LIMITED,B,OAL,INE959C01023
Century Extrusions Ltd.,B,CENTEXT,INE281A01026
CESC Limited,A,CESC,INE486A01021
Chambal Fertilisers & Chemicals Ltd,A,CHAMBLFERT,INE085A01013
Exide Industries Ltd.,A,EXIDEIND,INE302A01020
Cipla Ltd.,A,CIPLA,INE059A01026
DIC India Ltd,B,DICIND,INE303A01010
CRISIL Ltd.,A,CRISIL,INE007A01025
CG Power and Industrial Solutions Limited,A,CGPOWER,INE067A01029
Dabur India Ltd.,A,DABUR,INE016A01026
Dalmia Bharat Sugar and Industries Ltd,B,DALMIASUG,INE495A01022
Arvind Ltd.,A,ARVIND,INE034A01011
Bharat Heavy Electricals Ltd.,A,BHEL,INE257A01026
Hindustan Petroleum Corporation Ltd,A,HINDPETRO,INE094A01015
IFCI Ltd.,A,IFCI,INE039A01010
Mahanagar Telephone Nigam Ltd.,B,MTNL,INE153A01019
Mangalore Refinery & Petrochemicals,A,MRPL,INE103A01014
Chennai Petroleum Corporation Ltd.,A,CHENNPETRO,INE178A01016
State Bank Of India,A,SBIN,INE062A01020
Steel Authority of India Ltd.,A,SAIL,INE114A01011
Titan Company Limited,A,TITAN,INE280A01028
IDBI Bank Ltd,A,IDBI,INE008A01015
DCW Ltd.,B,DCW,INE500A01029
Dhampur Sugar Mills Ltd.,B,DHAMPURSUG,INE041A01016
Diamines & Chemicals Ltd.,B,DIAMINESQ,INE591D01014
Elantas Beck India Ltd,B,ELANTAS,INE280B01018
Dr. Reddy's Laboratories Ltd.,A,DRREDDY,INE089A01031
E.I.D. Parry (India) Ltd.,A,EIDPARRY,INE126A01031
PROCTER & GAMBLE HEALTH LIMITED,A,PGHL,INE199A01012
Electrosteel Castings Ltd.,A,ELECTCAST,INE086A01029
Esab India Ltd.,B,ESABINDIA,INE284A01012
EPL LIMITED,A,EPL,INE255A01020
Ester Industries Ltd.,B,ESTER,INE778B01029
FGP Ltd,X,FGP,INE512A01016
P H CAPITAL LIMITED,XT,PHCAP,INE160F01013
Finolex Cables Ltd.,A,FINCABLES,INE235A01022
JOHN COCKERILL INDIA LIMITED,B,COCKERILL,INE515A01019
Uflex Limited,B,UFLEX,INE516A01017
Foseco India Ltd,B,FOSECOIND,INE519A01011
Ganesh Benzoplast Ltd.,B,GANESHBE,INE388A01029
Metroglobal Limited,B,METROGLOBL,INE085D01033
GTL Ltd,B,GTL,INE043A01012
Godfrey Phillips India Ltd.,A,GODFRYPHLP,INE260B01028
Godrej Industries Ltd.,A,GODREJIND,INE233A01035
Kansai Nerolac Paints,A,KANSAINER,INE531A01024
Goodricke Group Ltd.,X,GOODRICKE,INE300A01016
Goodyear India Ltd.,B,GOODYEAR,INE533A01012
GTN Industries Limited,X,GTNINDS,INE537A01013
GHCL Ltd.,A,GHCL,INE539A01019
GFL LIMITED,B,GFLLIMITED,INE538A01037
Harig Crankshafts Ltd.,XT,HARCR,INE905C01034
HCL Infosystems Ltd,B,HCL-INSYS,INE236A01020
HDFC Bank Ltd.,A,HDFCBANK,INE040A01034
Hero MotoCorp Limited,A,HEROMOTOCO,INE158A01026
HFCL LIMITED,A,HFCL,INE548A01028
Himadri Speciality Chemical Ltd.,A,HSCL,INE019C01026
Hindustan Construction Co. Ltd.,A,HCC,INE549A01026
Hindustan Oil Exploration Co. Ltd.,B,HINDOILEXP,INE345A01011
AGI GREENPAC LIMITED,B,AGI,INE415A01038
Hindustan Zinc Ltd.,A,HINDZINC,INE267A01025
NDL Ventures Limited,B,NDLVENTURE,INE353A01023
Prag Bosimi Synthetics Ltd.,X,PRAGBOS,INE962B01011
HLV LIMITED,B,HLVLTD,INE102A01024
IG Petrochemicals Ltd,B,IGPL,INE204A01010
India Glycols Ltd,A,INDIAGLYCO,INE560A01023
India Lease Devl. Ltd.,X,INDLEASE,INE333C01013
Margo Finance Limited,X,MARGOFIN,INE680B01019
Indo Rama Synthetics (India) Ltd.,B,INDORAMA,INE156A01020
Infosys Ltd,A,INFY,INE009A01021
Ingersoll-Rand (India) Ltd.,B,INGERRAND,INE177A01018
International Travel House Ltd,X,ITHL,INE262B01016
Ion Exchange (India) Ltd,A,IONEXCHANG,INE570A01022
SUNDROP BRANDS LIMITED,B,SUNDROP,INE209A01019
Jain Irrigation Systems Ltd.,A,JISLJALEQS,INE175A01038
Jasch Industries Ltd.,XT,JASCH,INE711C01028
JINDAL POLY FILMS LIMITED,B,JINDALPOLY,INE197D01010
JSW Steel Limited,A,JSWSTEEL,INE019A01038
Kajaria Ceramics Ltd,A,KAJARIACER,INE217B01036
Kalyani Steels Ltd,B,KSL,INE907A01026
Kanel Industries Limited,XT,KANELIND,INE252C01023
Whirlpool of India Ltd,A,WHIRLPOOL,INE716A01013
K.G.Denim Ltd,X,KGDENIM,INE104A01012
Kinetic Engineering Ltd.,XT,KINETICENG,INE266B01017
Kirloskar Brothers Ltd.,A,KIRLOSBROS,INE732A01036
Kirloskar Industries Ltd,B,KIRLOSIND,INE250A01039
Kirloskar Ferrous Industries Ltd.,B,KIRLFER,INE884B01025
Envair Electrodyne Ltd.,XT,ENVAIREL,INE601C01013
Kotak Mahindra Bank Ltd.,A,KOTAKBANK,INE237A01036
KRISHNA FILAMENT INDUSTRIES LIMITED,X,KRIFILIND,INE073A01019
KSB LIMITED,A,KSB,INE999A01023
L.g.Balkrishnan & Bros. Ltd.,A,LGBBROSLTD,INE337A01034
Trent Ltd [Lakme Ltd],A,TRENT,INE849A01020
LMW Limited,A,LMW,INE269B01029
Lic Housing Finance Ltd.,A,LICHSGFIN,INE115A01026
Lupin Ltd,A,LUPIN,INE326A01037
The Ramco Cements Limited,A,RAMCOCEM,INE331A01037
Mafatlal Industries Ltd.,B,MAFATIND,INE270B01035
Maharashtra Seamless Ltd.,A,MAHSEAMLES,INE271B01025
Maharashtra Scooters Ltd.,A,MAHSCOOTER,INE288A01013
Majestic Auto Ltd.,B,MAJESAUT,INE201B01022
Manali Petrochemicals Ltd.,B,MANALIPETC,INE201A01024
Baroda Rayon Corpn. Ltd.,X,BARODARY,INE461A01024
Max Financial Services Limited,A,MFSL,INE180A01020
Mid India Industries Limited,X,MIDINDIA,INE401C01018
Century Enka Ltd.,B,CENTENKA,INE485A01015
Modern Thread (India) Ltd.,B,MODTHREAD,INE794W01014
Lords Chloro Alkali Ltd,B,LORDSCHLO,INE846D01012
SpiceJet Limited,B,SPICEJET,INE285B01017
Morepen Laboratories Ltd.,B,MOREPENLAB,INE083A01026
M.R.F. Ltd.,A,MRF,INE883A01011
HeidelbergCement  India Limited,B,HEIDELBERG,INE578A01017
NCC Limited,A,NCC,INE868B01028
Vedanta Limited,A,VEDL,INE205A01025
Naperol Investments Limited,X,NAPEROL,INE585A01020
Grasim Industries Ltd,A,GRASIM,INE047A01021
NIIT Ltd.,B,NIITLTD,INE161A01038
Jaykay Enterprises Limited,B,JAYKAY,INE903A01025
Nirlon Limited,B,NIRLON,INE910A01012
Oil And Natural Gas Corporation Ltd,A,ONGC,INE213A01029
Oriental Hotels Ltd.,B,ORIENTHOT,INE750A01020
Oswal Agro Mills Ltd.,B,OSWALAGRO,INE142A01012
Indian Sucrose Ltd.,X,INDSUCR,INE557C01017
Panyam Cements & Mineral Inds. Ltd.,XT,PANCM,INE167E01037
Reliance Industries Ltd,A,RELIANCE,INE002A01018
Raymond Limited,A,RAYMOND,INE301A01014
Pidilite Industries Ltd.,A,PIDILITIND,INE318A01026
Pix Transmissions Ltd.,B,PIXTRANS,INE751B01018
Birla Corporation Ltd.,A,BIRLACORPN,INE340A01012
Surya Roshni Ltd.,B,SURYAROSNI,INE335A01020
Prime Securities Ltd.,B,PRIMESECU,INE032B01021
PRISM JOHNSON LIMITED.,B,PRSMJOHNSN,INE010A01011
Rain Industries Limited,A,RAIN,INE855B01025
AMJ LAND HOLDINGS LIMITED,B,AMJLAND,INE606A01024
Punjab Communications Limited,B,PUNJCOMMU,INE609A01010
Rajshree Sugars & Chemicals Ltd.,B,RAJSREESUG,INE562B01019
Rallis India Ltd,A,RALLIS,INE613A01020
Shree Rama Newsprint Limited,B,RAMANEWS,INE278B01020
Rama Petrochemicals Ltd,XT,RAMAPETRO,INE783A01013
Rapicut Carbides Ltd.,XT,RAPICUT,INE350D01015
WELSPUN SPECIALTY SOLUTIONS LIMITED,B,WELSPLSOL,INE731F01037
Rubfila International Ltd.,B,RUBFILA,INE642C01025
Patanjali Foods Limited,A,PATANJALI,INE619A01035
Salora International Limited,X,SALORAINTL,INE924A01013
Samtel (India) Ltd.,XT,SAMTELIN,INE538C01017
Jindal Saw Ltd.,A,JINDALSAW,INE324A01032
JK Lakshmi Cement Limited,A,JKLAKSHMI,INE786A01032
Shree Cements Ltd.,A,SHREECEM,INE070A01015
Shree Krishna Paper Mills & Industr,XT,SKPMIL,INE970C01012
Steelco Gujarat Ltd,XT,STEELCO,INE629B01032
Tata Power Co. Ltd,A,TATAPOWER,INE245A01021
SPML Infra Limited,B,SPMLINFRA,INE937A01023
Sundram Fasteners Ltd.,A,SUNDRMFAST,INE387A01021
Sunflag Iron & Steel Co. Ltd.,B,SUNFLAG,INE947A01014
Supreme Petrochem Ltd.,A,SPLPETRO,INE663A01033
Swaraj Engines Ltd.,B,SWARAJENG,INE277A01016
Tata Elxsi Ltd,A,TATAELXSI,INE670A01012
ACC Ltd,A,ACC,INE012A01025
Thermax Ltd.,A,THERMAX,INE152A01029
Thirumalai Chemicals Ltd.,B,TIRUMALCHM,INE338A01024
Thomas Cook (India) Ltd.,A,THOMASCOOK,INE332A01027
Timex Group India Ltd,B,TIMEX,INE064A01026
Torrent Pharmaceuticals Ltd.,A,TORNTPHARM,INE685A01028
TPI India Ltd.,X,TPINDIA,INE578C01021
Transchem Limited.,XT,TRANSCHEM,INE019B01010
Ambuja Cements Ltd.,A,AMBUJACEM,INE079A01024
UTL Industries Limited,X,UTLINDS,INE184E01024
Uniphos Enterprises Limited.,B,UNIENTER,INE037A01022
Vardhman Holdings Limited,B,VHL,INE701A01023
Hindalco Industries Ltd.,A,HINDALCO,INE038A01020
West Coast Paper Mills Limited,B,WSTCSTPAPR,INE976A01021
MPIL CORPORATION LIMITED,XT,MPILCORPL,INE844C01027
TEAM24 CONSUMER PRODUCTS LIMITED,X,TEAM24,INE601A01017
Procter & Gamble Hygiene & Health Care Ltd.,A,PGHH,INE179A01014
Mukand Ltd.,B,MUKANDLTD,INE304A01026
BLACK BOX LIMITED,A,BBOX,INE676A01027
UCAL LIMITED,B,UCAL,INE139B01016
Harrisons Malayalam Ltd.,B,HARRMALAYA,INE544A01019
Federal Bank Ltd.,A,FEDERALBNK,INE171A01029
TATA STEEL LIMITED,A,TATASTEEL,INE081A01020
SKF INDIA LIMITED,A,SKFINDIA,INE640A01023
Ashok Leyland Ltd.,A,ASHOKLEY,INE208A01029
Cummins India Ltd.,A,CUMMINSIND,INE298A01020
Tata Communications Limited,A,TATACOMM,INE151A01013
Abbott India Ltd.,A,ABBOTINDIA,INE358A01014
Bajaj Holdings & Investment Limited,A,BAJAJHLDNG,INE118A01012
Bharat Forge Ltd,A,BHARATFORG,INE465A01025
Escorts Kubota Limited,A,ESCORTS,INE042A01014
Hindustan Motors Ltd.,XT,HINDMOTORS,INE253A01025
Larsen & Toubro Limited,A,LT,INE018A01030
Mahindra & Mahindra Ltd.,A,M&M,INE101A01026
Bosch Ltd,A,BOSCHLTD,INE323A01026
Bharat Petroleum Corpn. Ltd.,A,BPCL,INE029A01011
Siemens Ltd.,A,SIEMENS,INE003A01024
TATA MOTORS PASSENGER VEHICLES LIMITED,A,TMPV,INE155A01022
Voltas Ltd.,A,VOLTAS,INE226A01021
Great Eastern Shipping Co. Ltd.,A,GESHIP,INE017A01032
Deepak Fertilizers &Petrochemicals,A,DEEPAKFERT,INE501A01019
Excell Industries Ltd.,B,EXCELINDUS,INE369A01029
GARWARE HI-TECH FILMS LIMITED,A,GRWRHITECH,INE291A01017
GlaxoSmithkline Pharmaceuticals Ltd.,A,GLAXO,INE159A01016
Gujarat Narmada Valley Fert.Co.Ltd,A,GNFC,INE113A01013
Novartis India Limited.,B,NOVARTIND,INE234A01025
Sanofi India Ltd,A,SANOFI,INE058A01010
Pfizer Ltd.,A,PFIZER,INE182A01018
Gujarat State Fertilizers & Chem.Ltd,A,GSFC,INE026A01025
Hindustan Unilever Ltd.,A,HINDUNILVR,INE030A01027
JSW Dulux Limited,A,JSWDULUX,INE133A01011
NOCIL Ltd,B,NOCIL,INE163A01018
Tata Chemicals Ltd,A,TATACHEM,INE092A01019
Tamilnadu Petroproducts Ltd,B,TNPETRO,INE148A01019
Zuari Industries Limited,B,ZUARIIND,INE217A01012
Nestle India Ltd.,A,NESTLEIND,INE239A01024
TATA CONSUMER PRODUCTS LIMITED,A,TATACONSUM,INE192A01025
Asian Paints Ltd.,A,ASIANPAINT,INE021A01026
Britannia Industries Ltd.,A,BRITANNIA,INE216A01030
Colgate-Palmolive (India) Ltd.,A,COLPAL,INE259A01022
EIH Ltd,A,EIHOTEL,INE230A01023
THE INDIAN HOTELS COMPANY LTD,A,INDHOTEL,INE053A01029
Castrol India Ltd,A,CASTROLIND,INE172A01027
ITC Ltd,A,ITC,INE154A01025
Apollo Tyres Ltd,A,APOLLOTYRE,INE438A01022
Ceat Ltd.,A,CEATLTD,INE482A01020
Modi Rubber Ltd.,B,MODIRUBBER,INE832A01018
Finolex Industries Ltd.,A,FINPIPE,INE183A01024
Sunrise Industrial Traders Ltd.,XT,SUNRINV,INE371U01015
Gold Rock Investments Ltd.,XT,ZGOLDINV,INE598F01014
Peoples Investments Ltd.,XT,PEOPLIN,INE644U01015
Dalal Street Investments Ltd.,XT,DSINVEST,INE422D01012
Centrum Capital Limited,B,CENTRUM,INE660C01027
Kartik Investments Trust Ltd.,XT,KARTKIN,INE524U01019
Lords Mark Industries Limited,XT,LORDSMARK,INE567L01025
ANTARIKSH INDUSTRIES LIMITED,XT,ANTARIKSH,INE825M01017
Industrial Investment Trust Ltd.,B,IITL,INE886A01014
Industrial & Prudential Inv. Co. Lt,B,INDPRUD,INE620D01011
Tata Investment Corporation Ltd.,A,TATAINVEST,INE672A01026
Jayabharat Credit Ltd.,XT,JAYBHCR,INE998D01011
PRISMX GLOBAL VENTURES LIMITED,X,PRISMX,INE286N01028
Rapid Investments Ltd.,XT,RAPIDIN,INE154M01012
Walchand Peoplefirst Limited,X,WALCHPF,INE695D01021
E and E ENTERPRISES LIMITED,XT,EENTER,INE094R01019
W.H. Brady & Co. Ltd.,X,WHBRADY,INE855A01019
TechNVision Ventures Limited,B,TECHNVISN,INE314H01012
Shaily Engineering Plastics Ltd.,A,SHAILY,INE151G01028
The Bombay Burmah Trading Corporation Ltd.,A,BBTC,INE050A01025
Bombay Cycle & Motor Agency Ltd.,X,BOMBCYC,INE691K01017
Greaves Cotton Ltd.,A,GREAVESCOT,INE224A01026
Muller & Phipps (India) Ltd.,X,MULLER,INE003F01015
SPRINGFORM TECHNOLOGY LIMITED,P,SFTL,INE02ZA01012
Amalgamated Electricity Co. Ltd.,XT,AMALGAM,INE492N01022
Anand Projects Ltd,XT,ANANDPROJ,INE134R01013
India Nivesh Limited,X,INDIANVSH,INE131H01028
Coastal Corporation Limited,B,COASTCORP,INE377E01024
Chowgule Steamships Ltd.,X,CHOWGULSTM,INE490A01015
GARWARE OFFSHORE SERVICES LIMITED,XT,GARWAOFFS,INE446C01013
ASI INDUSTRIES LIMITED,X,ASIIL,INE443A01030
Sagar Cements Ltd,B,SAGCEM,INE229C01021
Deccan Cements Ltd.,B,DECCANCE,INE583C01021
Mangalam Cement Ltd.,B,MANGLMCEM,INE347A01017
NCL Industries Limited,B,NCLIND,INE732C01016
Saurashtra Cement Limited,B,SAURASHCEM,INE626A01014
Shree Digvijay Cement Co. Ltd.,B,SHREDIGCEM,INE232A01011
BOROSIL RENEWABLES LIMITED,A,BORORENEW,INE666D01022
LERTHAI FINANCE LIMITED,XT,LERTHAI,INE347D01011
Raasi Refractories Limited.,XT,RASSIREF,INE858D01017
Triveni Glass Ltd.,X,TRIVENIGQ,INE094C01011
Nilachal Refractories Ltd.,X,NILACHAL,INE416N01013
ANDHRA PAPER LIMITED,B,ANDHRAPAP,INE435A01051
Balkrishna Industries Ltd.,A,BALKRISIND,INE787D01026
Orient Paper & Industries Ltd.,B,ORIENTPPR,INE592A01026
Citadel Realty And Developers Limited,X,CITADEL,INE906D01014
Seshasayee Paper & Boards Ltd.,B,SESHAPAPER,INE630A01024
NATH INDUSTRIES LIMITED,X,NATHIND,INE777A01023
VAPI ENTERPRISE LIMITED,X,VAPIENTER,INE464D01014
Gaekwar Mills Ltd.,X,ZGAEKWAR,INE837X01027
Forbes & Company Ltd,X,FORBESCO,INE518A01013
H.P. Cotton Textile Mills Ltd.,X,HPCOTTON,INE950C01014
United Interactive Limited,X,UNITEDINT,INE706D01018
JAMSHRI REALTY LIMITED,X,JAMSHRI,INE462D01034
Katare Spinning Mills Ltd.,X,KATRSPG,INE498G01015
Lakshmi Mills Company ltd,X,LAKSHMIMIL,INE938C01019
Vardhman Textiles Limted,A,VTL,INE825A01020
Pasupati Spg. & Wvg. Mills Ltd.,X,PASUSPG,INE909B01020
The Phoenix Mills Ltd.,A,PHOENIXLTD,INE211B01039
Marathon Nextgen Realty Ltd,B,MARATHON,INE182D01020
Raja Bahadur International Ltd,X,RAJABAH,INE491N01016
Reliance Chemotex Industries Ltd.,B,RELCHEMQ,INE750D01016
Simplex Realty Limited,X,SIMPLXREA,INE167H01014
Swan Corp Limited,A,SWANCORP,INE665A01038
Victoria Mills Ltd.,X,VICTMILL,INE203D01016
S.V. Trading & Agencies Ltd.,XT,ZSVTRADI,INE404N01019
Svaraj Trading & Agencies Ltd.,X,ZSVARAJT,INE406N01014
Manglam Global Corporations Limited,X,MANGLAM,INE733N01011
Shree Salasar Investment Ltd.,XT,SALSAIN,INE315N01017
Apollo Ingredients Limited,XT,APOLLOIN,INE314N01028
Zodiac Ventures Limited,X,ZODIACVEN,INE945J01027
Veer Energy & Infrastructure Limited,X,VEERENRGY,INE255E01030
SW Investments Limited,XT,SW1,INE948K01011
Tilak Ventures Limited,XT,TILAK,INE026L01022
Unijolly Investments Co. Ltd.,XT,UNIJOLL,INE130N01010
Wagend Infra Venture Limited,X,WAGEND,INE786K01023
Elcid Investments Ltd.,B,ELCIDIN,INE927X01018
Healthy Investments Ltd.,XT,HEALINV,INE160N01017
Shreenath Investments Co. Ltd.,XT,SHRENTI,INE475V01012
Banswara Syntex Ltd.,B,BANSWRAS,INE629D01020
Modella Woollens Ltd.,X,MODWOOL,INE380D01012
Modipon Ltd.,XT,MODIPON,INE170C01019
Shri Dinesh Mills Ltd.,XT,SHRIDINE,INE204C01024
SRF Ltd.,A,SRF,INE647A01010
Siyaram Silk Mills Ltd.,B,SIYSIL,INE076B01028
Swadeshi Polytex Ltd.,X,SWADPOL,INE243N01029
Shree Rajasthan Syntex Ltd.,X,SHRAJSYNQ,INE796C01011
Shree Manufacturing Co. Ltd.,X,SHRMFGC,INE632A01012
Satyam Silk Mills Ltd,XT,ZSATYASL,INE07MC01015
Bharat Bijlee Ltd.,B,BBL,INE464A01036
Elpro International Ltd.,B,ELPROINTL,INE579B01039
GEE Ltd.,XT,GEE,INE064H01021
Hind Rectifiers Ltd.,B,HIRECT,INE835D01023
Indo National Limited,B,NIPPOBATRY,INE567A01028
Zensar Technologies Ltd.,A,ZENSARTECH,INE520A01027
Jyoti Ltd.,X,JYOTI,INE511D01012
JSL Industries Ltd.,X,JSLINDL,INE581L01018
Kaycee Industries Ltd.,X,KAYCEEI,INE813G01023
Indokem Ltd,B,INDOKEM,INE716F01012
Panasonic Energy India Co. Ltd.,X,PANAENERG,INE795A01017
Nelco Ltd,B,NELCO,INE045B01015
Permanent Magnets Ltd.,X,PERMAGN,INE418E01018
High Energy Batteries (India) Ltd.,X,HIGHENE,INE783E01023
Standard Batteries Ltd.,X,STDBAT,INE502C01039
Universal Cables Ltd.,B,UNIVCABLES,INE279A01012
W.S. Industries (India) Ltd.,B,WSI,INE100D01014
Delton Cables Ltd.,X,DLTNCBL,INE872E01016
Lakshmi Electrical Control Systems,X,LAKSELEC,INE284C01018
DELTA MANUFACTURING LIMITED,B,DELTAMAGNT,INE393A01011
Longspur International Ventures Limited,X,LONGSPUR,INE180M01033
RAVINDRA ENERGY LIMITED,B,RELTD,INE206N01018
RRP SEMICONDUCTOR LIMITED,X,RRP,INE713N01013
Multipurpose Trading & Agencies Ltd,X,ZMULTIPU,INE017P01014
Ridhi Synthetics Ltd.,XT,RIDHISYN,INE07LK01010
Grandma Trading & Agencies Ltd.,X,GRANDMA,INE927M01029
Ardi Alliances Limited,XT,ARDIALL,INE0LKP01014
IDream Film Infrastructure Company Limited,P,IDREAM,INE459E01012
Nyssa Corporation Limited,X,NYSSACORP,INE812K01027
FLOMIC GLOBAL LOGISTICS LIMITED,X,FLOMIC,INE952M01019
Krishna Ventures Limited,XT,KRISHNA,INE537L01010
Ganesh Holding Ltd.,XT,GANHOLD,INE932M01011
SJ Corporation Limited,XT,SJCORP,INE312B01027
Uni-Abex Alloy Products Ltd.,XT,UNIABEXAL,INE361D01012
Sarda Energy & Minerals Ltd,A,SARDAEN,INE385C01021
Bhagwati Autocast Limited,X,BGWTATO,INE106G01014
Bombay Wire Ropes Ltd.,X,BOMBWIR,INE089T01023
Chase Bright Steel Co. Ltd.,Y,CHASBRT,NA
Galada Power & Communication Ltd.,XT,GALADA,INE255C01026
AZAD INDIA MOBILITY LIMITED,X,AZADIND,INE566M01017
Indian Hume Pipe Co. Ltd.,B,INDIANHUME,INE323C01030
Indian Link Chain Mnfrs. Ltd.,X,INLCM,INE359D01024
Informed Technologies India Ltd.,X,INFORTEC,INE123E01014
Kaira Can Co. Ltd.,X,KAIRA,INE375D01012
ORIENT CERATECH LIMITED,B,ORIENTCER,INE569C01020
National Standard (India) Limited,B,NATIONSTD,INE166R01015
Rathi Steel & Power Ltd,X,RATHIST,INE336C01016
Duncan Engineering Limited,X,DUNCANENG,INE340F01011
Sandur Manganese & Iron Ores Ltd.,A,SANDUMA,INE149K01016
Stovec Industries Ltd.,X,STOVACQ,INE755D01015
CHOLAMANDALAM FINANCIAL HOLDINGS LIMITED,A,CHOLAHLDNG,INE149A01033
Welcast Steels Ltd.,X,ZWELCAST,INE380G01015
Western Ministil Ltd.,P,WMINIMT,INE187U01015
Automotive Axles Ltd.,B,AUTOAXLES,INE449A01011
Atlas Cycles (Haryana) Ltd.,B,ATLASCYCLE,INE446A01025
Automobile Products of India Ltd.,XT,AUTOPRD,INE0NY101012
Automobile Corpn. of Goa Ltd.,B,ACGL,INE451C01013
Talbros Automotive Components Ltd.,B,TALBROAUTO,INE187D01029
Z.F. Steering Gear (India) Limited,B,ZFSTEERING,INE116C01012
SML Mahindra Limited,A,SMLMAH,INE294B01019
TIL Ltd.,B,TIL,INE806C01018
Eicher Motors Ltd.,A,EICHERMOT,INE066A01021
JAINEX AAMCOL LTD.,X,JAINEX,INE280F01019
Alfred Herbert (India) Ltd.,X,ALFREDHE,INE782D01027
Dynamatic Technologies Ltd.,A,DYNAMATECH,INE221B01012
G. G. Dandekar Properties Limited,X,GGDPROP,INE631D01026
GMM Pfaudler Ltd.,A,GMMPFAUDLR,INE541A01023
Kirloskar Pneumatic Co.Ltd.,A,KIRLPNU,INE811A01020
KPT INDUSTRIES LIMITED,X,KPT,INE731D01024
LAKSHMI ENGINEERING AND WAREHOUSING LIMITED,X,LAKSHMIEW,INE718M01022
Lynx Machinery & Commercials Ltd.,XT,LYNMC,INE732D01014
HARSHIL AGROTECH LIMITED,XT,HARSHILAGR,INE098E01026
Monotype India Ltd.,X,MONOT,INE811D01024
Nesco Ltd,A,NESCO,INE317F01035
Integra Engineering India Ltd.,XT,INTEGRAEN,INE984B01023
Texmaco Infrastructure & Holdings Ltd,B,TEXINFRA,INE435C01024
Wendt (India) Ltd.,B,WENDT,INE274C01019
PS IT Infrastructure & Services Limited,XT,PSITINFRA,INE953M01033
GHV INFRA PROJECTS LIMITED,X,GHVINFRA,INE809Q01020
Responsive Industries Ltd,B,RESPONIND,INE688D01026
Shyamkamal Investments Ltd.,X,SHYMINV,INE203N01015
HEM Holdings and Trading Ltd.,XT,ZHEMHOLD,INE721U01011
Maharashtra Corporation Ltd.,X,MAHACORP,INE272E01027
DOLAT ALGOTECH LIMITED,B,DOLATALGO,INE966A01022
WESTLIFE FOODWORLD LIMITED,A,WESTLIFE,INE274F01020
Zee Entertainment Enterprises Ltd.,A,ZEEL,INE256A01028
Kovalam Inv. & Trading Co.Ltd.,X,ZKOVALIN,INE735U01011
Multiplus Holdings Ltd.,XT,MULTIIN,INE886E01016
Skyline Millars Ltd,X,SKYLMILAR,INE178E01026
Bimetal Bearings Ltd,B,BIMETAL,INE469A01019
Taparia Tools Ltd.,X,TAPARIA,INE614R01014
Brady & Morris Engineering Co. Ltd.,X,BRADYM,INE856A01017
La Tim Metal & Industries Limited,X,LATIMMETAL,INE501N01020
Elecon Engineering Co.Ltd.,A,ELECON,INE205B01031
Satani Bearings Ltd.,X,SATANIBRG,INE498D01012
Grauer & Weil (India) Ltd.,B,GRAUWEIL,INE266D01021
HIM TEKNOFORGE LIMITED,X,HIMTEK,INE705G01021
Gabriel India Ltd.,A,GABRIEL,INE524A01029
Hercules Investments Limited,X,HERCULES,INE688E01024
ALGOQUANT FINTECH LIMITED,B,ALGOQUANT,INE598D01035
IFB Industries Limited,B,IFBIND,INE559A01017
Singer India Limited,B,SINGERIND,INE638A01035
International Combustion (India) Lt,X,INTLCOMBQ,INE403C01014
Federal-Mogul Goetze (India) Ltd,B,FMGOETZE,INE529A01010
Josts Engineering Co. Ltd.,X,JOSTS,INE636D01041
Schaeffler India Limited,A,SCHAEFFLER,INE513A01022
Mipco Seamless Rings (Gujarat) Ltd.,XT,MPCOSEMB,INE860N01012
Rane Holdings Ltd.,B,RANEHOLDIN,INE384A01010
Rolcon Engineering Co. Ltd.,P,ROLCOEN,INE775R01013
SNL Bearings Ltd.,X,SNL,INE568F01017
Jaipan Industries Ltd,X,JAIPAN,INE058D01030
Mangal Credit and Fincorp Limited,B,MANCREDIT,INE545L01039
TRF Ltd,B,TRF,INE391D01019
WPIL Ltd,B,WPIL,INE765D01022
Kennametal India Limtied,B,KENNAMET,INE717A01029
HINDUSTAN HARDY LIMITED,X,HINDHARD,INE724D01011
Triton Valves Ltd.,X,TRITONV,INE440G01017
Sudal Industries Limited,X,SUDAI,INE618D01015
Prakash Industries Ltd.,B,PRAKASH,INE603A01013
Prabhu Steel Industries Ltd.,XT,ZPRBHSTE,INE821R01015
Grindwell Norton Ltd.,A,GRINDWELL,INE536A01023
Stanrose Mafatlal Investments & Fin,X,STANROS,INE441L01015
Genesys International Corporation Ltd.,B,GENESYS,INE727B01026
Alna Trading & Exports Ltd.,P,ALNATRD,INE07I701011
Kairosoft AI Solutions Limited,XT,VOLKAI,INE820M01018
Parnax Lab Limited,X,PARNAXLAB,INE383L01019
GOURMET GATEWAY INDIA LIMITED,XT,GOURMET,INE512D01028
Visagar Polytex Ltd,B,VIVIDHA,INE370E01029
Ishwarshakti Holdings & Traders Ltd,XT,ISHWATR,INE073I01012
Terraform Magnum Limited,P,TERRAFORM,INE122V01010
Apis India Ltd,B,APIS,INE070K01014
Velox Shipping and Logistics Limited,XT,VELOX,INE092P01017
EMERGENT INDUSTRIAL SOLUTIONS LIMITED,XT,EMERGENT,INE668L01013
Kanani Industries Ltd,B,KANANIIND,INE879E01037
GALAXY SUPERMARKET LIMITED,X,GSLTD,INE403B01016
Sarvamangal Mercantile Co. Ltd.,XT,ZSARVAMA,INE978L01016
Arihant Superstructures Limited,B,ARIHANTSUP,INE643K01018
Viksit Engineering Ltd,XT,VIKSHEN,INE965V01020
Styrenix Performance Materials Limited,B,STYRENIX,INE189B01011
Alembic  Ltd,B,ALEMBICLTD,INE426A01027
Amines & Plasticizers Ltd,B,AMNPLST,INE275D01022
Anuh Pharma Ltd.,B,ANUHPHR,INE489G01022
Bayer CropScience Limited.,A,BAYERCROP,INE462A01022
Sashwat Technocrats Limited,P,SASHWAT,INE789D01014
STARSOURCE MULTITRADE LIMITED,X,STARSOURCE,INE320M01019
Citurgia Biochemicals Ltd.,B,CITURGIA,INE795B01031
Sudarshan Colorants India Limited,B,SUDARCOLOR,INE492A01029
Coromandel International Limited,A,COROMANDEL,INE169A01031
Deepak Nitrite Limited,A,DEEPAKNTR,INE288B01029
DMCC SPECIALITY CHEMICALS LIMITED,B,DMCC,INE505A01010
FERMENTA BIOTECH LIMITED,B,FERMENTA,INE225B01021
GOCL Corporation Limited,B,GOCLCORP,INE077F01035
Jayshree Chemicals Ltd.,X,JAYCH,INE693E01016
Keltech Energies Ltd.,XT,KELENRG,INE881E01017
Kemp & Company Limited,X,KEMP,INE060E01018
Nitta Gelatin India Ltd,B,NITTAGELA,INE265B01019
M.P. Agro Industries Ltd.,X,MPAGI,INE468C01017
AG VENTURES LIMITED,X,AGVENTURES,INE321D01016
PB Global Limited,XT,PBGLOBAL,INE615W01011
PCBL Chemical Limited,A,PCBL,INE602A01031
Amal Ltd,X,AMAL,INE841D01013
Polychem Ltd,X,POLYCHEM,INE752B01024
Punjab Chemicals and Crop Protection Ltd.,B,PUNJABCHEM,INE277B01014
ZR2 BIOENERGY LIMITED,X,ZR2,INE218N01021
Sudarshan Chemical Indus. Ltd.,A,SUDARSCHEM,INE659A01023
Tecil Chemicals & Hydro Power Limit,B,TECILCHEM,INE014B01011
Ultramarine & Pigments Ltd.,B,ULTRAMAR,INE405A01021
Transpek Industry Ltd.,B,TRANSPEK,INE687A01016
Unichem Laboratories Ltd.,B,UNICHEMLAB,INE351A01035
Mysore Petro Chemicals Ltd.,X,MYSORPETRO,INE741A01011
Alkyl Amines Chemicals Ltd.,A,ALKYLAMINE,INE150B01039
TUTICORIN ALKALI CHEMICALS AND FERTILIZERS LIMITED,X,TUTIALKA,INE400A01014
AstraZeneca Pharma India Ltd.,A,ASTRAZEN,INE203A01020
Primo Chemicals Limited,B,PRIMO,INE607A01022
TANFAC Industries Ltd.,B,TANFACIND,INE639B01023
Gujarat Petrosynthese Ltd.,X,GUJPETR,INE636P01011
Swadeshi Industries Leasing Co. Ltd,X,SWADEIN,INE716M01034
Gujarat Themis Biosyn Ltd.,B,GUJTHEM,INE942C01045
Makers Laboratories Ltd.,X,MAKERSL,INE987A01010
Continental Chemicals Ltd.,X,CONTCHM,INE423K01015
Indo Gulf Industries  Ltd.,P,IGLFXPL-B,INE684U01011
Advance Petrochemicals Ltd.,XT,ADVPETR-B,INE334N01018
Rajasthan Petro Synthetics Ltd.,P,RAJSPTR,INE374C01017
Apt Packaging Ltd,X,APTPACK,INE046E01025
Blue Chip Tex Industries Ltd.,X,BLUECHIPT,INE472D01017
Jagatjit Industries Ltd.,X,JAGAJITIND,INE574A01016
Kesar Enterprises Ltd.,X,KESARENT,INE133B01027
Tilaknagar Industries Ltd,A,TI,INE133E01013
Emerald Leisures Limited,X,EMERALL,INE044N01021
The Ravalgaon Sugar Farm Limited,X,RAVALSUGAR,INE615A01025
Sakthi Sugars Ltd.,B,SAKHTISUG,INE623A01011
Walchandnagar Industries Ltd,B,WALCHANNAG,INE711A01022
Kothari Fermanatation & Biochem Ltd,X,KFBL,INE991B01010
Caprolactam Chemicals ltd.,X,CAPRO,INE470N01010
G.M. Breweries Ltd.,B,GMBREW,INE075D01018
Rana Sugars Ltd.,B,RANASUG,INE625B01014
Piccadily Sugar  & Allied Ltd.,X,PICCASUG,INE544C01023
Som Distilleries & Breweries Ltd.,B,SDBL,INE480C01038
C.J. Gelatine Products Ltd.,XT,CJGEL,INE557D01015
Associated Alcohols & Breweries Ltd,B,ASALCBR,INE073G01016
THAKKERS GROUP LIMITED,X,THAKKERS,INE04VT01017
Coromandel Agro Products & Oils Ltd,P,CORAGRO,INE495D01018
Foods & Inns Ltd.,B,FOODSIN,INE976E01023
KOVILPATTI LAKSHMI ROLLER FLOUR MILLS  LTD,X,KLRFM,INE014E01015
Olympic Oil Industries Ltd.,X,OLYOI,INE286E01019
Milkfood Ltd.,X,MLKFOOD,INE588G01021
Polson Ltd.,X,POLSON,INE339F01021
SIGNATURE GREEN CORPORATION LIMITED,X,SIGNGCL,INE131O01024
Wipro  Ltd.,A,WIPRO,INE075A01022
Orient Beverages Ltd.,X,ORIBEVER,INE247F01018
Dhanuka Agritech Ltd.,B,DHANUKA,INE435G01025
TTK Healthcare Ltd.,B,TTKHLTCARE,INE910C01018
TGV SRAAC LIMITED,B,TGVSL,INE284B01028
Lime Chemicals Ltd.,X,LIMECHM,INE891G01011
Kanpur Plastipack Limited,B,KANPRPLA,INE694E01014
Tainwala Chemicals & Plastics Ltd,B,TAINWALCHM,INE123C01018
Jagsonpal Pharmaceuticals Limited,B,JAGSNPHARM,INE048B01035
Khaitan Chemicals & Fertilizers Ltd,B,KHAICHEM,INE745B01028
United Leasing & Industries Ltd,P,UNTTEMI,INE357P01014
National Oxygen Ltd.,X,NOL,INE296D01010
Gillette India Ltd.,A,GILLETTE,INE322A01010
Wires & Fabriks (SA) Ltd.,X,WIREFABR,INE469D01013
ANSAL HOUSING LIMITED,X,ANSALHSG,INE880B01015
Computer Point Ltd.,X,COMPUPN,INE607B01012
Mac Charles (India) Ltd.,B,MCCHRLS-B,INE435D01014
Addi Industries Ltd.,X,ADDIND,INE757C01021
Pioneer Investcorp Ltd,B,PIONRINV,INE746D01014
Ashnoor Textiles Mills Ltd.,X,ASHNOOR,INE372I01018
Unitech Ltd.,B,UNITECH,INE694A01020
V.I.P. Industries Ltd.,A,VIPIND,INE054A01027
FIBERWEB (INDIA) LTD.,B,FIBERWEB,INE296C01020
GYFTR LIMITED,B,GYFTR,INE724A01017
East Buildtech Limited,XT,EASTBUILD,INE706N01017
Manipal Finance Corporation Ltd.,P,MNPLFIN,INE798E01013
Bajaj Steel Industries Ltd.,B,BAJAJST,INE704G01024
Kiduja  India  Ltd,X,KIDUJA,INE845A01028
Key Corp Ltd,X,KEYCORP,INE130F01016
Shikhar Leasing and Trading Ltd.,XT,SHIKHARLETR,INE02BV01019
Gujarat Hotels Ltd.,X,GUJHOTE,INE621C01011
FYNX CAPITAL LIMITED,X,FYNX,INE455H01021
Ras Resorts & Apart Hotels Ltd.,X,RASRESOR,INE651D01016
Jolly Plastic Industries Ltd.,XT,JOLYPLS,INE289M01016
Paramount Cosmetics (India) Ltd,X,PARMCOS-B,INE143I01013
Jindal Hotels Ltd.,X,JINDHOT,INE726D01016
Desi Farms India Limited,XT,DESIFARMS,INE358F01013
Jupiter Industries & Leasing Ltd.,P,JPTRLES,INE990E01016
Simmonds-Marshall Ltd,XT,SIMMOND,INE657D01021
Hawkins Cooker Ltd.,B,HAWKINCOOK,INE979B01015
Warren Tea Ltd.,X,WARRENTEA,INE712A01012
Cochin Malabar Estates & Indus. Ltd,X,COCHMAL,INE788M01017
Best Eastern Hotels Limited,XT,BESTEAST,INE553F01035
Neelamalai Agro Industries Ltd.,B,NEAGI,INE605D01012
IST Limited,X,ISTLTD,INE684B01029
Cosmo First Limited,B,COSMOFIRST,INE757A01017
Diamant Infrastructure Limited,XT,DIAMANT,INE206I01026
NEW MARKETS AVENUE LIMITED,XT,NEWMKTAVE,INE800K01014
Apollo Hospitals Enterprises Ltd.,A,APOLLOHOSP,INE437A01024
Nitin Castings Limited,X,NITINCAST,INE861H01020
NEXOME CAPITAL MARKETS LIMITED,XT,NEXOME,INE641A01013
IRONWOOD EDUCATION LIMITED,X,IRONWOOD,INE791H01011
AVISHKAR INFRA REALTY LIMITED,X,AIRLTD,INE433O01024
AYM Syntex Limited,B,AYMSYNTEX,INE193B01039
Panasonic Carbon India Co.Ltd,X,PANCARBON,INE013E01017
Finkurve Financial Services Limited,B,FINKURVE,INE734I01027
HB Leasing & Finance Co. Ltd.,X,HBLEAS,INE549B01016
Shricon Industries Ltd.,XT,SHRICON,INE753D01010
Sulabh Engineers & Services Limited,X,SULABEN,INE673M01029
Frontier Capital Limited,X,FRONTCAP,INE977E01013
Navneet Education Limited,B,NAVNETEDUL,INE060A01024
Transoceanic Properties Ltd.,XT,TRANOCE,INE074J01018
Thakral Services (India) Limited,X,THAKRAL,INE190F01028
Ruchi Infrastructure Ltd,B,RUCHINFRA,INE413B01023
Golden Legand Leasing & Finance Ltd,X,GOLDLEG,INE088E01019
VJTF Eduservices Limited,X,VJTFEDU,INE117F01013
Voltaire Leasing & Finance Ltd.,X,VOLLF,INE763D01019
Netlink Solutions (India) Ltd.,X,NETLINK,INE040F01033
TRILIANCE POLYMERS LIMITED,XT,TRILIANCE,INE778N01016
Lancor Holdings Ltd.,B,LANCORHOL,INE572G01025
Indian Infotech And Software Ltd.,X,INDINFO,INE300B01022
Banas Finance Limited,X,BANASFN,INE521L01030
Visaka Industries Ltd.,B,VISAKAIND,INE392A01021
Infomedia Press Limited,B,INFOMEDIA,INE669A01022
Hathway Bhawani Cabletel & Datacom,X,HATHWAYB,INE525B01016
Gufic BioSciences Ltd.,B,GUFICBIO,INE742B01025
Photon Capital Advisors Ltd,XT,PHOTON,INE107J01016
Oswal Leasing Ltd.,P,OSWALEA,INE811Q01018
GRP Limited,B,GRPLTD,INE137I01015
Indag Rubber Ltd.,XT,INDAG,INE802D01023
M.M. Rubber Company Ltd.,X,MMRUBBR-B,INE159E01026
PTL Enterprises Ltd,B,PTL,INE034D01049
TVS Srichakra Ltd.,B,TVSSRICHAK,INE421C01016
Sanathnagar Enterprises Limited,X,SEL,INE367E01033
Benares Hotels Ltd,B,BENARAS,INE664D01019
Bhagwati Oxygen Ltd.,X,BHAGWOX,INE026I01010
BOMBAY OXYGEN INVESTMENTS LIMITED,X,BOMOXY-B1,INE01TL01014
Cravatex Ltd.,X,CRAVATEX,INE145E01017
Berger Paints India Ltd,A,BERGEPAINT,INE463A01038
Caprihans India Ltd.,X,CAPRIHANS,INE479A01018
Graphite India Ltd.,A,GRAPHITE,INE371A01025
Cemindia Projects Limited,A,CEMPRO,INE686A01026
Empire Industries Ltd.,X,EMPIND,INE515H01014
GRAVISS HOSPITALITY LIMITED,B,GRAVISSHO,INE214F01026
GARWARE TECHNICAL FIBRES LIMITED,A,GARFIBRES,INE276A01018
Garware Marine Industries Ltd.,X,GARWAMAR,INE925D01014
Goa Carbon Ltd.,B,GOACARBON,INE426D01013
Hardcastle & Waud Mfg. Co. Ltd.,X,HARDCAS,INE722D01015
HEG Ltd.,A,HEG,INE545A01024
Hindustan Composites Ltd,B,HINDCOMPOS,INE310C01029
Hindustan Housing Co. Ltd.,XT,ZHINDHSG,INE083O01019
BIRLANU LIMITED,B,BIRLANU,INE557A01011
Indian Card Clothing Ltd,B,INDIANCARD,INE061A01014
International Conveyors Ltd.,B,INTLCONV,INE575C01027
Jay Shree Tea & Industries Ltd.,B,JAYSREETEA,INE364A01020
Kothari Industrial Corpn. Ltd.,B,KOTIC,INE972A01020
Modern Shares and Stockbrokers Ltd.,X,MODRNSH,INE370A01019
Mapro Industries Ltd,XT,MAPROIN,INE848M01019
Oseaspre Consultants Ltd.,XT,OSEASPR,INE880P01015
HUHTAMAKI INDIA LIMITED,B,HUHTAMAKI,INE275B01026
Premier Synthetics Ltd.,X,PREMSYN,INE940N01012
R.J. Shah & Co. Ltd.,P,RJSHAH,INE712Z01019
Shah Construction Co. Ltd.,X,SHAHCON,INE02C301011
Shalimar Paints Ltd.,B,SHALPAINTS,INE849C01026
Sinnar Bidi Udyog Ltd.,XT,SINNAR,INE896E01023
Hindoostan Mills Ltd.,X,HINDMILL,INE832D01020
The Southern Gas Limited,P,ZSOUTGAS,INE532U01012
Technojet Consultants Ltd.,XT,TECHCON,INE881P01013
Supreme Industries Ltd.,A,SUPREMEIND,INE195A01028
Trade Wings Ltd.,XT,TRADWIN,INE961E01017
U.P. Hotels Ltd.,X,UPHOT,INE726E01014
VST Industries Ltd.,B,VSTIND,INE710A01016
Swasti Vinayaka Synthetics Ltd.,X,SWASTIVI,INE804A01025
MSL GLOBAL LIMITED,X,MSLGLOBAL,INE856D01011
Yamini Investments Company Limited,XT,YAMNINV,INE457N01025
Premier Capital Services Ltd.,XT,PREMCAP,INE946K01023
MILGREY FINANCE & INVESTMENT LTD,X,ZMILGFIN,INE679T01013
Jindal Drilling & Industries Ltd.,B,JINDRILL,INE742C01031
Arco Leasing Ltd.,XT,ZARCOLEA,INE955S01019
Kusam Electrical Industies Ltd.,XT,KUSUMEL,INE175Q01018
Jumbo Finance Ltd.,XT,JUMBFNL,INE122N01017
Sakthi Finance Ltd.,X,SAKTHIFIN,INE302E01014
AEROFLEX ENTERPRISES LIMITED,B,AEROENTER,INE065D01027
JMD Ventures Limited,XT,JMDVL,INE047E01031
Tivoli Construction Ltd.,XT,TVOLCON,INE747V01014
Shiva Texyarn Ltd.,B,SHIVATEX,INE705C01020
V.B.Desai Financial Services Ltd,X,VBDESAI,INE848D01018
Quadrant Televentures Limited,XT,QUADRANT,INE527B01020
First Custodian Fund (India) Ltd.,X,1STCUS,INE609B01018
Kamanwala Housing Construction Ltd,X,KAMANWALA,INE344D01018
AXIS SOLUTIONS LIMITED,XT,AXISOL,INE520G01024
WSFX Global Pay Limited,X,WSFX,INE549D01012
Anjani Foods Limited,XT,ANJANIFOODS,INE096I01021
RKD AGRI & RETAIL LIMITED,XT,RKDAGRRTL,INE552N01023
Parshwanath Corporation Limited,X,PARSHWANA,INE635I01018
RAJVI LOGITRADE LIMITED,X,RAJVI,INE381N01019
Millennium Online Solutions (India) Ltd,X,MILLENNIUM,INE570N01025
ICDS Ltd.,B,ICDSLTD,INE613B01010
Can Fin Homes Ltd.,A,CANFINHOME,INE477A01020
Munoth Capital Market Ltd,XT,MUNCAPM,INE910G01027
IL & FS Investment Managers Ltd.,B,IVC,INE050B01023
Shriram Finance Limited,A,SHRIRAMFIN,INE721A01047
Cholamandalam Investment and Finance Company Ltd,A,CHOLAFIN,INE121A01024
BOMBAY TALKIES LIMITED,X,BOMTALKIES,INE910D01024
Sagar Systech Ltd.,XT,SAGARSYST,INE771Z01015
ICONIK SPORTS AND EVENTS LIMITED,X,ICONIKSPEV,INE088P01015
VLS Finance Limited,B,VLSFINANCE,INE709A01018
India Cements Capital Limited,XT,INDCEMCAP,INE429D01017
AD-Manum Finance Ltd,X,ADMANUM,INE556D01017
Mehta Integrated Finance Ltd.,X,MEHIF,INE240B01012
Inter Globe Finance Ltd.,X,INTRGLB,INE661M01016
MUNOTH COMMUNICATION LIMITED,X,MCLTD,INE410E01015
SHRISTI INFRASTRUCTURE DEVELOPMENT CORPORATION LTD.,X,SHRISTI,INE472C01027
CREST VENTURES LIMITED,B,CREST,INE559D01011
Vakrangee Limited,B,VAKRANGEE,INE051B01021
Gujarat Credit Corporation Ltd.,X,GUJCRED,INE034B01019
Sylph Industries Limited,X,SYLPH,INE706F01021
Dharani Finance Ltd.,XT,DHARFIN,INE899D01011
Alexander Stamps And Coin Limited,X,ALEXANDER,INE191N01012
Indbank Merchant Banking Services L,B,INDBANK,INE841B01017
SHRYDUS INDUSTRIES LIMITED,XT,SHRYDUS,INE488C01015
BHARAT BHUSHAN FINANCE & COMMODITY BROKERS LIMITED,X,BHARAT,INE900A01013
Capital Trust Ltd.,B,CAPTRUST,INE707C01018
Ushakiran Finance Ltd.,X,USHAKIRA,INE697C01011
Vivo Bio tech Ltd.,X,VIVOBIOT,INE380K01017
Veerhealth Care Limited,XT,VEERHEALTH,INE882C01035
Pan India Corporation Ltd,X,PANINDIAC,INE376A01032
Sahara HousingFina Corporation Ltd.,X,SAHARAHOUS,INE135C01012
NDA Securities ltd.,X,NDASEC,INE026C01013
Supra Trends Limited,X,SUPRATRE,INE533B01028
GSB Finance Ltd.,XT,GSBFIN,INE777C01011
Morarka Finance Ltd.,X,MORARKFI,INE367A01015
Monarch Networth Capital Limited,B,MONARCH,INE903D01011
TEAM INDIA GUARANTY LIMITED,B,TEAMGTY,INE289C01025
Crescentis Capital Limited,X,CRESCENTIS,INE754C01010
Mantra Capital Limited,X,MANTRA,INE304E01010
BEFOUND MOVEMENT LIMITED,X,BEFOUNDMOL,INE425F01028
Avonmore Capital & Management Services Limited,B,AVONMORE,INE323B01024
Libord Finance Limited,X,LIBORDFIN,INE212B01011
Yash Management & Satellite Ltd.,X,YASHMGM,INE216B01012
Arihant Capital Markets Ltd.,B,ARIHANTCAP,INE420B01036
ISL Consulting Ltd,X,ISLCONSUL,INE569B01022
DCM Financial Services Ltd.,B,DCMFINSERV,INE891B01012
R.R.Financial Consultants Ltd.,XT,RRFIN,INE229D01011
FEDDERS HOLDING LIMITED,B,FEDDERSHOL,INE417D01020
Sambhaav Media Ltd.,B,SAMBHAAV,INE699B01027
Olympic Management & Financial Serv,XT,OLYMTFI,INE091N01014
AXENTRA CORP LIMITED,X,AXENTRA,INE919M01026
DJS Stock & Shares Ltd.,X,DJSSS,INE234E01027
Omega Interactive Technologies Ltd.,X,OMEGAIN,INE113B01037
Sugal & Damani Share Brokers Ltd.,X,SUGALDAM,INE309D01011
Nettlinx Ltd.,X,NETTLINX,INE027D01019
Premium Capital Market & Investment,XT,PREMCAPM,INE555D01019
BGIL Films & Technologies Ltd,X,BGIL,INE443D01018
Scan Steels Limited,B,SCANSTL,INE099G01011
GIC Housing Finance Ltd.,B,GICHSGFIN,INE289B01019
Mathew Easow Research Securities Lt,XT,MATHEWE,INE963B01019
Ajcon Global Services Ltd.,X,AJCON,INE759C01027
Chartered Capital & Investment Ltd.,X,CHRTEDCA,INE953B01010
Standard Capital Markets Ltd.,X,STANCAP,INE625D01028
YOGI LIMITED,X,YOGI,INE290E01011
Cubical Financial Services Ltd.,XT,CUBIFIN,INE717D01023
Relic Technologies Ltd.,X,RELICTEC,INE452B01013
Invigorated Business Consulting Limited,X,INVIGO,INE359A01012
BAID FINSERV LIMITED,B,BAIDFIN,INE020D01022
K.Z.Leasing & Finance Ltd.,X,KZLFIN,INE006C01015
BYLD Capital Finance Limited,XT,BYLD,INE759D01017
Pasupati Fincap Ltd.,XT,PASUFIN,INE527C01010
Mehta Securities Ltd.,X,MEHSECU,INE241B01010
RUPAREL FOOD PRODUCTS LIMITED,XT,RFL,INE239B01014
UGRO CAPITAL LIMITED,B,UGROCAP,INE583D01011
Shalibhadra Finance Ltd.,B,SAHLIBHFI,INE861D01011
Mansi Finance (Chennai) Ltd,X,MANSIFIN,INE094E01017
Aastamangalam Finance Limited,X,AASTAFIN,INE819K01014
Muthoot Capital Services Ltd.,B,MUTHOOTCAP,INE296G01013
Master Trust Ltd.,B,MASTERTR,INE677D01037
Nilkanth Engineering Ltd.,P,ZNILKENG,INE582V01015
EFC (I) LIMITED,B,EFCIL,INE886D01026
Sobhagya Mercantile Ltd.,X,SOBME,INE754D01018
TOMORROW TECHNOLOGIES GLOBAL INNOVATIONS LIMITED,X,TTGIL,INE135H01029
Saraswati Commercial (India) Ltd.,B,ZSARACOM,INE967G01019
Winro Commercial (India) Ltd.,XT,WINROC,INE837E01019
N.D.Metal Industries Ltd,XT,NDMETAL,INE643D01013
ASGARD ALCOBEV LIMITED,X,ASGARD,INE767M01029
VEGA JEWELLERS LIMITED,XT,VEGA,INE603D01017
SKYBIOTECH HEALTHCARE LIMITED,XT,SKYBIOTECH,INE393H01016
TCC CONCEPT LIMITED,B,TCC,INE887D01016
Royal India Corporation Limited,X,ROYALIND,INE510H01015
DHANSAFAL FINSERVE LIMITED,X,DHANSAFAL,INE195E01020
Ventura Guaranty Ltd.,P,SHYAM,INE139J01019
TANDHAN INDUSTRIES LIMITED,XT,TANDHANIN,INE896J01014
WARDWIZARD HEALTHCARE LIMITED,P,WARDHEALTH,INE048E01013
VISHVPRABHA VENTURES LIMITED,X,VISVEN,INE762D01011
Mrugesh Trading Ltd.,XT,MRUTR,INE738D01029
Deccan Gold Mines Ltd.,B,DECNGOLD,INE945F01025
UPL Limited,A,UPL,INE628A01036
GLOBAL DEFENCE INDUSTRIES LIMITED,XT,GDIL,INE425H01016
Saianand Commercial Limited,X,SAICOM,INE092G01024
EYANTRA VENTURES LIMITED,XT,EY,INE750G01019
Triochem Products Ltd.,XT,TRIPR,INE331E01013
Nidhi Granites Limited,XT,NIDHGRN,INE276H01013
Aviva Industries Limited,X,AVIVA,INE461H01011
Rose Merc.Limited,X,ROSEMER,INE649C01012
Twin Roses Trades & Agencies Ltd.,XT,TWIROST,INE436U01016
Signet Industries Limited,B,SIGIND,INE529F01035
Kajal Synthetics and Silk Mills Ltd,XT,KAJALSY,INE956V01011
Avance Technologies Ltd.,X,AVANCE,INE758A01072
M LAKHAMSI INDUSTRIES LIMITED,XT,MLINDLTD,INE808W01012
Terraform Realstate Limited,P,TERRAREAL,INE123V01018
SECUREKLOUD TECHNOLOGIES LIMITED,B,SECURKLOUD,INE650K01021
Capricorn Systems Global Solutions Ltd.,XT,CAPRICORN,INE968E01012
Vama Industries Limited,X,VAMA,INE685D01022
Sunteck Realty Ltd,B,SUNTECK,INE805D01034
Bentley Commercial Enterprises Ltd.,P,BENTCOM,INE496M01017
Classic Electricals Ltd.,XT,CLASELE,INE02BR01017
Prism Medico and Pharmacy Ltd.,X,PRISMMEDI,INE730E01016
SPV GLOBAL TRADING LIMITED,XT,SPVGLOBAL,INE177E01010
Veritas (India) Limited,XT,VERITAS,INE379J01029
Jai Corp Limited,B,JAICORPLTD,INE070D01027
Nivi Trading Ltd.,P,ZNIVITRD,INE552F01011
Ashirwad Capital Ltd.,X,ASHCAP,INE894A01026
Swasti Vinayaka Art And Heritage Corporation Ltd,X,SVARTCORP,INE895A01023
Bajaj Global Ltd,XT,BAJGLOB,INE553H01015
Avon Mercantile Ltd.,XT,AVONMERC,INE471D01019
Tashi India Ltd.,XT,TASHIND,INE552H01017
Autoriders International Ltd,X,AUTOINT,INE340U01010
Speedage Commercials Ltd.,P,ZSPEEDCO,INE497M01015
Shantai Industries Limited,XT,SHANTAI,INE408F01024
Chambal Breweries & Distilleries Li,XT,CHMBBRW,INE417N01011
Mansoon Trading Co. Ltd.,P,ZMANSOON,INE776V01013
Typhoon Holdings Ltd.,XT,TYPHOON,INE2L3M01012
SG MART LIMITED,B,SGMART,INE385F01024
Aravali Securities & Finance Ltd.,X,ARAVALIS,INE068C01015
LEXORA GLOBAL LIMITED,XT,LEXGLOBAL,INE745A01012
CUPID BREWERIES AND DISTILLERIES LIMITED,XT,CUPIDALBV,INE108G01010
Sheraton Properties & Finance Ltd.,P,ZSHERAPR,INE495M01019
Magnanimous Trade & Finance Ltd.,XT,MAGANTR,INE664N01018
CRESSANDA RAILWAY SOLUTIONS LIMITED,X,CRSL,INE716D01033
STARTECK FINANCE LIMITED,B,STARTECK,INE992I01013
SERA INVESTMENTS & FINANCE INDIA LIMITED,X,SERA,INE017I01027
Bengal Steel Industries Ltd.,P,BENGALS,INE523W01017
i Power Solutions India Ltd.,XT,IPOWER,INE468F01010
Uniworth Securities Limited,XT,UNIWSEC,INE728J01019
Mercury Trade Links Ltd.,X,MERCTRD,INE319T01016
Nirav Commercials Ltd.,X,NIRAVCOM,INE242B01018
White Hall Commercial Co.Ltd.,XT,WHITHAL,INE416X01012
Asutosh Enterprise Ltd.,P,ASUTENT,INE508W01018
Apollo Finvest (India) Ltd.,X,APOLLOFI,INE412D01013
Esquire Money Guarantees Ltd,XT,ESQRMON,INE0HMN01013
Enbee Trade & Finance Ltd.,X,ENBETRD,INE993I01029
Ganon Products Limited,X,GANONPRO,INE162L01017
Devinsu Trading Ltd.,XT,DEVITRD,INE07LH01016
Shri Jagdamba Polymers Ltd,X,SHRJAGP,INE564J01026
Lloyds Metals and Energy Limited,A,LLOYDSME,INE281B01032
Punctual Trading Ltd.,P,PUNCTRD,INE07NX01019
LLOYDS ENTERPRISES LIMITED,A,LLOYDSENT,INE080I01025
Betex India Ltd.,X,BETXIND,INE765L01017
VIRYA RESOURCES LIMITED,XT,VIRYA,INE661K01010
Polytex India Ltd.,XT,POLYTEX,INE012F01016
Dhanlaxmi Cotex Ltd.,XT,DHANCOT,INE977F01010
Oasis Securities Limited,XT,OASISEC,INE876A01023
Garnet International Limited,X,GARNETINT,INE590B01010
Shalimar Productions Ltd.,XT,SHALPRO,INE435E01020
Varun Mercantile Ltd.,XT,VARUNME,INE442U01014
Vinayak Vanijya Ltd.,XT,VINVANI,INE132V01019
Donear Industries Ltd,B,DONEAR,INE668D01028
Super Sales India Ltd.,X,SUPER,INE091C01017
VIYASH SCIENTIFIC LIMITED,A,VIYASH,INE807F01027
State Trading Corporation of India,B,STCINDIA,INE655A01013
Zenith Exports Ltd.,B,ZENITHEXPO,INE058B01018
Kohinoor Foods Ltd,B,KOHINOOR,INE080B01012
NEELKANTH LIMITED,X,NEELKANTH,INE581D01015
Avanti Feeds ltd.,A,AVANTIFEED,INE871C01038
Zodiac-JRD-MKJ Ltd.,X,ZODJRDMKJ,INE077B01018
Sita Enterprises LTD.,X,SITAENT,INE579D01019
Pulsar International Limited,X,PULSRIN,INE183U01022
Manbro Industries Limited,X,MANBRO,INE348N01042
KEYNOTE FINANCIAL SERVICES LIMITED,B,KEYFINSERV,INE681C01015
Adani Enterprises Ltd.,A,ADANIENT,INE423A01024
ASTAL LABORATORIES LIMITED,X,ASTALLTD,INE307N01014
Haria Exports Ltd.,X,HARIAEXPO,INE772B01014
RLF Ltd.,X,RLF,INE629C01014
Regent Enterprises Limited,X,REGENTRP,INE769D01016
Savera Industries Ltd.,X,SAVERA,INE104E01014
Chrome Silicon Limited,X,CHROME,INE114E01013
Jeet Machine Tools Ltd.,XT,ZJEETMAC,INE987E01012
NAVA LIMITED,A,NAVA,INE725A01030
Hindusthan Udyog Ltd,XT,ZHINUDYP,INE582K01018
Remi Edelstahl Tubulars Limited,X,REMIEDEL,INE158G01015
G.S. Auto International Ltd.,X,GSAUTO,INE736H01024
Trans-Freight Containers Ltd.,X,TRANSFRE,INE360D01014
Shivalik Bimetal Controls Ltd.,B,SBCL,INE386D01027
Gandhi Special Tubes Ltd.,B,GANDHITUBE,INE524B01027
Amforge Industries Ltd.,X,AMFORG,INE991A01020
ONIX SOLAR ENERGY LIMITED,X,ONIXSOLAR,INE173M01012
Oricon Enterprises Ltd.,B,ORICONENT,INE730A01022
Acrow (India) Ltd.,X,ACROW,INE950D01012
Steel Strips Infrastructures Limited,X,STLSTRINF,INE205F01016
Pennar Industries Ltd.,A,PENIND,INE932A01024
Jyoti Structures Ltd.,B,JYOTISTRUC,INE197A01024
Jay Ushin Ltd.,X,JAYUSH,INE289D01015
Steel Strips & Wheels Ltd,B,SSWL,INE802C01033
Man Industries (India) Ltd,B,MANINDS,INE993A01026
IMEC SERVICES LIMITED,X,IMEC,INE611C01020
Modern Steels Limited,X,MDRNSTL,INE001F01019
BELDING INDIA LIMITED,X,BELDING,INE363L01045
Gujarat Toolroom Ltd.,B,GUJTLRM,INE145J01032
Ajmera Realty & Infra India Limited,B,AJMERA,INE298G01035
Cochin Minerals & Rutile Ltd.,X,COCHINM,INE105D01013
India Homes Limited,XT,INDIAHOMES,INE072A01029
KRISHANVEER FORGE LIMITED,XT,KVFORGE,INE013J01016
Carborundum Universal Ltd.,A,CARBORUNIV,INE120A01034
MMTC Ltd.,B,MMTC,INE123F01029
Vallabh Steels ltd,X,VALLABHSQ,INE457E01016
P.M. Telelinnks Limited,XT,PMTELELIN,INE092C01015
Smiths & Founders (India) Limited,XT,SMFIL,INE728B01032
Bloom Industries Ltd,X,BLOIN,INE373E01015
Maitri Enterprises Limited,XT,MAITRI,INE501L01024
Shah Alloys Limited,B,SHAHALLOYS,INE640C01011
Elango Industries Ltd,XT,ELANGO,INE594D01018
Kanishk Steel Industries Ltd,X,KANSHST,INE791E01018
Simplex Castings Ltd.,X,SIMPLEXCAS,INE658D01029
Shree Steel Wire Ropes Ltd.,XT,SSWRL,INE387D01025
SIZEMASTERS TECHNOLOGY LIMITED,XT,SIZEMASTER,INE235U01012
Southern Magnesium And Chemicals Lt,X,SOUTHMG,INE308N01012
Baroda Extrusion Ltd.,X,BAROEXT,INE927K01023
Gujarat Containers Ltd.,P,GUJCONT,INE276I01011
Kalyani Forge Ltd.,B,KALYANIFRG,INE314G01014
Panchmahal Steel Ltd.,X,PANCHMAHQ,INE798F01010
Aditya Ispat Ltd.,X,ADITYA,INE570B01012
Steelcast Ltd.,B,STEELCAS,INE124E01038
PITTI ENGINEERING LIMITED,B,PITTIENG,INE450D01021
Glittek Granites Ltd.,XT,GLITTEKG,INE741B01027
Gujarat Natural Resources Limited,B,GNRL,INE207H01018
Tamilnadu Steel Tubes Ltd.,P,TNSTLTU,INE176E01012
Mardia Samyoung Capillary Tubes Co.,X,MSCTC,INE277E01026
Sharda Ispat Ltd.,X,SHRDAIS,INE385M01012
Mahamaya Steel Industries Limited,B,MAHASTEEL,INE451L01014
Nova Iron & Steel Ltd.,X,NOVIS,INE608C01026
Sterling Powergensys Limited,XT,STERPOW,INE067E01013
Hindustan Copper Ltd.,A,HINDCOPPER,INE531E01026
Tulsyan NEC Ltd,X,TULSYAN,INE463D01016
Axel Polymers Ltd.,X,AXELPOLY,INE197C01012
NLC India Limited,A,NLCINDIA,INE589A01014
KIC Metaliks Ltd.,XT,KAJARIR,INE434C01027
Solid Stone Company Ltd.,X,SOLIDSTON,INE584G01012
Shilp Gravures Ltd.,X,SHILGRAVQ,INE960A01017
White Organic Agro Limited,X,WHITEORG,INE146C01019
MFS Intercorp Limited,XT,MFSINTRCRP,INE614F01019
Aro Granite Industries Ltd.,B,AROGRANITE,INE210C01013
RUDRA ECOVATION LIMITED,X,RUDRAECO,INE723D01021
Rajkamal Synthetics Ltd.,X,RAJKSYN,INE376L01013
Deepak Spinners Ltd.,X,DEEPAKSP,INE272C01013
Loyal Textiles Mills Ltd,B,LOYALTEX,INE970D01010
Himatsingka Seide Ltd.,B,HIMATSEIDE,INE049A01027
BSL Ltd.,B,BSL,INE594B01012
NEWTRAC FOODS & BEVERAGES LIMITED,X,NEWTRAC,INE229N01010
P.B.M. Polytex Ltd.,X,PBMPOLY,INE501F01018
Adinath Textiles Ltd.,XT,ADINATH,INE207C01019
Suryalata Spinning Mills Ltd.,B,SURYALA,INE132C01027
Suryavanshi Spinning Mills Ltd.,XT,SURYVANSP,INE431C01023
T T Ltd,B,TTL,INE592B01024
WELSPUN LIVING LIMITED,A,WELSPUNLIV,INE192B01031
Indian Acrylics Ltd,X,INDIANACRY,INE862B01013
Ganesha Ecosphere Limited,B,GANECOS,INE845D01014
Ceeta Industries Ltd.,X,CEETAIN,INE760J01012
Vardhman Polytex Ltd.,B,VARDMNPOLY,INE835A01029
Rishabh Special Yarns Ltd,X,RISHYRN,INE351D01013
S & T Corporation Limited,XT,STCORP,INE110Q01023
Sumeet Industries Ltd,B,SUMEETINDS,INE235C01036
Ramgopal Polytex Ltd,X,RAMGOPOLY,INE410D01017
Sangam (India) Ltd,B,SANGAMIND,INE495C01010
TTL ENTERPRISES LIMITED,XT,TTLEL,INE664X01025
MKVENTURES CAPITAL LIMITED,X,MKVENTURES,INE874A01010
Kush Industries Limited,X,KUSHIND,INE979D01011
Sree chem Resins Ltd,P,SRECR,INE377C01010
Surbhi Industries Limited,XT,SURBHIN,INE899E01019
Seasons Textiles Ltd,X,SEASONST,INE707B01010
Zenith Fibres Limited,X,ZENIFIB,INE106C01013
Bhilwara Spinners Ltd,X,BHILSPIN,INE436C01014
VARVEE GLOBAL LIMITED,B,VGL,INE273D01027
Sanrhea Technical Textiles Ltd.,X,SANTETX,INE589J01015
Ashima Ltd,B,ASHIMASYN,INE440A01010
Pioneer Embroideries Ltd.,B,PIONEEREMB,INE156C01018
Vippy Spinpro Ltd.,X,VIPPYSP,INE660D01017
JAIHIND INDUSTRIES LIMITED,X,JAIHIND,INE156E01014
Raghuvir Synthetics Ltd.,X,RAGHUSYN,INE969C01022
Jattashankar Industries Limited,X,JATTAINDUS,INE722N01014
Kamadgiri Fashion Limited,XT,KAMADGIRI,INE535C01013
Omnitex Industries (India) Ltd.,XT,OMNITEX,INE814D01010
Patspin India Ltd.,X,PATSPINLTD,INE790C01014
ONE GLOBAL SERVICE PROVIDER LIMITED,X,ONEGLOBAL,INE670O01013
Neo Infracon Ltd.,X,NEOINFRA,INE216I01017
CCME GLOBAL LIMITED,XT,CCME,INE194N01016
Premier Polyfilm Ltd.,B,PREMIERPOL,INE309M01020
EVERLON FINANCIALS LIMITED,X,EVERFIN,INE339D01034
K&R RAIL ENGINEERING LIMITED,X,KRRAIL,INE078T01026
Yarn Syndicate Ltd.,X,YARNSYN,INE564C01013
Gujarat Cotex Ltd,XT,GUJCOTEX,INE004C01028
Garware Synthetics Ltd.,X,GARWSYN,INE340D01016
ECO HOTELS AND RESORTS LIMITED,XT,ECOHOTELS,INE638N01012
SARUP INDUSTRIES LIMITED,X,SARUPINDUS,INE305D01019
Oxford Industries ltd.,XT,OXFORDIN,INE114D01015
Hindustan Adhesives Ltd.,X,HINDADH,INE074C01013
Blue Pearl Agriventures Limited,B,BPAGRI,INE439N01031
Sri KPR Industries Ltd,X,SRIKPRIND,INE009C01019
Jyoti Resins & Adhesives Ltd,B,JYOTIRES,INE577D01013
Mahalaxmi Rubtech Ltd.,B,MHLXMIRU,INE112D01035
Southern Latex Ltd.,XT,SOUTLAT,INE410M01018
Oswal Yarns Ltd.,XT,OSWAYRN,INE670H01017
Winsome Textile Industries Ltd,X,WINSOMTX,INE837B01031
Modern Insulators Ltd.,XT,MODINSU,INE219W01012
Regency Ceramics Ltd,B,REGENCERAM,INE277C01012
Asahi India Glass Ltd.,A,ASAHIINDIA,INE439A01020
Murudeshwar Ceramics Ltd.,B,MURUDCERA,INE692B01014
Saint-Gobain Sekurit India Ltd.,X,SEKURITIND,INE068B01017
Anant Raj Limited,A,ANANTRAJ,INE242C01024
Madhusudan Industries Ltd.,X,MADHUDIN,INE469C01023
Restile Ceramics Ltd.,X,RESTILE,INE298E01022
Madhav Marbles & Granites Ltd.,B,MADHAV,INE925C01016
DUROPLY INDUSTRIES LIMITED,X,DUROPLY,INE932D01010
Shreyans Industries Limited.,B,SHREYANIND,INE231C01019
Agio Paper & Industries Limited,X,AGIOPAPER,INE112C01011
Star Paper Mills Ltd.,B,STARPAPER,INE733A01018
PAKKA LIMITED,B,PAKKA,INE551D01018
TAHMAR ENTERPRISES LIMITED,XT,TAHMARENT,INE385D01029
KS Smart Technologies Limited,X,KSSMART,INE737E01011
Vishnu Chemicals Limited,B,VISHNU,INE270I01022
Jumbo Bag ltd.,X,JUMBO,INE699D01015
N.R.Agarwal Industries Ltd.,B,NRAIL,INE740D01017
3P LAND HOLDINGS LTD.,B,3PLAND,INE105C01023
Sangal Papers Ltd.,X,SANPA,INE384D01022
Ventura Textiles Ltd.,X,VENTURA,INE810C01044
Shree Karthik Papers Ltd.,X,SHKARTP,INE538D01015
South India Paper Mills Ltd.,X,STHINPA,INE088G01014
FAMILY CARE HOSPITALS LIMITED,X,FAMILYCARE,INE146N01016
Vindhya Telelinks Ltd.,B,VINDHYATEL,INE707A01012
RIR POWER ELECTRONICS LIMITED,B,RIR,INE302D01024
Ador Welding Ltd.,B,ADOR,INE045A01017
International Data Managements Ltd.,XT,IDM,INE649R01010
Salzer Electronics Ltd.,B,SALZERELEC,INE457F01013
Jetking Infotrain Ltd.,X,JETKINGQ,INE919C01019
Ind-Agiv Commerce Ltd.,XT,INDAGIV,INE115E01010
Aplab Ltd.,XT,APLAB,INE273A01015
PCS Technology Ltd.,X,PCS,INE834B01012
Usha Martin Ltd.,A,USHAMART,INE228A01035
SPEL Semiconductor Ltd.,X,SPELS,INE252A01019
Subros Ltd.,B,SUBROS,INE287B01021
Edvenswa Enterprises Limited,XT,EDVENSWA,INE125G01014
Pervasive Commodities Limited,XT,PERVASIVE,INE443P01038
Honeywell Automation India Ltd.,A,HONAUT,INE671A01010
Switching Technologies Gunther Ltd.,XT,SWITCHTE,INE311D01017
Lumax Industries Ltd.,B,LUMAXIND,INE162B01018
AURIQUE LIMITED,XT,AURIQUE,INE766A01026
Calcom Vision Ltd.,X,CALCOM,INE216C01010
Dynavision Limited,X,DYNAVSN,INE083E01010
BCC Fuba India Ltd.,XT,BCCFUBA,INE788D01016
Precision Electronics Ltd.,XT,PRECISIO,INE143C01024
Fine-line Circuits Ltd.,XT,FINELINE,INE087E01011
HBL ENGINEERING LIMITED,A,HBLENGINE,INE292B01021
S & S Power Switchgears Ltd.,B,S&SPOWER,INE902B01017
RNIT AI SOLUTIONS LIMITED,X,RNITAI,INE335Q01026
Gujarat Poly Electronics Limited,XT,GUJARATPOLY,INE541F01022
Gujarat Industries Power Co. Ltd,B,GIPCL,INE162A01010
MAGNUS STEEL AND INFRA LIMITED,XT,MAGNUS,INE898E01011
Samvardhana Motherson International Limited,A,MOTHERSON,INE775A01035
Modern Malleables Limited,P,MODMA,INE834C01028
Mindteck (India) Ltd,B,MINDTECK,INE110B01017
Havells India Limited,A,HAVELLS,INE176B01034
ACI Infocom Ltd.,X,ACIIN,INE167B01025
SBEC Systems (Ind) Ltd.,X,SBECSYS,INE689V01018
Incap Ltd,XT,INCAP,INE437C01012
Gujarat Intrux Limited,X,GUJINTRX,INE877E01015
Igarashi Motors India Ltd.,B,IGARASHI,INE188B01013
Symphony Limited,B,SYMPHONY,INE225D01027
Pan Electronics India Ltd.,X,PANELEC,INE648E01010
VXL Instruments Ltd.,XT,VXLINSTR,INE756A01019
Lee & Nee Softwares (Exports) Ltd.,X,LEENEE,INE791B01014
Patels Airtemp (I) Ltd.,X,PATELSAI,INE082C01024
Butterfly Gandhimathi Appliances Limited,B,BUTTERFLY,INE295F01017
Integra Switchgear Ltd.,XT,INTEGSW,INE0IPL01018
Athena Global Technologies Limited,XT,ATHENAGLO,INE576B01019
Narmada Macplast Drip Irrigation Sy,XT,NARMP,INE060D01028
Dutron  Polymers Ltd.,X,DUTRON,INE940C01015
Magna Electro Castings Ltd.,XT,MAGNAELQ,INE437D01010
MARSONS LIMITED,B,MARSONS,INE415B01044
Elnet Technologies Ltd.,X,ELNET,INE033C01019
ACCEL LIMITED,X,ACCEL,INE258C01038
Websol Energy System Limited,A,WEBELSOLAR,INE855C01023
Roto Pumps Ltd.,B,ROTO,INE535D01037
TTK Prestige Ltd.,B,TTKPRESTIG,INE690A01028
D & H India Limited,X,DHINDIA,INE589D01018
Rajratan Global Wire Ltd,B,RAJRATAN,INE451D01029
Surana Telecom And Power Limited,B,SURANAT&P,INE130B01031
Onward Technologies Ltd.,B,ONWARDTEC,INE229A01017
Centum Electronics Ltd,B,CENTUM,INE320B01020
Alfa Transformers ltd.,XT,ALFATRAN,INE209C01015
NHC FOODS LIMITED,XT,NHCFOODS,INE141C01036
PVP Ventures Ltd,B,PVP,INE362A01016
Trigyn Technologies Ltd.,B,TRIGYN,INE948A01012
CLENON ENTERPRISES LIMITED,XT,CLENON,INE769B01028
KEI Industries Ltd.,A,KEI,INE878B01027
Keerthi Industries Ltd,X,KEERTHI,INE145L01012
Sri Chakra Cement Limited,X,SRICC,INE827D01020
Anjani Portland Cement Ltd.,B,APCL,INE071F01012
Prashant India Ltd,X,PRSNTIN,INE100E01012
Shah Foods Ltd,XT,SHAHFOOD,INE455D01012
Khandelwal Extraction Ltd.,XT,ZKHANDEN,INE687W01010
Tasty Bite Eatables Ltd.,B,TASTYBITE,INE488B01017
Ritesh International Ltd,X,RITESHIN,INE534D01014
AVT Natural Products Ltd.,B,AVTNPL,INE488D01021
Hindustan Foods Ltd.,B,HNDFDS,INE254N01026
Nahar Industrial Enterprises Ltd,B,NAHARINDUS,INE289A01011
Vadilal Enterprises Ltd.,X,VADILENT,INE693D01018
Vadilal Industries Ltd.,B,VADILALIND,INE694D01016
Ashiana Agro Industries Ltd,XT,ASHAI,INE709D01012
ADF Foods Limited.,B,ADFFOODS,INE982B01027
Williamson Financial Services ltd.,X,WILLIMFI,INE188E01017
Ajanta Soya Limited,X,AJANTSOY,INE601B01023
William Magor & Company Limited,B,WILLAMAGOR,INE210A01017
KISAAN PARIVAR INDUSTRIES LIMITED,X,KISAAN,INE102C01020
Superior Industrial Enterprises Limited,X,SIEL,INE843L01012
Saptarishi Agro Industries Ltd,X,SPTRSHI,INE233P01017
Sarda Proteins Ltd,XT,SRDAPRT,INE995U01011
Prima Agro Ltd.,X,PRIMAGR,INE297D01018
Madhur Industries Limited,XT,MADHURIND,INE110C01015
Modern Dairies Ltd.,X,MODAIRY,INE617B01011
Bambino Agro Industries Ltd,X,BAMBINO,INE921D01013
Prime Industries Ltd.,X,PRIMIND,INE543F01028
VSF Projects Limited,X,VSFPROJ,INE923K01014
Poona Dal And Oil Industries Ltd.,X,POONADAL,INE809E01018
Transglobe Foods Ltd.,X,TRANSFD,INE213P01027
Anik Industries Limited,B,ANIKINDS,INE087B01017
Sharat Industries Ltd.,B,SHINDL,INE220Z01013
DATIWARE MARITIME INFRA LIMITED,P,DATIWARE,INE673U01014
KMG Milk Food Limited,P,KMGMILK,INE873N01015
KSE Ltd.,X,KSE,INE953E01022
Pioneer Agro Extracts ltd.,XT,PIONAGR,INE062E01014
Virat Crane Industries Ltd,X,VIRATCRA,INE295C01014
IB Infotech Enterprises Ltd,XT,IBINFO,INE678B01039
Ambar Protein Industries Limited,X,AMBARPIL,INE072V01017
Chordia Food Products Ltd,X,CHORDIA,INE975C01011
Omega Ag-Seeds (Punjab) ltd.,X,OMEAG,INE112B01013
Tai Industries Ltd.,XT,TAIIND,INE358D01018
N.K.Industries Ltd.,B,NKIND,INE542C01019
BKV Industries Ltd.,X,BKV,INE356C01022
NCC Bluewater Products Ltd.,P,NCCBLUE,INE630N01019
Norben Tea & Exports Ltd,B,NORBTEAEXP,INE369C01017
Asian Tea & Exports Ltd.,X,ASIANTNE,INE822B01017
Heritage Foods Limited,B,HERITGFOOD,INE978A01027
Simran Farms Ltd.,X,SIMRAN,INE354D01017
Hindustan Agrigenetics Ltd.,X,HINDUST,INE092301014
CCL Products (India) Ltd.,A,CCL,INE421D01022
Kellton Tech Solutions Ltd.,B,KELLTONTEC,INE164B01030
Suryo Foods & Industries Ltd.,X,SURFI,INE565E01016
Integrated Proteins Ltd.,XT,INTEGFD,INE177M01013
LAKE SHORE REALTY LIMITED,X,LAKESHORE,INE734D01010
RICO Auto Industries Ltd.,B,RICOAUTO,INE209B01025
Munjal Showa Ltd.,B,MUNJALSHOW,INE577A01027
Jamna Auto Industries Ltd.,A,JAMNAAUTO,INE039C01032
TVS Holdings Limited,A,TVSHLTD,INE105A01035
JTEKT India Limited,B,JTEKTINDIA,INE643A01035
Munjal Auto Industries Ltd.,B,MUNJALAU,INE672B01032
Jay Bharat Maruti Ltd.,B,JAYBARMARU,INE571B01036
RACL Geartech Limited,B,RACLGEAR,INE704B01017
Samkrg Pistons and Rings Ltd.,X,SAMKRG,INE706B01012
East Coast Steel Ltd,P,ECSTSTL,INE315F01013
Sical Logistics Limited,B,SICALLOG,INE075B01020
Ratnamani Metals & Tubes Ltd,A,RATNAMANI,INE703B01027
Vesuvius India Ltd.,A,VESUVIUS,INE386A01023
Automotive Stampings and Assemblies Ltd.,B,ASAL,INE900C01027
Arcee Indusrtries ltd.,XT,ARCEEIN,INE276D01012
ABC India Ltd.,X,ABCINDQ,INE125D01011
Balurghat Technologies Ltd.,X,BALTE,INE654B01014
Coastal Roadways Ltd.,P,COARO,INE229E01019
Sibar Auto Parts Ltd.,X,SIBARAUT,INE441C01014
Starlog Enterprises Limited,X,STARLOG,INE580C01019
Shiva Suitings Ltd.,P,SHVSUIT,INE02Z901011
TITAN INTECH LIMITED,X,TITANIN,INE807M01031
Indo Count Industries Ltd,A,ICIL,INE483B01026
Soma Textile & Industries Ltd,B,SOMATEX,INE314C01013
Source Industries (India) Ltd,XT,SOURCEIND,INE695C01015
Advance Lifestyles Ltd.,X,ADVLIFE,INE900E01015
Kakatiya Textiles Ltd.,X,KAKTEX,INE092E01011
Perfect-Octave Media Projects Ltd,X,OCTAVE,INE814L01013
Trident Ltd,A,TRIDENT,INE064C01022
Hisar Spinning Mills Ltd,P,HISARSP,INE689E01014
Alok Industries Ltd.,A,ALOKINDS,INE270A01029
Pasari Spinning Mills Ltd.,X,PASARI,INE604F01010
Amarjothi Spinning Mills Ltd,X,AMARJOTHI,INE484D01012
Olympia Industries Ltd.,X,OLYMPTX,INE482O01021
Nagreeka Exports Ltd.,B,NAGREEKEXP,INE123B01028
Suditi Industries Ltd.,X,SUDTIND-B,INE691D01012
Shree Bhavya Fabrics Limited,X,SBFL,INE363D01018
Gem Spinners India Ltd,P,GEMSPIN,INE165F01020
Eureka Industries Ltd.,XT,EUREKAI,INE958A01011
Aditya Spinners Ltd.,X,ADITYASP,INE122D01026
Prime Urban Development India Ltd,X,PRIMEURB,INE419E01024
Dhanlaxmi Fabrics Ltd.,X,DHANFAB,INE953D01016
Sri Lakshmi Saraswathi Textiles (Ar,X,SLSTLQ,INE456D01010
Zodiac Clothing Co. Ltd.,B,ZODIACLOTH,INE206B01013
MAXGROW INDIA LIMITED,XT,MAXGROW,INE485D01043
Sri Ramakrishna Mills (Coimbatore) Ltd.,XT,SRMCL,INE306D01017
United Textiles Ltd.,XT,UNITEDTE,INE727E01012
SIL Investments Ltd,B,SILINV,INE923A01015
Suryalakshmi Cotton Mills Ltd.,B,SURYALAXMI,INE713B01026
Samtex Fashions Ltd.,X,SAMTEX,INE931D01020
Cityman Limited,X,CITYMAN,INE117C01010
Dhanalaxmi Roto Spinners Ltd.,X,DHANROTO,INE220C01012
Sanblue Corporation Limited,XT,SANBLUE,INE602D01027
Uniroyal Industries Ltd,X,UNIROYAL,INE980D01019
Tatia Global Vennture Limited,X,TATIAGLOB,INE083G01031
Sunil Industries Ltd.,P,SUNILTX,INE124M01015
Sri Nachammai Cotton Mills Ltd.,X,SRINACHA,INE443E01016
BHARAT GLOBAL DEVELOPERS LIMITED,B,BGDL,INE893C01032
Sambandam Spinning Mills Ltd.,X,SAMBANDAM,INE304D01012
Kandagiri Spinning Mills Ltd.,XT,KANDAGIRI,INE292D01019
MKP Mobility Limited,X,MKPMOB,INE676G01024
Paras Petrofils Ltd.,B,PARASPETRO,INE162C01024
Kitex Garmenets Ltd.,A,KITEX,INE602G01020
Cranex Ltd.,XT,CRANEX,INE608B01010
Batliboi Ltd,B,BATLIBOI,INE177C01022
Austin Engineering Co. Ltd.,X,AUSTENG,INE759F01012
Fluidomat Ltd.,X,FLUIDOM,INE459C01016
Ema India Ltd.,XT,EMAINDIA,INE279D01016
Windsor Machines Limited,B,WINDMACHIN,INE052A01021
Shanthi Gears Ltd.,B,SHANTIGEAR,INE631A01022
Miven Machine Tools Ltd.,X,MIVENMACH,INE338P01014
HONDA INDIA POWER PRODUCTS LIMITED,B,HONDAPOWER,INE634A01018
Elgi Equipments Ltd.,A,ELGIEQUIP,INE285A01027
United Van Der Horst Ltd.,XT,UVDRHOR,INE890G01047
Kilburn Engineering Ltd,B,KLBRENG-B,INE338F01015
Birla Precision Technologies Ltd,B,BIRLAPREC,INE372E01025
Yuken India Ltd.,B,YUKEN,INE384C01016
Timken India Ltd,A,TIMKEN,INE325A01013
Voith Paper Fabrics India Ltd,X,VOITHPAPR,INE285C01015
ARTSON LIMITED,XT,ARTSON,INE133D01023
Solitaire Machine Tools Ltd,X,SOLIMAC,INE410A01013
Diamond Power Infrastructure Limited,B,DIACABS,INE989C01038
Indsil Hydro Power and Manganese Limited,X,INDSILHYD,INE867D01018
TMT (India) ltd.,XT,TMTIND-B1,INE182E01010
ITL Industries Ltd.,X,ITL,INE478D01014
Frontier Springs Ltd.,B,FRONTSP,INE572D01014
Praj Industries Ltd.,A,PRAJIND,INE074A01025
Rasandik Engg. Industries India Ltd,X,RASANDIK,INE682D01011
Yogi Sung-won (India) Ltd.,X,YOGISUNG,INE429B01011
HLE GLASCOAT LIMITED,B,HLEGLAS,INE461D01028
Gujarat Apollo Industries Ltd.,B,GUJAPOLLO,INE826C01016
Taneja Aerospace & Aviation Ltd.,X,TANAA,INE692C01020
Conart Engineers Ltd.,X,CONART,INE714D01020
Minal Industries Limited,X,MINALIND,INE097E01028
Shivagrico Implements Ltd.,X,SHIVAGR,INE092H01014
M.M.Forgings Ltd.,B,MMFL,INE227C01017
Iykot Hitech Toolroom Ltd,XT,IYKOTHITE,INE079L01013
Mayur Uniquoters ltd.,B,MAYURUNIQ,INE040D01038
Cenlub Industries Ltd.,X,CENLUB,INE627F01011
Dolphin Offshore Enterprises (India) ltd.,B,DOLPHIN,INE920A01037
Veejay Lakshmi Engineering Works Lt,X,VJLAXMIE,INE466D01019
Ahmedabad Steelcraft Ltd.,X,AHMDSTE,INE868C01018
GE Vernova T&D India Limited,A,GVT&D,INE200A01026
Ram Ratna Wires Ltd.,B,RAMRAT,INE207E01023
Jayaswal Neco Industries Ltd,A,JAYNECOIND,INE854B01010
KALPATARU PROJECTS INTERNATIONAL LIMITED,A,KPIL,INE220B01022
NMS GLOBAL LIMITED,X,NMSGLOBAL,INE169F01014
CANDOUR TECHTEX LIMITED,X,CANDOUR,INE713D01055
T & I Global Ltd.,X,TIGLOB,INE811B01010
CONTROL PRINT LIMITED,B,CONTROLPR,INE663B01015
Bemco Hydraulics Ltd.,X,BEMHY,INE142E01022
Ansal Buildwell Ltd.,X,ANSALBU,INE030C01015
Weizmann Limited.,B,WEIZMANIND,INE080A01014
B.N.Rathi Securities Ltd.,X,BNRSEC,INE710D01028
Rishi Techtex Limited,X,RISHITECH,INE989D01010
SINCLAIRS HOTELS LIMITED,B,SINCLAIR,INE985A01022
Safari Industries (India) Ltd.,A,SAFARI,INE429E01023
A.D.S. Diagnostics Ltd.,Y,ADSDIAG,-
Binayak Tex Processors  Ltd.,XT,ZBINTXPP,INE626H01019
J.J. Finance Corporation Ltd.,X,JJFINCOR,INE584C01011
Cosmo Ferrites Ltd.,XT,COSMOFE,INE124B01018
Futuristic Securities Ltd,X,FUTURSEC,INE425D01015
Sanco Trans Ltd.,X,SANCTRN,INE391G01012
THRIVE FUTURE HABITATS LIMITED,X,THRIVE,INE628D01014
EIH Associated Hotels Ltd.,B,EIHAHOTELS,INE276C01014
Medi-Caps Ltd.,X,MEDICAPQ,INE442D01010
Otco International Ltd,XT,OTCO,INE910B01028
FOSECO CRUCIBLE INDIA LIMITED,X,FOSECOC,INE599F01020
B&A Packaging India Limited,X,BAPACK,INE00FM01013
Kokuyo Camlin Ltd,B,KOKUYOCMLN,INE760A01029
SRM Energy Limited,XT,SRMENERGY,INE173J01018
Bharat Seats Ltd,B,BHARATSE,INE415D01024
Continental Petroleums Ltd.,X,CONTPTR,INE369D01023
N.B. Footwear Ltd.,P,NBFOOT,INE006F01018
Machino Plastics Ltd,X,MACPLASQ,INE082B01018
Venky's (India) ltd.,B,VENKEYS,INE398A01010
Advani Hotels & Resorts (India) Ltd.,B,ADVANIHOTR,INE199C01026
G.V. Films  Ltd.,XT,GVFILM,INE395B01048
Superhouse limited,B,SUPERHOUSE,INE712B01010
Rama Vision Ltd,X,RAMAVISION,INE763B01013
TCPL Packaging Limited,B,TCPLPACK,INE822C01015
Shri Gang Industries & Allied Products Limited,X,SHRIGANG,INE241V01018
Purity Flex Pack Ltd,P,PURITY,INE898O01010
BALMER LAWRIE AND COMPANY LIMITED,B,BALMLAWRIE,INE164A01016
Kovai Medical Center & Hospital Ltd,B,KOVAI,INE177F01017
Eldeco Housing & Ind. Ltd.,B,ELDEHSG,INE668G01021
Microse India Limited,XT,MICROSE,INE809F01015
Standard Shoe Sole and Mould (India) Ltd,P,STDSHOE,INE888N01013
DCM Shriram Limited,A,DCMSHRIRAM,INE499A01024
DCM Shriram Industries Ltd.,B,DCMSRIND,INE843D01027
Mini Diamonds (India) Ltd.,X,MINID,INE281E01028
Maha Rashtra Apex Corporation Ltd,B,MAHAPEXLTD,INE843B01013
Nilkamal Limited,B,NILKAMAL,INE310A01015
HOMRE LIMITED,XT,HOM,INE982C01033
Nahar Polyfilms Ltd.,B,NAHARPOLY,INE308A01027
3M India Ltd.,A,3MINDIA,INE470A01017
BOSCH HOME COMFORT INDIA LIMITED,B,BOSCH-HCIL,INE782A01015
JM Financial Limited,A,JMFINANCIL,INE780C01023
ADC India Communications Limited,XT,ADCINDIA,INE833A01016
Tamilnadu Telecommunications Ltd.,B,TNTELE,INE141D01018
Sunraj Diamond Exports Ltd.,XT,SUNRAJDI,INE459D01014
Reliance Industrial Infrastructure,B,RIIL,INE046A01015
Sharp India Ltd,XT,SHARP,INE207B01011
Linde India Limited,A,LINDEINDIA,INE473A01011
Ind Bank Housing Ltd,B,INDBNK,INE969D01012
Jai Mata Glass Ltd.,XT,JAIMATAG,INE250C01027
Lotus Chocolate Co. Ltd.,B,LOTUSCHO,INE026D01011
Pacific Industries ltd.,X,PACIFICI,INE883C01025
Chennai Meenakshi Multispeciality Hospital Ltd.,X,CMMHOSP,INE889F01017
Universal Office Automation Limited,XT,UNIOFFICE,INE951C01012
APM Industries Ltd.,X,APMIN,INE170D01025
Precision Wires India ltd.,B,PRECWIRE,INE372C01037
Krypton Industries Ltd,X,KRYPTONQ,INE951B01014
SWISS MILITARY CONSUMER GOODS LIMITED,X,SWISSMLTRY,INE010C01025
Martin Burn Ltd,X,MARBU,INE199D01016
Indian Toners & Developers Ltd.,X,INDTONER,INE826B01026
Kunststoffe Industries Ltd.,X,KUNSTOFF,INE638D01021
Shipping Corporation Of India Ltd,A,SCI,INE109A01011
Sika Interplant Systems Ltd.,B,SIKA,INE438E01032
ITI Limited (Indian Teleph.Ind.Ltd),B,ITI,INE248A01017
Dredging Corporation of India Ltd.,B,DREDGECORP,INE506A01018
Phaarmasia Limited.,X,PHRMASI,INE486I01016
National Fertilizers Ltd.,B,NFL,INE870D01012
IP Rings Ltd.,X,IPRINGLTD,INE558A01019
PI Industries Limited,A,PIIND,INE603J01030
Plastiblends India Ltd.,B,PLASTIBLEN,INE083C01022
YASH INNOVENTURES LIMITED,X,YASHINNO,INE823D01011
Kkalpana Plastick Limited,XT,KKPLASTICK,INE465K01016
Waterbase Limited,X,WATERBASE,INE054C01015
Flex Foods Ltd.,X,FLEXFO,INE954B01018
Golkunda Diamonds & Jewellery Ltd.,X,GOLKUNDIA,INE798D01015
Apcotex Industries Limited,B,APCOTEXIND,INE116A01032
Fortis Malar Hospitals Limited,X,FORTISMLR,INE842B01015
Mastek Limited,A,MASTEK,INE759A01021
EIMCO Elecon India Ltd.,B,EIMCOELECO,INE158B01016
SAYAJI HOTELS LIMITED,B,SAYAJIHOTL,INE318C01014
JMG Corporation Ltd,XT,JMGCORP,INE745F01011
Ashiana Housing Limited,B,ASHIANA,INE365D01021
Svam Software Ltd,X,SVAMSOF,INE119B01018
Ecoboard Industries Ltd,X,ECOBOAR,INE866A01016
Dhunseri Ventures Limited,B,DVL,INE477B01010
TRANS INDIA HOUSE IMPEX LIMITED,XT,TIHIL,INE502D01011
MAHINDRA EPC IRRIGATION LIMITED,B,MAHEPC,INE215D01010
Mitshi India Limited,X,MITSHI,INE844D01017
Shukra Jewellers Limited,P,SHUKJEW,INE344E01016
Sovereign Diamonds Ltd,X,SOVERDIA,INE959D01013
Mukat Pipes Limited,XT,MUKATPIP,INE862C01029
Gujarat Raffia Ind. Ltd.,B,GUJRAFFIA,INE610B01024
Simplex Infrastructures Limited,B,SIMPLEXINF,INE059B01024
Innovative Tech Pack Ltd,X,INNOVTEC,INE965C01038
Super Tannery Limited,X,SUPTANERY,INE460D01038
CONSTRONICS INFRA LIMITED,X,CONSTRONIC,INE537B01011
Axtel Industries Ltd.,X,AXTEL,INE767C01012
GRAND OAK CANYONS DISTILLERY LIMITED,B,GRANDOAK,INE926B01016
East India Drums and Barrels Manufacturing Limited,XT,EASTINDIA,INE191C01023
MEGAMONT LIMITED,XT,MEGAMONT,INE317D01014
AVI PRODUCTS INDIA LIMITED,XT,APIL,INE316O01021
POONAWALLA FINCORP LIMITED,A,POONAWALLA,INE511C01022
Kingfa Science & Technology (India) Ltd,B,KINGFA,INE473D01015
Patidar Buildcon Limited,X,PATIDAR,INE637N01014
Rama Phosphates Ltd.,B,RAMAPHO,INE809A01032
Venlon Enterprises Ltd.,X,VENLONENT,INE204D01022
Pet Plastics Ltd.,XT,PETPLST,INE704F01018
Polyplex Corporation Ltd.,B,POLYPLEX,INE633B01018
Panther Industrial Products Ltd.,XT,PANIDPR,INE181D01014
Albert David Ltd.,B,ALBERTDAVD,INE155C01010
Haryana Leather Chemicals Ltd.,X,HARLETH,INE681F01018
CARYSIL LIMITED,B,CARYSIL,INE482D01024
Kabra Extrusion Technik Ltd,B,KABRAEXTRU,INE900B01029
Vinyl Chemicals (India) Ltd.,B,VINYLINDIA,INE250B01029
Pee Cee Cosma Sope Ltd.,X,PCCOSMA,INE417E01010
TCM Ltd.,X,TCMLMTD,INE034F01010
IOL Chemicals & Pharmaceuticals Ltd,B,IOLCP,INE485C01029
Kesar Petroproducts Ltd,X,KESARPE,INE133C01033
Vinati Organics Ltd.,A,VINATIORGA,INE410B01037
Lactose (India) Ltd.,X,LACTOSE,INE058I01013
Teesta Agro Industries Ltd,X,TEEAI,INE757D01011
Aarti Industries Ltd,A,AARTIIND,INE769A01020
Pentokey Organy (India) Ltd.,X,PNTKYOR,INE702E01015
Wanbury Limited,B,WANBURY,INE107F01022
Resonance Specialties Limited,XT,RESONANCE,INE486D01017
Gujarat Ambuja Exports Ltd.,B,GAEL,INE036B01030
Rashtriya Chemicals & Fertilizers Limited,A,RCF,INE027A01015
Gujarat Inject (Kerala) Ltd.,XT,GUJINJEC,INE659F01022
Aimco Pesticides Ltd.,X,AIMCOPEST,INE008B01013
Gujarat Terce Laboratories Ltd,X,GUJTERC,INE499G01013
Kabra Drugs Ltd,X,KABRADG,INE323K01017
Jayant Agro-Organics Limited.,B,JAYAGROGN,INE785A01026
BCL INDUSTRIES LIMITED,B,BCLIND,INE412G01024
Shree Hari Chemicals Export Ltd.,X,SHHARICH,INE065E01017
Indo Borax & Chemicals Ltd.,B,INDOBORAX,INE803D01021
Aarti Drugs Limited,B,AARTIDRUGS,INE767A01016
Orchid Pharma Limited,B,ORCHPHARMA,INE191A01027
Vimta Labs Ltd.,B,VIMTALABS,INE579C01029
Biofil Chemicals & Pharmaceuticals,B,BIOFILCHEM,INE829A01014
Ishita Drugs & Industries Ltd.,X,ISHITADR,INE806D01016
Marksans Pharma Ltd.,A,MARKSANS,INE750C01026
Universal Starch-Chem Allied Ltd.,XT,UNIVSTAR,INE113E01015
Norris Medicines Ltd.,X,NORRIS,INE744C01029
Asian Petroproducts & Exports Ltd.,X,ASINPET,INE810M01019
Camex  Ltd.,X,CAMEXLTD,INE198C01010
EVEXIA LIFECARE LIMITED,XT,EVEXIA,INE313M01030
Indo Euro Indchem Limited,X,INDOEURO,INE319N01019
Syncom Formulations (India) Ltd.,B,SYNCOMF,INE312C01025
Riddhi Siddhi Gluco Biols Ltd,XT,RIDDHI,INE249D01019
SVC INDUSTRIES LIMITED,X,SVCIND,INE038B01010
Ipca Laboratories Ltd.,A,IPCALAB,INE571A01038
Raaj Medisafe India Limited,P,RAAJMEDI,INE548H01015
REVATI MEDIA LIMITED,XT,REVAMEDIA,INE270D01015
Coral Laboratories Ltd.,XT,CORALAB,INE683E01017
Bacil Pharma Ltd.,X,BACPHAR,INE711D01018
Krebs Biochemicals & Industries Ltd.,B,KREBSBIO,INE268B01013
KMC Speciality Hospitals India Limited,B,KMCSHIL,INE879K01018
Laffans Petrochemicals Ltd.,X,LAFFANSQ,INE919B01011
Bhaskar Agrochemicals Ltd.,X,BHASKAGR,INE972C01018
Sukhjit Starch & Chemicals Ltd.,B,SUKHJITS,INE450E01029
Sharma East India Hospitals And Res,X,SHARMEH,INE465H01012
Neuland Laboratories Limited.,A,NEULANDLAB,INE794A01010
Gayatri BioOrganics Ltd,X,GAYATRIBI,INE052E01015
Poddar Pigments Ltd.,B,PODDARMENT,INE371C01013
Pharmaids Pharmaceuticals Ltd.,X,PHARMAID,INE117D01018
Vivid Global Industries Limited,X,VIVIDIND,INE737C01023
Priya Limited.,X,PRIYALT,INE686C01014
Tirupati Starch & Chemicals Ltd.,X,TIRUSTA,INE314D01011
Hemo Organic Limited,XT,HEMORGANIC,INE422G01015
JAYSYNTH ORGOCHEM LIMITED,X,JAYSYNTH,INE263B01022
Aeonx Digital Technology Limited,X,AEONXDIGI,INE994D01010
BANDARAM PHARMA PACKTECH LIMITED,X,BANDARAM,INE875N01036
ADLINE CHEM LAB LIMITED,P,ADLINE,INE276T01018
Beryl Drugs Ltd.,X,BERLDRG,INE415H01017
IEL LIMITED,X,INDXTRA,INE056E01024
iStreet Network Limited,X,ISTRNETWK,INE532B01020
Gagan Gases Ltd.,XT,GAGAN,INE076D01016
Parker Agro Chem Export Ltd.,X,PARKERAC,INE750B01010
Shukra Pharmaceuticals Limited,B,SHUKRAPHAR,INE551C01044
Alufluoride  Ltd.,X,ALUFLUOR,INE058F01019
OXYGENTA PHARMACEUTICAL LIMITED,X,OXYGENTAPH,INE102E01018
Archit Organosys Limited,XT,ARCHITORG,INE078I01011
Natural Capsules Ltd.,B,NATCAPSUQ,INE936B01015
Welcure Drugs & Pharmaceuticals ltd,X,WELCURE,INE331C01025
Bharat Immunologicals & Biologicals,B,BIBCL,INE994B01014
Savita Oil Technologies Limited,B,SOTL,INE035D01020
Hester Biosciences Ltd,B,HESTERBIO,INE782E01017
Kabsons Industries Ltd.,X,KABSON,INE645C01010
Basant Agro-Tech (India) Ltd.,X,BASANTGL,INE473E01021
Sandu Pharmaceuticals Ltd.,X,SANDUPHQ,INE751D01014
NACL Industries Limited,B,NACLIND,INE295D01020
Vista Pharmaceuticals Ltd.,X,VISTAPH,INE427C01021
Sun Pharmaceutical Industries Ltd.,A,SUNPHARMA,INE044A01036
Titan Bio-Tech Ltd.,XT,TITANBIO,INE150C01029
Arvaya Healthcare Limited,XT,ARVAYA,INE491D01017
Span Divergent Limited,X,SDL,INE004E01016
Jenburkt Pharmaceuticals Ltd.,X,JENBURPH,INE354A01013
Hikal Ltd.,B,HIKAL,INE475B01022
Caplin Point Laboratories Ltd.,A,CAPLIPOINT,INE475E01026
FISCHER MEDICAL VENTURES LIMITED,B,FISCHER,INE771F01041
Link Pharma Chem Ltd.,X,LINKPH,INE302F01011
DECIPHER LABS LIMITED,X,DECIPHER,INE643N01012
Emmessar Biotech & Nutrition Ltd.,X,EMMESSA,INE634B01016
NGL Fine Chem Ltd.,B,NGLFINE,INE887E01022
Everest Organics Ltd.,X,EVERESTO,INE334C01029
Aurobindo Pharma Ltd.,A,AUROPHARMA,INE406A01037
Phyto Chem (India) Ltd.,X,PHYTO,INE037C01010
Natco Pharma Ltd.,A,NATCOPHARM,INE987B01026
Dynamic Industries Ltd.,X,DYNAMIND,INE457C01010
Panama Petrochem Ltd.,B,PANAMAPET,INE305C01029
Bal Pharma Ltd.,B,BALPHARMA,INE083D01012
BDH Industries Ltd.,X,BDH,INE278D01018
Jauss Polymers Ltd,X,JAUSPOL,INE593O01017
Globus Constructors & Developers Limited,X,GLOBUSCON,INE064L01015
Cubex Tubings Ltd,B,CUBEXTUB,INE144D01012
Polymechplast Machines Ltd.,X,POLYCHMP,INE809B01014
STELLANT SECURITIES (INDIA) LIMITED,XT,STELLANT,INE395F01023
Galaxy Bearings Ltd.,XT,GALXBRG,INE020S01012
Rekvina Laboratories Ltd,XT,VINRKLB,INE092O01028
SC Agrotech Limited,XT,SCAGRO,INE895E01017
Ravileela Granites Limited,XT,RALEGRA,INE427E01027
Uniroyal Marine Exports Ltd.,X,UNRYLMA,INE602H01010
Karan Woo-sin ltd.,X,KARANWO,INE327D01013
Shervani Industrial syndicate Ltd,X,SHERVANI,INE011D01013
Supertex Industries Ltd,X,SUPERTEX,INE881B01054
Shetron Ltd.,X,SHETR,INE278C01010
Transgene Biotek Ltd.,X,TRABI,INE773D01018
MPL Plastics Limited,X,MPL,INE343A01016
Nikhil Adhesives Ltd.,X,NIKHILAD,INE926C01022
Spenta International Ltd.,X,SPENTA,INE175C01018
Multibase India Ltd,X,MULTIBASE,INE678F01014
Andrew Yule & Company Ltd,B,ANDREWYU,INE449C01025
Ludlow Jute & Specialities Ltd,XT,LUDLOWJUT,INE983C01015
Ashram Online.com Ltd,X,ASHRAM,INE293C01019
Royal Cushion Vinyl Products Ltd.,X,ROYALCU,INE618A01011
Suraj Industries Limited.,XT,SURJIND,INE170U01011
Bloom Dekor Ltd.,X,BLOOM,INE253C01013
Filatex India Ltd.,B,FILATEX,INE816B01035
Standard Surfactants Ltd.,X,STDSFAC,INE307D01015
Morgan Ventures Ltd.,X,MORGAN,INE902C01015
Amrapali Industries Ltd,XT,AMRAPLIN,INE762C01021
Premier Explosives Ltd.,A,PREMEXPLN,INE863B01029
Mid East Portfolio Management Ltd.,XT,MIDEASTP,INE033E01015
Mold-Tek Technologies Ltd,B,MOLDTECH,INE835B01035
Crestchem Ltd.,XT,CRSTCHM,INE293N01016
Mphasis Limited,A,MPHASIS,INE356A01018
DIVYASHAKTI LIMITED,X,DIVSHKT,INE410G01010
Orient Press ltd.,B,ORIENTLTD,INE609C01024
Advance Multitech Ltd.,XT,ADVMULT,INE875S01019
Shreyas Intermediates Ltd.,X,SHREYASI,INE115F01017
Panjon Ltd.,X,PANJON,INE744D01019
Duropack Ltd,X,DUROPACK,INE138B01018
SWARNSARITA JEWELS INDIA LIMITED,X,SWARNSAR,INE967A01012
GANESH HOUSING LIMITED,B,GANESHHOU,INE460C01014
NMDC Ltd,A,NMDC,INE584A01023
Cindrella Hotels Ltd.,X,CINDHO,INE908C01012
Alphageo (India)Ltd.,B,ALPHAGEO,INE137C01018
HAMPTON SKY REALTY LIMITED,X,HAMPTON,INE299D01022
Kkalpana Industries (India) Ltd,X,KKALPANAIND,INE301C01028
OK Play India Ltd.,XT,OKPLA,INE870B01024
Welterman International Ltd.,XT,WELTI,INE662D01013
ASM Technologies Ltd.,B,ASMTEC,INE867C01010
Perfectpac Limited,X,PERFEPA,INE759I01024
Ambitious Plastomac Ltd.,X,AMBIT,INE267C01013
Vision Cinemas Limited,XT,VISIONCINE,INE515B01025
Artificial Electronics Intelligent Material Limited,X,AEIM,INE072B01027
Indrayani Biotech Ltd.,X,INDRANIB,INE007C01021
Euro Leder Fashion Ltd.,X,EUROLED,INE940E01011
Winsome Breweries Ltd.,X,WINSOMBR,INE391C01011
Elegant Floriculture & Agrotech (In,X,ELEFLOR,INE152E01013
South Asian Enteprises Ltd.,XT,SAENTER,INE118B01010
Sky Industries Ltd,X,SKYIND,INE765B01018
Phoenix International Ltd.,X,PHOENXINTL,INE245B01011
BHUDEVI INFRA PROJECTS LIMITED,XT,BHUDEVI,INE432N01010
Pratik Panels Ltd.,X,PRATIK,INE206C01029
Rishiroop Limited,X,RISHIROOP,INE582D01013
Promact Plastics Limited,X,PROMACT,INE818D01011
Sterling Green  Woods  Limited,X,STRGRENWO,INE398F01019
Dolphin Medical Services Ltd.,X,DOLPHMED,INE796B01013
Shahi Shipping Limited,X,SHAHISHIP,INE825D01016
Alpine Housing Development Corporat,X,ALPINEHOU,INE840D01015
WORLDWIDE ALUMINIUM LIMITED,X,WWALUM,INE550D01010
IIRM HOLDINGS INDIA LIMITED,XT,IIRM,INE670C01026
Square Four Projects India Limited,X,SFPIL,INE716K01020
SGL RESOURCES LIMITED,XT,SGLRES,INE967B01028
Choksi Laboratories Ltd.,XT,CHOKSILA,INE493D01013
Country Club Hospitality & Holidays Ltd,B,CCHHL,INE652F01027
Salguti Industries Ltd.,X,SALGUTI,INE159C01012
MIDWEST ENERGY LIMITED,B,REMAGNET,INE519N01014
Enterprise International Limited,X,ENTRINT,INE439G01019
TPL Plastech Limited,B,TPLPLASTEH,INE413G01022
Photoquip India Ltd.,X,PHOTOQUP,INE813B01016
Liberty Shoes Ltd.,B,LIBERTSHOE,INE557B01019
Lippi Systems Ltd.,XT,LIPPISYS,INE845B01018
Electrotherm (India) Ltd,B,ELECTHERM,INE822G01016
Blue Dart Express Ltd.,A,BLUEDART,INE233B01017
EXPO ENGINEERING AND PROJECTS LIMITED,X,EXPOEAPL,INE561D01025
National Plastic Industries Ltd.,X,NATPLAS,INE233D01013
MFL India Ltd,X,MFLINDIA,INE244C01020
Ajwa Fun World & Resorts Ltd,P,AJWAFUN,INE863E01015
Texel Industries Ltd.,X,TEXELIN,INE594V01028
Royale Manor Hotels & Industries Lt,X,RAYALEMA,INE008C01011
Mirza International  Limited,B,MIRZAINT,INE771A01026
Tourism Finance Corpn. Of India Ltd,A,TFCILTD,INE305A01023
Thakker's Developers Ltd.,B,THAKDEV,INE403F01017
Rajdarshan Industries Ltd.,B,ARENTERP,INE610C01014
Bhartiya International Ltd.,B,BIL,INE828A01016
Kamat Hotels (India) ltd.,B,KAMATHOTEL,INE967C01018
Tirth Plastic Ltd.,X,TIRTPLS,INE008N01018
DSJ KEEP LEARNING LIMITED,B,KEEPLEARN,INE055C01020
Ecoplast Ltd.,X,ECOPLAST,INE423D01010
Elegant Marbles & Grani Industries,X,ELEMARB,INE095B01010
BITS Ltd,X,BITS,INE839A01021
Adarsh Plant Project Ltd.,X,ADARSHPL,INE627D01016
HCP PLASTENE BULKPACK LIMITED,XT,HPBL,INE136C01044
Nicco Parks And Resorts Ltd.,X,NICCOPAR,INE653C01022
NTC INDUSTRIES LIMITED,X,NTCIND,INE920C01017
Sandesh Ltd.,B,SANDESH,INE583B01015
Garnet Construction Ltd.,X,GARNET,INE797D01017
Goldiam International Ltd.,A,GOLDIAM,INE025B01025
Bright Brothers Ltd.,X,BRIGHTBR,INE630D01010
Narmada Gelatines Ltd.,X,SHAWGELTIN,INE869A01010
P.G.Foils Ltd.,X,PGFOILQ,INE078D01012
Gratex Industries Ltd.,X,GRATEXI,INE915E01013
Velan Hotels Ltd.,X,VELHO,INE548D01014
Howard Hotels Limited,X,HOWARHO,INE931B01016
Valiant Communications Ltd.,X,VALIANT,INE760B01019
Dr.Agarwals Eye Hospital Ltd.,B,DRAGARWQ,INE934C01018
Greenply Industries Ltd,B,GREENPLY,INE461C01038
Union Quality Plastics Ltd.,XT,UNQTYMI,INE338N01019
Seamec Ltd,B,SEAMECLTD,INE497B01018
Raghunath International Ltd.,X,RAGHUNAT,INE753B01014
Cheviot Co.Ltd.,B,CHEVIOT,INE974B01016
SPICE ISLANDS INDUSTRIES LIMITED,XT,SPICEISLIN,INE882D01017
Confidence Petroleum India Limited,B,CONFIPET,INE552D01024
Shelter Infra Projects Limited,X,SIPL,INE413C01013
Shakti Press Ltd.,XT,SHAKTIPR,INE794C01016
Ashirwad Steels & Industries  Ltd.,X,ASHSI,INE338C01012
Banaras Beads Ltd.,B,BANARBEADS,INE655B01011
Arex Industries Ltd.,X,AREXMIS,INE480H01011
Bilcare Ltd.,B,BI,INE986A01012
ISF LIMITED,X,ISFL,INE973B01026
Rishi Laser  Ltd.,X,RISHILASE,INE988D01012
Jainco Projects (India) Ltd.,X,JAINCO,INE966C01010
Kumbhat Financial Services Ltd.,X,KUMPFIN,INE795E01019
Intec Capital Limited,XT,INTECCAP,INE017E01018
RAJASTHAN SECURITIES LIMITED,X,RAJSEC,INE184D01026
Siddheswari Garments Ltd.,X,SIDDHEGA,INE797C01019
63 Moons Technologies Limited,A,63MOONS,INE111B01023
Shikhar Consultants Ltd.,XT,SHIKHAR,INE641B01011
Sarla Performance Fibers Ltd,B,SARLAPOLY,INE453D01025
Indo Credit Capital Ltd.,XT,INDOCRED,INE147D01015
Market Creators Ltd.,X,MKTCREAT,INE944C01017
HIMALAYA FOOD INTERNATIONAL LIMITED,X,HFIL,INE552B01010
Sonal Adhesives Ltd.,X,SONALAD,INE344I01017
Padmanabh Industries Limited,X,PADMAIND,INE743D01011
Twentyfirst Century Management Serv,B,21STCENMGM,INE253B01015
Hariyana Ship Breakers Ltd.,X,HRYNSHP,INE400G01011
Kalind Limited,XT,KALIND,INE377D01026
Vaishno Cement Co. Ltd.,P,VAICC,INE116E01018
Tyroon Tea Co. Ltd.,X,TYROON,INE945B01016
La Opala RG Ltd.,B,LAOPALA,INE059D01020
Stylam Industries Limited,B,STYLAMIND,INE239C01020
Woodsvilla Limited,XT,WOODSVILA,INE374J01020
LAST MILE ENTERPRISES LIMITED,XT,LASTMILE,INE404B01022
Gujarat Craft Industries Ltd.,X,GUJCRAFT,INE372D01019
Heera Ispat Ltd.,X,HEERAISP,INE025D01013
Dhoot Industrial Finance Ltd.,X,DHOOTIN,INE313G01016
Crimson Metal Engineering Company Ltd,P,CRIMSON,INE318P01016
SHRI BAJRANG ALLIANCE LIMITED,B,SHBAJRG,INE402H01015
Ashoka Refineries Ltd.,P,ASHOKRE,INE760M01016
Urja Global Limited,B,URJA,INE550C01020
Ashapura Minechem Ltd,A,ASHAPURMIN,INE348A01023
Shree Pacetronix Ltd,X,SHREEPAC,INE847D01010
Gujarat Alkalis & Chemicals Ltd.,B,GUJALKALI,INE186A01019
India Cements Ltd.,A,INDIACEM,INE383A01012
JK Tyre & Industries Ltd.,A,JKTYRE,INE573A01042
Standard Industries Ltd.,B,SIL,INE173A01025
JUBILANT PHARMOVA LIMITED,A,JUBLPHARMA,INE700A01033
THE INVESTMENT TRUST OF INDIA LIMITED,B,THEINVEST,INE924D01017
Samyak International Limited,X,SAMYAKINT,INE607G01011
Aadi Industries Ltd,X,AADIIND,INE563D01013
Santosh Fine-Fab Ltd.,XT,SANTOSHF,INE612D01018
SPARKLE GOLD ROCK LIMITED,X,SPARKLEGR,INE618F01010
Acknit Industries Ltd,X,ACKNIT,INE326C01017
Titan Securities Ltd.,X,TITANSEC,INE090D01017
REAL ECO-ENERGY LIMITED,X,REALECO,INE055E01034
Harmony Capital Services Ltd.,XT,HRMNYCP,INE264N01017
Vivanza Biosciences Limited,X,VIVANZA,INE984E01035
Yashraj Containeurs Ltd.,XT,YASHRAJC,INE095C01018
Lords Ishwar Hotels Limited,X,LORDSHOTL,INE689J01013
CSL Finance Limited,B,CSLFINANCE,INE718F01018
Sanghvi Movers Ltd.,B,SANGHVIMOV,INE989A01032
Antelopus Selan Energy Limited,B,ANTELOPUS,INE818A01017
PURETROP FRUITS LIMITED,X,PURETROP,INE795D01011
Faze Three Ltd.,B,FAZE3Q,INE963C01033
ANUPAM FINSERV LIMITED,X,ANUPAM,INE069B01023
Raj Packaging Industries Ltd.,X,RAJPACK,INE639C01013
PRIVI SPECIALITY CHEMICALS LIMITED,A,PRIVISCL,INE959A01019
Natraj Proteins Ltd.,X,NATRAJPR,INE444D01016
Samrat Pharmachem Ltd.,XT,SAMRATPH,INE103E01016
NPR Finance Ltd.,X,NPRFIN,INE446D01011
Nile Ltd.,B,NILE,INE445D01013
Amco India Ltd.,X,AMCOIND,INE924B01011
Optiemus Infracom Limited,B,OPTIEMUS,INE350C01017
Kreon Finnancial Services Limited,XT,KREONFIN,INE302C01018
Gyan Developers & Builders Ltd.,XT,GYANDEV,INE487G01018
Kisan Mouldings Ltd.,XT,KISAN,INE017C01012
Kerala Ayurveda Limited,X,KERALAYUR,INE817B01025
Moongipa Capital Finance Ltd.,X,MONGIPA,INE153K01018
Mohit Paper Mills Ltd.,X,MOHITPPR,INE388C01017
Daulat Securities Ltd.,X,DAULAT,INE108C01019
Oscar Global Ltd,XT,OSCARGLO,INE473F01010
Odyssey Technologies Ltd.,X,ODYSSEY,INE213B01019
VK Global Industries Limited,XT,VKGLOBAL,INE758B01013
RSC International Limited,XT,RSCINT,INE015F01019
Surat Trade and Mercantile Limited,X,SURATRAML,INE936A01025
Atharv Enterprises Limited,X,ATHARVENT,INE354E01031
FUNDVISER CAPITAL (INDIA) LIMITED,XT,FUNDVISER,INE365H01014
Themis Medicare Ltd.,B,THEMISMED,INE083B01024
KALLAM TEXTILES LTD,XT,KALLAM,INE629F01025
Brawn Biotech Limited,X,BRAWN,INE899B01015
Fortune International Ltd.,X,FORINTL,INE501D01013
Kings Infra Ventures Limited,X,KINGSINFR,INE050N01010
SWOJAS FOODS LIMITED,XT,SWOJAS,INE295B01016
Nutricircle Limited,XT,NUTRICIRCLE,INE536C01029
Subhash Silk Mills Ltd.,XT,SUBSM,INE690D01014
Auro Laboratories Ltd.,X,AUROLAB,INE292C01011
KJMC Financial Services Ltd.,X,KJMCFIN,INE533C01018
Suven Life Sciences Ltd.,B,SUVEN,INE495B01038
Aryaman Financial Services Ltd.,X,ARYAMAN,INE032E01017
Bridge Securities Ltd.,X,BRIDGESE,INE958C01025
Risa International Limited,X,RISAINTL,INE001O01029
Rajasthan Tube Mfg. Co,XT,RAJTUBE,INE497E01020
Kay Power And Paper Ltd,X,KAYPOWR,INE961B01013
Inter State Oil Carrier Ltd,X,INTSTOIL,INE003B01014
Global Capital Markets Ltd.,X,GLOBALCA,INE062C01042
Sainik Finance and Industries Ltd,X,SAINIK,INE584B01013
ARIGATO UNIVERSE LIMITED,XT,ARIGATO,INE021N01011
Rich Universe Network Ltd,XT,RICHUNV,INE652D01014
Quantum Digital Vision (India) Ltd.,XT,QUANTDIA,INE373C01019
S.P.Capital Financing Ltd.,X,SPCAPIT,INE102F01015
PAOS INDUSTRIES LIMITED,XT,PAOS,INE791C01012
Shri Rajivlochan Oil Extraction Ltd,X,SHRAJOI,INE418K01015
Kothari Products Ltd.,B,KOTHARIPRO,INE823A01017
Piccadily Agro Industries ltd.,B,PICCADIL,INE546C01010
CHAMAN LAL SETIA EXPORTS LIMITED,B,CLSEL,INE419D01026
Chandra Prabhu International Ltd.,X,CHANDRAP,INE368D01025
KIMIA BIOSCIENCES LIMITED,X,KIMIABL,INE285U01025
Hindustan Tin Works Ltd.,X,HINDTIN,INE428D01019
Godavari Drugs Ltd.,XT,GODAVARI,INE362C01012
Premco Global Ltd.,B,PREMCO,INE001E01012
Mukesh Babu Financial Services Ltd.,X,MUKESHB,INE596B01017
Genus Power Infrastructures Ltd,A,GENUSPOWER,INE955D01029
ASIAN ENERGY SERVICES LTD,B,ASIANENE,INE276G01015
KBS INDIA LIMITED,X,KBSINDIA,INE883D01023
PRABHHANS INDUSTRIES LIMITED,XT,PRABHHANS,INE428P01013
Ugar Sugar Works Ltd.,B,UGARSUGAR,INE071E01023
Orient Bell Limited,B,ORIENTBELL,INE607D01018
NRB Bearings Ltd.,B,NRBBEARING,INE349A01021
Vamshi Rubber Ltd.,X,VAMSHIRU,INE380C01014
Nila Infrastructures Ltd,B,NILAINFRA,INE937C01029
Vinyoflex Ltd.,X,VINYOFL,INE526H01011
Jindal Capital Ltd.,X,JINDCAP,INE356F01017
EPIC Energy Ltd.,X,EPIC,INE932F01015
Sumedha Fiscal Services Ltd.,X,SUMEDHA,INE886B01012
Kuwer Industries Ltd.,X,KUWERIN,INE430F01010
CHOKSI ASIA LIMITED,X,CHOKSI,INE865B01016
Ashish Polyplast Ltd.,X,ASHISHPO,INE831C01016
Shiva Global Agro Industries Limited,X,SHIVAAGRO,INE960E01019
Siddha Ventures Limited,X,SIDDHA,INE140C01012
Kiran Syntex Ltd.,X,KIRANSY-B,INE293D01017
Sumeru Industries Ltd.,X,SUMERUIND,INE764B01029
Rungta Irrigation Ltd.,X,RUNGTAIR,INE347C01013
GTT DATA SOLUTIONS LIMITED,X,GTTDATA,INE959B01017
Valson Industries Ltd.,X,VALSONQ,INE808A01018
Saboo Sodium Chloro Ltd.,X,SABOOSOD,INE440C01016
GSL Securities Ltd.,XT,GSLSEC,INE721D01017
Tinna Rubber and Infrastructure Limited,B,TINNARUBR,INE015C01016
Vikram Thermo (India) Ltd.,XT,VIKRAMTH,INE337E01010
STRATMONT INDUSTRIES LIMITED,XT,STRATMONT,INE473C01025
A.K.Capital Services Ltd.,B,AKCAPIT,INE701G01012
Relaxo Footwears Ltd.,A,RELAXO,INE131B01039
Virat Industries Ltd.,X,VIRAT,INE467D01017
RAJNISH RETAIL LIMITED,X,RRETAIL,INE786J01033
Terai Tea Co. Ltd.,X,TERAI,INE390D01011
Manraj Housing Finance Ltd.,X,MANRAJH,INE948I01015
Cosco (India) ltd.,X,COSCO,INE949B01018
Ken Financial Services Ltd.,XT,KENFIN,INE395E01018
Shilpa Medicare Ltd.,A,SHILPAMED,INE790G01031
Paramount Communications Ltd.,B,PARACABLES,INE074B01023
NCL Research And Financial Services,XT,NCLRESE,INE132F01038
KOIYA INTERNATIONAL LIMITED,XT,KOIYAIN,INE149B01015
Explicit Finance Limited,X,EXPLICITFIN,INE335G01019
Ladderup Finance Ltd.,X,LADDERUP,INE519D01015
U. Y. FINCORP LIMITED,B,UYFINCORP,INE152C01025
Ekam Leasing & Finance Co. Ltd.,XT,EKAMLEA,INE906L01025
SWASTIKA INVESTMART LIMITED,XT,SWASTIKA,INE691C01022
Prima Plastics Ltd.,XT,PRIMAPLA,INE573B01016
TeleCanor Global Limited,X,TELECANOR,INE381G01013
JAGSONPAL SERVICES LIMITED,X,JAGSONSER,INE582C01015
Carnation Industries Ltd.,XT,CARNATIN,INE081B01028
Garg Furnace Ltd.,X,GARGFUR,INE194E01015
Sampre Nutritions Ltd.,X,SAMPRE,INE375C01022
Akar Auto Industries Limited,X,AAIL,INE864E01021
Vipul Organics Limited,X,VIPULORG,INE834D01018
Eco Recycling Limited,XT,ECORECO,INE316A01038
Goodluck India Limited,B,GOODLUCK,INE127I01024
Goyal Associates Ltd.,X,GOYALASS,INE912B01032
Zenith Health Care Ltd.,X,ZENITHHE,INE812B01026
ACE ENGITECH LIMITED,XT,ACEENGITEC,INE035401020
York Exports Ltd.,X,YORKEXP,INE057Q01018
Supreme Holdings & Hospitality (India) Ltd,B,SUPREME,INE822E01011
Lykis Limited,X,LYKISLTD,INE624M01014
Prime Property Development Corporation Ltd.,XT,PRIMEPRO,INE233C01023
Zenlabs Ethica Limited,XT,ZENLABS,INE546F01013
ANIRIT VENTURES LIMITED,XT,ANIRIT,INE161F01011
Gowra Leasing & Finance Ltd.,XT,GOWRALE,INE225G01012
Jagan Lamps Ltd.,X,JAGANLAM,INE144C01014
Asit C Mehta Financial Services Limited,X,ASITCFIN,INE041B01014
ENCODE PACKAGING INDIA LIMITED,X,ENCODE,INE900O01014
Super Bakers (India) Ltd.,X,SUPERBAK,INE897A01011
Ovobel Foods Ltd.,XT,OVOBELE,INE812S01012
ACS TECHNOLOGIES LIMITED,B,ACSTECH,INE366C01021
CHALLANI CAPITAL LIMITED,X,CHALLANI,INE807A01010
Coral Newsprints Ltd.,X,CORNE,INE715D01019
Shentracon Chemicals Ltd.,XT,SHENTRA,INE0OUS01011
AGARWAL FORTUNE INDIA LIMITED,X,AGARWAL,INE510B01018
KLG Capital Services Ltd.,XT,KLGCAP,INE929C01018
Dynamic Protfolio Management & Serv,X,DYNAMICP,INE118C01018
Inland Printers Ltd.,XT,INLANPR,INE055O01033
Ceejay Finance Limited,X,CEEJAY,INE358C01010
Suncity Synthetics Ltd.,X,SUNCITYSY,INE584D01019
Shree Ganesh Elastoplast Ltd,X,SHGANEL,INE400N01017
Anna Infrastructures Ltd,X,ANNAINFRA,INE336D01014
ONESOURCE INDUSTRIES AND VENTURES LIMITED,XT,OIVL,INE125F01032
BNR Udyog Ltd.,X,BNRUDY,INE355C01016
KRBL Ltd.,A,KRBL,INE001B01026
SSPDL Limited,X,SSPDL,INE838C01011
Daikaffil Chemicals India Ltd.,XT,DAIKAFFI,INE789B01018
CIL SECURITIES LIMITED,X,CILSEC,INE830A01012
Clio Infotech Ltd.,XT,CLIOINFO,INE011B01017
Cupid Limited,A,CUPID,INE509F01029
Sunshield Chemicals Ltd.,X,SUNSHIEL,INE199E01014
Hipolin Ltd.,XT,HIPOLIN,INE963A01011
GDL Leasing & Finance ltd.,XT,GDLLEAS,INE545E01018
CAPITAL INDIA FINANCE LIMITED,B,CIFL,INE345H01024
Arunjyoti Bio Ventures Limited,X,ABVL,INE485K01022
Super Crop Safe Ltd.,X,SUCROSA,INE366G01022
AUDROC Limited,XT,AUDROC,INE061B01038
N.G.Industries Ltd.,X,NGIND,INE825C01018
Asia Pack Ltd.,X,ASIAPAK,INE784M01016
S.I.Capital And Financial Services,XT,SICAPIT,INE417F01017
ERP Soft Systems Ltd.,X,ERPSOFT,INE308B01017
R.R.Securities Ltd.,P,RRSECUR,INE474H01014
Remsons Industries Ltd.,B,REMSONSIND,INE474C01023
Integrated Thermoplastics Ltd.,P,INTETHR,INE038N01015
Ramsons Projects Ltd.,X,RAMSONS,INE609D01014
RRP DEFENSE LIMITED,X,RRPDEFENSE,INE535P01015
Stanpacks (India) Ltd.,X,STANPACK,INE457D01018
Aqylon Nexus Limited,B,AQYLON,INE416A01051
RAMINFO LIMITED,X,RAMINFO,INE357B01022
Sunil Agro Foods ltd.,X,SUNILAGR,INE224D01012
Diana Tea Co.Ltd.,X,DIANATEA,INE012E01035
Vikas EcoTech Limited,B,VIKASECO,INE806A01020
Indian Oil Corporation Ltd.,A,IOC,INE242A01010
Alfa Ica (India) Ltd,X,ALFAICA,INE042C01010
Shri Keshav Cements and Infra Limited,X,SKCIL,INE260E01014
India Home Loan Limited,X,INDIAHOME,INE274E01015
JPT Securities Ltd.,XT,JPTSEC,INE630C01012
Roopa Industries Ltd.,X,ROOPAIND,INE443C01010
Sarthak Global Ltd.,XT,SARTHAKGL,INE075H01019
Unique Organics Ltd.,X,UNIQUEO,INE333E01019
Balaji Amines Ltd.,B,BALAMINES,INE050E01027
Swarna Securities Ltd.,X,SWRNASE,INE595G01018
Venmax Drugs And Pharmaceuticals Ltd,X,VENMAX,INE154G01022
Arihants Securities ltd.,X,ARISE,INE190D01015
Visagar Financial Services Ltd,X,VISAGAR,INE309H01038
Libord Securities Ltd.,X,LIBORD,INE267E01019
Bharat Textiles & Proofing Industri,P,BHATEXT,INE201N01019
Regal Entertainment & Consultants Ltd.,X,REGAL,INE101E01010
EBIX LIMITED,XT,EBIX,INE432F01032
Swadha Nature Limited,XT,SWADHATURE,INE0P4R01017
Competent Automobiles Co. Ltd.,X,COMPEAU,INE823B01015
Dhanvantri Jeevan Rekha Ltd.,X,ZDHJERK,INE239F01015
Vintage Securities Ltd.,X,VINTAGES,INE153C01015
Oswal Overseas Ltd,XT,OSWALOR,INE906K01027
Contil India Limited,X,CONTILI,INE080G01029
Vijay Solvex Ltd.,XT,VIJSOLX,INE362D01010
Shri Krishna Devcon Limited,B,SHRIKRISH,INE997I01012
Alankit Limited,B,ALANKIT,INE914E01040
Nihar Info Global Ltd.,X,NIHARINF,INE876E01033
United Credit ltd.,X,UNITDCR,INE858C01027
OM INFRA LIMITED,B,OMINFRAL,INE239D01028
CENTUPLE GLOBAL LIMITED,X,CENTUPLE,INE396H01019
Ishan Dyes and Chemicals Limited,B,ISHANCH,INE561M01018
Gothi Plascon (India) Ltd.,P,GOTHIPL,INE538G01018
BALU FORGE INDUSTRIES LIMITED,A,BALUFORGE,INE011E01029
Ceenik Exports (india) Ltd.,XT,CEENIK,INE418D01010
Patel Engineering Ltd,A,PATELENG,INE244B01030
KATI PATANG LIFESTYLE LIMITED,X,KATIPATANG,INE237C01016
MENA MANI INDUSTRIES LIMITED,X,MENAMANI,INE148B01033
Inani Marbles & Industries Ltd.,X,INANI,INE635D01027
Gemstone Investments Ltd.,X,GEMSI,INE503D01027
El Forge Ltd.,X,ELFORGE,INE158F01017
Medicamen Biotech Ltd.,B,MEDICAMEQ,INE646B01010
Alicon Castalloy Limited,B,ALICON,INE062D01024
Diligent Industries Limited,X,DILIGENT,INE650C01036
Epsom Properties Limited,XT,EPSOMPRO,INE601F01016
Alfavision Overseas (India) Ltd.,X,ALFAVIO,INE883B01027
Organic Coatings Ltd.,X,ORGCOAT,INE412E01011
Catvision Limited,X,CATVISION,INE660B01011
ABM Knowledgeware Ltd.,B,ABMKNO,INE850B01026
Emami Ltd,A,EMAMILTD,INE548C01032
Kemistar Corporation Limited,X,KEMISTAR,INE971L01029
Laser Diamonds Ltd.,P,LADIAMO,INE995E01015
Associated Ceramics Ltd.,X,ASSOCER,INE771E01010
SKP Securities Ltd.,X,SKPSEC,INE709B01016
Syschem (India) Ltd.,X,SYSCHEM,INE121D01036
Mefcom Capital Markets Ltd.,X,MEFCOMCAP,INE186C01023
Hemang Resources Limited,X,HEMANG,INE930A01010
Arman Financial Services Limited,B,ARMANFIN,INE109C01017
EFORU ENTERTAINMENT LIMITED,X,EFORU,INE355H01015
Filtron Engineers Ltd.,XT,FILTRON,INE589N01017
Glance Finance Ltd.,X,GLANCE,INE580D01017
Shilchar Technologies Ltd.,B,SHILCTECH,INE024F01011
TRADEWELL HOLDINGS LIMITED,X,TRADEWELL,INE819G01012
SPRIGHT AGRO LIMITED,X,SPRIGHT,INE179O01031
Cresanto Global Limited,XT,CRESANTO,INE741C01017
Nucleus Software Exports Ltd,B,NUCLEUS,INE096B01018
Colinz Laboratories ltd.,XT,COLINZ,INE923C01011
Nalin Lease Finance Ltd.,X,NLFL,INE606C01012
Manappuram Finance Limited,A,MANAPPURAM,INE522D01027
RTS Power Corporation Ltd.,X,RTSPOWR,INE005C01017
Comfort Intech Ltd,B,COMFINTE,INE819A01049
Shyama Computronics and Services Limited,P,SHYAMACOMP,INE861E01019
Mayur Floorings Ltd.,XT,MAYURFL,INE262W01012
Anjani Synthetics Limited,X,ANJANI,INE364D01032
XTGLOBAL INFOTECH LIMITED,B,XTGLOBAL,INE547B01028
Deco-Mica Ltd.,X,DECOMIC,INE907E01010
Rander Corporation Ltd.,XT,RANDER,INE821D01031
Rasi Electrodes Ltd.,X,RASIELEC,INE822D01021
SCOOBEE DAY GARMENTS (INDIA) LIMITED,X,SCOOBEEDAY,INE962E01015
Citiport Financial Services Ltd.,X,CITIPOR,INE494D01011
Dhruva Capital Services Ltd.,X,DHRUVCA,INE972E01014
Shamrock Industrial Co. Ltd.,XT,SHAMROIN,INE022F01015
LINC LIMITED,B,LINC,INE802B01027
Prima Industries Ltd.,X,PRIMAIN,INE723N01012
India Gelatine & Chemicals Ltd.,X,INDGELA,INE342D01012
Optimus Finance Limited,X,OPTIFIN,INE031G01022
Paragon Finance Ltd.,X,PARAGONF,INE015E01012
Pratiksha Chemicals Ltd.,X,PRATIKSH,INE530D01012
Esha Media Research Limited,XT,ESHAMEDIA,INE328F01016
Refex Renewables & Infrastructure Limited,X,REFEXRENEW,INE332F01018
EQUILATERAL ENTERPRISES LIMITED,X,EQUILATERA,INE060N01019
PROGREX VENTURES LIMITED,XT,PROGREXV,INE421E01012
V.S.T.Tillers Tractors Ltd.,B,VSTTILLERS,INE764D01017
B2B Software Technologies Ltd.,X,B2BSOFT,INE151B01011
Nikki Global Finance Ltd.,X,NIKKIGL,INE526C01012
Radhe Developers (India) ltd.,X,RADHEDE,INE986B01044
Kinetic Trust Ltd.,XT,KINETRU,INE674M01019
Elixir Capital Limited,X,ELIXIR,INE785D01012
Trishakti Industries Limited,XT,TRISHAKT,INE238C01022
Pankaj Polymers Ltd.,X,PANKAJPO,INE698B01011
MARBLE CITY INDIA LIMITED,X,MARBLE,INE807H01023
Cindrella Financial Services Ltd.,X,CINDRELL,INE897D01015
ADHATA GLOBAL LIMITED,X,ADHHATA,INE586D01014
National Plastic Technologies Ltd,X,NATPLASTI,INE896D01017
Lead Financial Services  Ltd,X,LEADFIN,INE531D01010
National Fittings Limited,X,NATFIT,INE643C01015
Artefact Projects Ltd,X,ARTEFACT,INE885B01014
TUSALDAH LIMITED,XT,TUSALDAH,INE319M01011
Nutech Global Ltd.,X,NUTECGLOB,INE960H01012
DHP India Ltd.,X,DHPIND,INE590D01016
RRIL LIMITED,B,RRIL,INE951M01037
Available Finance Ltd.,B,AVAILFC,INE325G01010
INTEGRA CAPITAL LIMITED,X,INTCAPL,INE366H01012
MARUTI GLOBAL INDUSTRIES LIMITED,XT,MGIL,INE368C01019
SRI HAVISHA HOSPITALITY AND INFRASTRUCTURE LIMITED,B,HAVISHA,INE293B01029
JAYATMA INDUSTRIES LIMITED,X,JAYIND,INE250D01017
Roselabs Finance Ltd.,X,ROSELABS,INE475C01012
KRETTO SYSCON LIMITED,XT,KRETTOSYS,INE128R01023
Vikalp Securities Ltd.,X,VIKALPS,INE186E01011
Zydus Wellness Limited,A,ZYDUSWELL,INE768C01028
Milestone Global Limited,X,MILESTONE,INE151H01018
Bervin Investments And Leasing Ltd.,X,BERVINL,INE348I01018
Gujarat Investa Ltd.,X,GUJINV,INE373D01017
Container Corporation Of India Ltd.,A,CONCOR,INE111A01025
Eastern Treads Ltd.,X,EASTRED,INE500D01015
Panacea Biotec Ltd.,B,PANACEABIO,INE922B01023
Peeti Securities Ltd.,X,PEETISEC,INE328D01011
MERCURY EV-TECH LIMITED,B,MERCURYEV,INE763M01028
Choice International Ltd,A,CHOICEIN,INE102B01014
Shriram Asset Management Co.Ltd.,X,SRAMSET,INE777G01012
Golechha Global Finance Ltd.,X,GOLECHA,INE427D01011
Ekansh Concepts Limited,X,EKANSH,INE005E01013
SPARC ELECTREX LIMITED,X,SPAR,INE960B01015
Centenial Surgical Suture Ltd.,X,CSURGSU,INE405H01018
Arihant Foundations & Housing Ltd.,B,ARIHANT,INE413D01011
Hasti Finance Ltd.,X,HASTIFIN,INE671D01014
Upsurge Investment And Finance Ltd.,X,UPSURGE,INE890B01014
Padam Cotton Yarns Ltd.,X,PADAMCO,INE448D01025
Women Networks Ltd.,X,WOMENNET,INE905B01010
Polycon International Ltd.,X,POLYCON,INE262C01014
Source Natural Foods & Herbal Suppl Ltd,X,SOURCENTRL,INE679C01027
G.G.Automotive Gears Ltd.,X,GGAUTO,INE493B01017
Almondz Global Securities Limited,B,ALMONDZ,INE326B01035
LWS Knitwear Ltd,X,LWSKNIT,INE281M01013
ANS Limited,X,ANSINDUS,INE234J01018
Alchemist Corporation Ltd,XT,ALCHCORP,INE057D01016
Tuni Textile Mills Ltd.,X,TUNITEX,INE560D01027
Radix Industries (India) Limited,XT,RADIXIND,INE576N01014
Kiran Print-Pack Ltd.,XT,KIRANPR,INE516D01011
Narendra Properties Ltd.,X,NARPROP,INE603F01012
Mega Corporation Ltd,XT,MEGACOR,INE804B01023
BMB Music & Magnetics Ltd.,XT,BMBMUMG,INE644K01016
Tamil Nadu Newsprint And Papers Ltd,B,TNPL,INE107A01015
Shakti Pumps (India) Ltd.,A,SHAKTIPUMP,INE908D01010
Systematix Securities Ltd.,XT,SYTIXSE,INE07P301011
Sungold Capital Ltd.,X,SUNGOLD,INE271D01013
Saffron Industries Limited,X,SAFFRON,INE474D01013
Prakash Woollen & Synthetic Mills Ltd,X,PWASML,INE523I01016
Lyons Corporate Market Ltd.,X,LYONSCO,INE100F01019
GRM Overseas Ltd.,B,GRMOVER,INE192H01020
Mohit Industries Limited,B,MOHITIND,INE954E01012
Polylink Polymers (india) Ltd.,X,POLYLINK,INE323D01020
Minaxi Textiles Ltd.,X,MINAXI,INE952C01028
BOSTON COMMERCE LIMITED,X,BOSTON,INE109B01019
Continental Controls Ltd.,X,CONTICON,INE545B01022
Global Infratech & Finance limited,XT,GBLINFRA,INE377M01043
Nouveau Global Ventures Limited,X,NOUVEAU,INE317B01042
Duke Offshore Ltd.,XT,DUKEOFS,INE397G01019
Cybele  Industries Limited,X,CYBELEIND,INE183D01010
Filmcity Media Ltd.,XT,FILME,INE600B01033
Cg-Vak Software & Exports Ltd.,X,CGVAK,INE084D01010
Omkar Overseas ltd.,XT,OMKAR,INE680D01015
Esaar (India) Ltd.,X,ESARIND,INE404L01039
Maris Spinners Ltd.,X,MARIS,INE866D01010
Indergiri Finance ltd.,XT,INDERGR,INE628F01019
Shukra Bullions Limited,X,SKRABUL,INE561E01015
Eveready Industries India Ltd.,B,EVEREADY,INE128A01029
Step Two Corporation Ltd.,X,STEP2COR,INE623D01015
Orient Tradelink Ltd.,X,ORIENTTR,INE681D01039
Mahan Industries Ltd.,XT,MAHANIN,INE735D01041
Desh Rakshak Aushdhalaya Ltd.,P,DESHRAK,INE971E01016
Ace Software Exports ltd.,X,ACESOFT,INE849B01010
Softrak Venture Investments Ltd.,XT,SOFTRAKV,INE562E01021
Hatsun Agro Products Ltd.,A,HATSUN,INE473B01035
ACCEDERE LIMITED,XT,ACCEDERE,INE578B01015
MIZZEN VENTURES LIMITED,X,MIZVEN,INE681K01026
Rishabh Digha Steel And Allied Prod,X,RISHDIGA,INE864D01015
Maruti Infrastructure Ltd.,XT,MAINFRA,INE392G01028
Jindal Worldwide Ltd.,B,JINDWORLD,INE247D01039
Somany Ceramics Limited,B,SOMANYCERA,INE355A01028
Jhaveri Credits & Capital Ltd.,X,JHACC,INE865D01012
Raghunath Tobacco Co. Ltd.,X,RAGHUTOB,INE754B01012
DISHA RESOURCES LIMITED,XT,DRL,INE193D01019
Coral India Finance And Housing Ltd,B,CORALFINAC,INE558D01021
Amit Securities Ltd.,X,AMITSEC,INE137E01014
Pushpsons Industries Ltd.,Y,PUSHPIN,NA
Ashutosh Paper Mills Ltd.,X,ASHUTPM,INE723K01018
Sanjivani Paranteral Ltd.,X,SANJIVIN,INE860D01013
Ranjit Securities Ltd.,XT,RANJITSE,INE863D01017
Vas Infrastructure  Ltd.,XT,VASINFRA,INE192C01013
KMF Builders & Developers Ltd.,X,KMFBLDR,INE580H01026
Beryl Securities Ltd,XT,BERYLSE,INE508J01015
RAP CORP LIMITED,X,RAP,INE483D01014
Devine Impex Limited,X,DEVINE,INE455C01014
Bampsl Securities Ltd.,X,BAMPSL,INE802A01037
GENPHARMASEC LIMITED,X,GENPHARMA,INE861N01036
Incon Engineers Ltd.,XT,INCON,INE507D01010
Capri Global Capital Limited,A,CGCL,INE180C01042
Midland Polymers Ltd.,XT,MIDPOLY,INE046M01036
FDC Ltd.,B,FDC,INE258B01022
GOGIA CAPITAL GROWTH LIMITED,X,GOGIACAPGL,INE832C01014
Gorani Industries Ltd.,XT,GORANIN,INE792J01015
KG Petrochem Ltd.,X,KGPETRO,INE902G01016
UFM Industries Ltd,XT,UFMINDL,INE832E01010
Meyer Apparel Limited,XT,MAL,INE100C01024
Starcom Information Technology Ltd,XT,STARCOM,INE347I01010
Country Condo's Ltd,B,COUNCODOS,INE695B01025
Orosil Smiths India Limited,XT,OROSMITHS,INE628B01034
TEJASSVI AAHARAM LIMITED,XT,TEJASSVI,INE173E01019
Lincoln Pharmaceuticals ltd.,B,LINCOLN,INE405C01035
Silver Oak (India) Ltd.,X,SILVOAK,INE870J01019
PRAVEG LIMITED,B,PRAVEG,INE722B01019
Suraj Ltd.,B,SURAJLTD,INE713C01016
Suvidha Infraestate Corporation Limited,P,SICL,INE936N01010
Marico Limited,A,MARICO,INE196A01026
Tokyo Finance Ltd.,X,TOKYOFIN,INE546D01018
PRABHATAM INFRA VENTURE LIMITED,XT,PRABHATAM,INE265C01025
National General Industries Ltd.,X,NATGENI,INE654H01011
UVS HOSPITALITY AND SERVICES LIMITED,X,UVS,INE528C01018
ABATE AS INDUSTRIES LIMITED,X,ABATEAS,INE454E01013
Hittco Tools Ltd.,XT,HITTCO,INE863C01019
YUVRAAJ HYGIENE PRODUCTS LTD,X,YUVRAAJHPL,INE139D01020
RR METALMAKERS INDIA LIMITED,XT,RRMETAL,INE117K01013
Vision Corporation Ltd.,X,VISIONCO,INE661D01015
Karnawati Innovation Limited,X,KARNAWATI,INE214D01021
Inani Securities Ltd.,XT,INANISEC,INE224C01014
Anka India Ltd.,X,ANKIN,INE067C01025
EMROCK CORPORATION LIMITED,XT,EMROCK,INE554H01021
Aris International Limited,XT,ARISINT,INE588E01026
Mayur Leather Products Ltd.,X,MAYUR,INE799E01011
AMERISE BIOSCIENCES LIMITED,X,AMERISE,INE673C01020
Frontline Financial Services Ltd.,XT,FRONTFN,INE776R01011
Advik Laboratories Ltd.,XT,ADVIKLA,INE537C01019
Prithvi Exchange (India) Limited,X,PRITHVIEXCH,INE621B01021
Khyati Multimedia-Entertainment Ltd,XT,KHYATI,INE593B01030
Rainbow Foundations Ltd,X,RAINBOWF,INE230F01014
VSD Confin ltd.,XT,VSDCONF,INE489F01016
Tricom Fruit Products Limited,XT,TRICOMFRU,INE843F01014
Vidhi Specialty Food Ingredients Limited,B,VIDHIING,INE632C01026
Bhagiradha Chemicals and Industries,B,BHAGCHEM,INE414D01027
GACM Technologies Limited,B,GATECH,INE224E01028
Panchsheel Organic Ltd.,X,PANCHSHEEL,INE316G01019
Menon Pistons Ltd.,B,MENNPIS,INE650G01029
Prism Finance Ltd.,P,PRISMFN,INE429Q01019
Greencrest Financial Services Limited,X,GREENCREST,INE414C01045
Gennex Laboratories Ltd,X,GENNEX,INE509C01026
Hira Automobiles Ltd.,P,HIRAUTO,INE258Z01013
Gini Silk Mills Ltd.,X,GINISILK,INE548B01018
Prajay Engineers Syndicate Ltd.,B,PRAENG,INE505C01016
BIOGEN PHARMACHEM INDUSTRIES LIMITED,X,BIOGEN,INE703D01023
G.k.Consultants Ltd.,X,GKCONS,INE131D01019
APOLLO PIPES LIMITED,B,APOLLOPIPE,INE126J01016
Unjha Formulations Ltd.,X,UNJHAFOR,INE576D01015
Poly Medicure Ltd,A,POLYMED,INE205C01021
PFL Infotech Ltd.,X,PFLINFOTC,INE600F01018
SHRADDHA PRIME PROJECTS LTD,X,SHRADDHA,INE311M01018
Kachchh Minerals Ltd.,XT,KACHCHH,INE059E01010
Padmanabh Alloys & Polymers Ltd.,X,PADALPO,INE630U01014
Kaiser Corporation Limited,XT,KACL,INE229G01022
KCL Infra Projects Limited,X,KCLINFRA,INE469F01026
Seshachal Technologies Ltd,XT,SESHACHAL,INE331F01028
Atul Auto Limited,B,ATULAUTO,INE951D01028
Scan Projects Ltd,XT,SCANPRO,INE393D01015
Prerna Infrabuild Limited,X,PRERINFRA,INE426H01014
Metal Coatings (India) Ltd.,X,METALCO,INE161E01014
SGN Telecoms Ltd.,X,SGNTE,INE266C01023
Ganga Papers India Ltd,X,GANGAPA,INE278O01015
Tirupati Sarjan Ltd.,X,TIRSARJ,INE297J01023
Munoth Financial Services Ltd.,XT,MUNOTHFI,INE348D01019
Rodium Realty Limited,X,RODIUM,INE513E01024
RCC Cements Ltd,XT,RCCEMEN,INE335N01015
Nagarjuna Agritech Ltd.,XT,NAGTECH,INE793H01017
Natura Hue Chem Ltd.,XT,NATHUEC,INE487B01019
IEC Education Limited,X,IECEDU,INE172B01017
Indus Finance Limited,XT,INDUSFINL,INE935D01013
Lahoti Overseas Ltd.,B,LAHOTIOV,INE515C01023
ZENITH STEEL PIPES AND  INDUSTRIES LIMITED,B,ZENITHSTL,INE318D01020
Trinity League India Limited,X,TRINITYLEA,INE884X01011
Asian Star Co. Ltd.,B,ASTAR,INE194D01017
ORIENTAL RAIL INFRASTRUCTURE LIMITED,X,ORIRAIL,INE457G01029
Joindre Capital Services Ltd.,X,JOINDRE,INE024B01010
Bharat Agri Fert and Realty Ltd,X,BHARATAGRI,INE842D01029
Sacheta Metals Ltd.,X,SACHEMT,INE433G01020
Popular Estate Management Ltd,X,POPULARES,INE370C01015
Anjani Finance Ltd,X,ANJANIFIN,INE283D01018
SVA India Ltd,P,SVAINDIA,INE763K01014
Tacent Projects Limited,XT,TACENT,INE149D01011
Rexnord Electronics & Controls Ltd.,XT,REXNORD,INE687C01012
NURTURE WELL INDUSTRIES LIMITED,X,NWIL,INE882B01037
Khandwala Securities Ltd.,B,KHANDSE,INE060B01014
SAWACA ENTERPRISES LIMITED,X,SAWACA,INE248B01023
CCL International Ltd,X,CCLINTER,INE778E01031
Gallops Enterprise  Limited,XT,GALLOPENT,INE755J01012
CROISSANCE LIMITED,X,CROISSANCE,INE587J01027
JOJO LIMITED,X,JOJO,INE312M01016
Galaxy Agrico Exports Ltd.,X,GALAGEX,INE803L01016
CASTORA AGRI COMMODITIES LIMITED,XT,CASTORA,INE641H01018
Hindustan Appliances Ltd,XT,HINDAPL,INE02XD01011
Agarwal Industrial Corporation Limited,B,AGARIND,INE204E01012
Dhampure Speciality Sugars Ltd.,X,DHAMPURE,INE956B01013
Shantanu Sheorey Aquakult ltd.,X,SHAQUAK,INE545N01019
Golden Carpets Limited.,XT,GOLCA,INE595D01015
Innocorp Limited,XT,INNOCORP,INE214B01017
Sarthak Industries Ltd.,X,SARTHAKIND,INE074H01012
Sai Capital Ltd.,X,SAICAPI,INE531X01018
LEXORAA INDUSTRIES LIMITED,XT,LEXORAA,INE185D01015
Chadha Papers Ltd.,X,CHADPAP,INE669W01018
Vertex Securities Ltd.,XT,VERTEX,INE316D01024
Riba Textiles Ltd.,XT,RIBATEX,INE811H01017
Newtime Infrastructure Limited,X,NEWINFRA,INE997D01021
JUNE INDUSTRIES LIMITED,XT,JUNE,INE108B01029
Shree Metalloys Limited,X,SHREMETAL,INE914B01012
IITL PROJECTS LIMITED,XT,IITLPROJ,INE786E01018
POPEES BABY CARE INDIA LIMITED,XT,POPEES,INE167F01018
Chartered Logistics Ltd,X,CHLOGIST,INE558F01026
Ambika Cotton Mills Ltd.,B,AMBIKCO,INE540G01014
HIND ALUMINIUM INDUSTRIES LTD.,X,HINDALUMI,INE227B01019
Senthil Infotek Limited,XT,SENINFO,INE564B01015
Spectrum Foods Limited,XT,SPECFOOD,INE547C01018
Deccan Polypacks Ltd,X,DECPO,INE132E01015
Amraworld Agrico Ltd.,X,AMRAAGRI,INE735C01027
Auto Pins (India) Ltd.,XT,AUTOPINS,INE706C01028
Odyssey Corporation Ltd.,X,ODYCORP,INE839E01023
IKOMA TECHNOLOGIES LIMITED,XT,IKOMA,INE164D01010
Inducto Steels ltd.,X,INDCTST,INE146H01018
Sam Industries Ltd.,X,SAMINDUS,INE653D01012
Shree Vatsaa Finance & Leasing Ltd.,X,SHVFL,INE981C01019
VASHU BHAGNANI INDUSTRIES LIMITED,X,POOJAENT,INE147C01017
Gravity (India) Ltd.,XT,GRAVITY,INE995A01013
ESPIRE HOSPITALITY LIMITED,X,ESPIRE,INE176O01011
LCC Infotech Ltd.,B,LCCINFOTEC,INE938A01021
AARCON FACILITIES LIMITED,P,AARCON,INE056J01015
Sindhu Trade Links Limited,B,SINDHUTRAD,INE325D01025
Zenotech Laboratories Limited,X,ZENOTECH,INE486F01012
Hindustan Bio Sciences Ltd.,X,HINDBIO,INE597C01021
Frontline Corporation Limited,X,FRONTCORP,INE092D01013
Swelect Energy Systems Limited,B,SWELECTES,INE409B01013
Wallfort Financial Services Ltd.,X,WALLFORT,INE121B01014
KDDL Ltd,B,KDDL,INE291D01011
Trustedge Capital Limited,X,TRUSTEDGE,INE398H01015
Abhinav Capital Services Limited,X,ABHICAP,INE516F01016
3B BlackBio Dx Limited,B,3BBLACKBIO,INE994E01018
GUJJUBHAI INDUSTRIES LIMITED,X,GUJJUBHAI,INE311N01016
Interworld Digital Ltd.,XT,INTERDIGI,INE177D01020
MONIND LIMITED,XT,MONIND,INE407E01029
Shri Kalyan Holdings Ltd.,XT,SHKALYN,INE079N01019
Atvo Enterprises Limited,XT,ATVOENT,INE219M01021
EPUJA SPIRITECH LIMITED,X,EPUJA,INE807D01030
Indo-City Infotech Ltd.,XT,INDOCITY,INE456B01014
SBEC Sugar Ltd.,XT,SBECSUG,INE948G01019
Brijlaxmi Leasing & Finance ltd.,X,BRIJLEAS,INE957E01031
BSEL ALGO LIMITED,X,BSELALGO,INE395A01016
Reliable Ventures India Ltd,XT,RELIABVEN,INE419H01019
Triumph International Finance India,X,TRIUMPIN,INE382B01012
Bank Of Baroda,A,BANKBARODA,INE028A01039
SMC Credits ltd.,XT,SMCREDT,INE440E01012
G-Tech Info-Training Ltd.,XT,GTEIT,INE634D01038
Mohite Industries Limited,X,MOHITE,INE154B01023
Andhra Cement Ltd.,B,ACL,INE666E01020
SKM Egg Products Exports (India) Lt,B,SKMEGGPROD,INE411D01023
Welspun Corp Limited,A,WELCORP,INE191B01025
H.S.India Ltd.,X,HOTLSILV,INE731B01010
Bank of India,A,BANKINDIA,INE084A01016
Indraprastha Medical Corporation Lt,A,INDRAMEDCO,INE681B01017
JOHNSON PHARMACARE LIMITED,X,JOHNPHARMA,INE560F01022
Gail (India) Ltd.,A,GAIL,INE129A01019
Vaibhav Global Ltd,B,VAIBHAVGBL,INE884A01027
TRESCON LIMITED,X,TRESCON,INE088D01011
Gujarat State Financial corporation,B,GUJSTATFIN,INE944A01011
JK Paper Ltd.,A,JKPAPER,INE789E01012
Saregama India Ltd.,A,SAREGAMA,INE979A01025
Minolta Finance Ltd.,XT,MINOLTAF,INE514C01026
Omkar Pharmachem Ltd.,X,OMKARPH,INE501C01015
Adroit Infotech Limited,B,ADROITINFO,INE737B01033
ICICI Bank Ltd.,A,ICICIBANK,INE090A01021
Cyient Limited,A,CYIENT,INE136B01020
Engineers India Ltd.,A,ENGINERSIN,INE510A01028
Dhanlaxmi Bank Limited,B,DHANBANK,INE680A01011
Gujarat Mineral Development Corpora,A,GMDCLTD,INE131A01031
Gayatri Sugars Ltd.,X,GAYATRI,INE622E01023
IndusInd Bank Ltd.,A,INDUSINDBK,INE095A01012
India Tourism Development Corporati,B,ITDC,INE353K01014
Jammu and Kashmir Bank Ltd.,A,J&KBANK,INE168A01041
CITY UNION BANK LIMITED,A,CUB,INE491A01021
Archies Ltd.,B,ARCHIES,INE731A01020
AXIS Bank Ltd.,A,AXISBANK,INE238A01034
CMX HOLDINGS LIMITED,X,CMXLTD,INE027F01014
South Indian Bank Ltd.,A,SOUTHBANK,INE683A01023
Energy Development Company Ltd.,B,ENERGYDEV,INE306C01019
Sonata Software Ltd.,A,SONATSOFTW,INE269A01021
Bengal Tea & fabrics Ltd.,X,BENGALT,INE665D01016
National Aluminium Co. Ltd.,A,NATIONALUM,INE139A01034
India Nippon Electricals Ltd,B,INDNIPPON,INE092B01025
Nalwa Sons Investment Ltd,B,NSIL,INE023A01030
Apar Industries Ltd,A,APARINDS,INE372A01015
TCI Industries Ltd.,X,TCIIND,INE920B01019
ACCELYA SOLUTIONS INDIA LIMITED,B,ACCELYA,INE793A01012
ORCHASP LIMITED,B,ORCHASP,INE215B01022
Landmarc Leisure Corporation Ltd.,X,LANDMARC,INE394C01023
HCL Technologies Ltd,A,HCLTECH,INE860A01027
TCFC Finance Ltd,X,TCFCFINQ,INE389D01013
Geojit Financial Services Limited,B,GEOJITFSL,INE007B01023
JINDAL STEEL LIMITED,A,JINDALSTEL,INE749A01030
BLB Limited,B,BLBLIMITED,INE791A01024
Glenmark Pharmaceuticals ltd,A,GLENMARK,INE935A01035
Wockhardt Ltd,A,WOCKPHARMA,INE049B01025
Integrated Hi-tech ltd.,X,INTEGHIT,INE934A01012
KJMC Corporate Advisors (India) Ltd.,X,KJMCCORP,INE602C01011
Ind-Swift Laboratories Ltd.,B,INDSWFTLAB,INE915B01019
GE Power India Limited,B,GVPIL,INE878A01011
Shree Rama Multi-tech Ltd.,B,SHREERAMA,INE879A01019
Mahindra Lifespace Developers Ltd.,A,MAHLIFE,INE813A01018
GROARC INDUSTRIES INDIA LIMITED,X,GROARC,INE042B01012
Vaarad Ventures Ltd,X,VAARAD,INE418B01048
Zydus Lifesciences Limited,A,ZYDUSLIFE,INE010B01027
Shiva Cement Ltd.,X,SHIVACEM,INE555C01029
Cinevista Limited,B,CINEVISTA,INE039B01026
Intense Technologies,B,INTENTECH,INE781A01025
Danlaw Technologies India Ltd.,XT,DANLAW,INE310B01013
Ajanta Pharma Ltd.,A,AJANTPHARM,INE031B01049
Cura Technologies Limited,B,CURAA,INE117B01020
HB Portfolio Ltd.,X,HBPOR,INE638B01025
HB Estate Developers Ltd.,B,HBESD,INE640B01021
Ambica Agarbathies & Aroma Ind. Ltd.,B,AMBICAAGAR,INE792B01012
Compucom Software Lt.,B,COMPUSOFT,INE453B01029
Omni Axs Software Ltd.,X,OMNIAX,INE369B01019
IZMO Limited,B,IZMO,INE848A01014
TVS Motor Company Ltd.,A,TVSMOTOR,INE494B01023
MADALA HOLDINGS LIMITED,X,MADALA,INE002B01016
Transport Corporation of India Ltd,B,TCI,INE688A01022
Virgo Global Limited,XT,VIRGOGLOB,INE400B01020
Picturehouse Media Limited,X,PICTUREHS,INE448B01029
Hit Kit Global Solutions Ltd,X,HITKITGLO,INE309B01023
Nagpur Power & Industries Ltd,X,NAGPI,INE099E01016
Dynacons Systems & Solutions Ltd.,B,DSSL,INE417B01040
PNB Gilts Ltd,B,PNBGILTS,INE859A01011
BRIGHTCOM GROUP LIMITED,B,BCG,INE425B01027
Ramco Industries Ltd,B,RAMCOIND,INE614A01028
Ramco Systems Ltd,B,RAMCOSYS,INE246B01019
Tata Teleservices (Maharashtra) Ltd.,A,TTML,INE517B01013
Virinchi Limited,B,VIRINCHI,INE539B01017
WEP Solutions Ltd,X,WEPSOLN,INE434B01029
TIPS MUSIC LIMITED,A,TIPSMUSIC,INE716B01029
UMIYA BUILDCON LIMITED,B,UMIYA-MRO,INE398B01018
Universal Arts Ltd,X,UNIVARTS,INE464B01018
FIRST FINTEC LIMITED,XT,FIRSTFIN,INE683B01047
Baba Arts Ltd,X,BABA,INE893A01036
Balaji Telefilms Ltd.,B,BALAJITELE,INE794B01026
Tyche Industries Ltd.,X,TYCHE,INE443B01012
Pritish Nandy Communications Ltd,B,PNC,INE392B01011
Indian Overseas Bank,A,IOB,INE565A01014
Taj GVK Hotels & Resorts Ltd.,B,TAJGVK,INE586B01026
Creative Eye Ltd.,B,CREATIVEYE,INE230B01021
AXISCADES TECHNOLOGIES LIMITED,B,AXISCADES,INE555B01013
KONNDOR INDUSTRIES LIMITED,XT,KONNDOR,INE971A01014
Usha Martin Education & Solutions Limited,B,UMESLTD,INE240C01028
BIRLASOFT LIMITED,A,BSOFT,INE836A01035
USG Tech Solutions Ltd,XT,USGTECH,INE718B01017
Fourth Generation Information Systems Ltd,XT,4THGEN,INE739B01039
Saven Technologies Ltd.,X,7TEC,INE856B01023
Avantel Limited,A,AVANTEL,INE005B01027
MOSCHIP TECHNOLOGIES LIMITED,A,MOSCHIP,INE935B01025
Transcorp International Ltd.,X,TRANSCOR,INE330E01023
Next Mediaworks Ltd,B,NEXTMEDIA,INE747B01016
Godrej Consumer Products Ltd.,A,GODREJCP,INE102D01028
GENUS PRIME INFRA LIMITED,X,GENUSPRIME,INE256D01014
BF Utilities Ltd.,B,BFUTILITIE,INE243D01012
United Spirits Limited,A,UNITDSPR,INE854D01024
Sanmit Infra Limited,XT,SANINFRA,INE799C01049
OLECTRA GREENTECH LIMITED,A,OLECTRA,INE260D01016
MPS Limited,B,MPSLTD,INE943D01017
Cera Sanitaryware Ltd.,A,CERA,INE739E01017
T. Spiritual World Ltd.,XT,TSPIRITUAL,INE541C01037
Bharti Airtel  Ltd.,A,BHARTIARTL,INE397D01024
Shalimar Wires Industries Ltd.,X,SHALIWIR,INE655D01025
Gulshan Polyols Ltd.,B,GULPOLY,INE255D01024
Ponni Sugars (Erode) Ltd.,B,PONNIERODE,INE838E01017
Punjab National Bank,A,PNB,INE160A01022
Oracle Financial Services Software Limited,A,OFSS,INE881D01027
Hazoor Multi Projects Limited,B,HAZOOR,INE550F01049
Kama Holdings Limited,B,KAMAHOLD,INE411F01010
MPF Systems Limited,XT,MPFSL,INE095E01022
Union Bank of India,A,UNIONBANK,INE692A01016
United Breweries Ltd.,A,UBL,INE686F01025
Granules India Ltd.,A,GRANULES,INE101D01020
Canara Bank,A,CANBK,INE476A01022
Balmer Lawrie Investments Ltd.,B,BLIL,INE525F01025
Pokarna Ltd.,B,POKARNA,INE637C01025
Divi's Laboratories Ltd.,A,DIVISLAB,INE361B01024
Astra Microwave Products Ltd.,A,ASTRAMICRO,INE386C01029
Radico Khaitan Ltd.,A,RADICO,INE944F01028
Maruti Suzuki India  Ltd.,A,MARUTI,INE585B01010
Rajapalayam Mills Limited,B,RAJPALAYAM,INE296E01026
Navin Fluorine International Limited,A,NAVINFLUOR,INE048G01026
UCO Bank,A,UCOBANK,INE691A01018
B.A.G. Films & Media Ltd,B,BAGFILMS,INE116D01028
Jindal Stainless Limited,A,JSL,INE220G01021
Suprajit Engineering Ltd.,A,SUPRAJIT,INE399C01030
TVS Electronics Ltd.,B,TVSELECT,INE236G01019
Indraprashtha Gas Ltd.,A,IGL,INE203G01027
T.V.Today Network Limited,B,TVTODAY,INE038F01029
PETRONET LNG LTD.,A,PETRONET,INE347G01014
Biocon Ltd.,A,BIOCON,INE376G01013
PTC India Ltd,A,PTC,INE877F01012
Bank of maharashtra,A,MAHABANK,INE457A01014
ramkrishna forgings Ltd.,A,RKFORGE,INE399G01023
Datamatics Global Services Limited,A,DATAMATICS,INE365B01017
New Delhi Television Limited,B,NDTV,INE155G01029
STRIDES PHARMA SCIENCE LIMITED,A,STAR,INE939A01011
UltraTech Cement Ltd,A,ULTRACEMCO,INE481G01011
UNO Minda Limited,A,UNOMINDA,INE405E01023
Tata Consultancy Services Ltd.,A,TCS,INE467B01029
COFORGE LIMITED,A,COFORGE,INE591G01025
Century Plyboards (India) Ltd.,A,CENTURYPLY,INE348B01021
Welspun Enterprises Limited,A,WELENT,INE625G01013
NTPC Limited,A,NTPC,INE733E01010
JBM Auto Limited,A,JBMA,INE927D01051
Dwarikesh Sugar Industries Ltd.,B,DWARKESH,INE366A01041
Indoco Remedies Ltd.,B,INDOCO,INE873D01024
Xchanging Solutions Limited,B,XCHANGING,INE692G01013
Jindal Photo Limited,B,JINDALPHOT,INE796G01012
Pondy Oxides & Chemicals Limited,A,POCL,INE063E01061
Jaiprakash Power Ventures Limited,A,JPPOWER,INE351F01018
3i Infotech limited,B,3IINFOLTD,INE748C01038
Gokaldas Exports Ltd,A,GOKEX,INE887G01027
Alldigi Tech Limited,B,ALLDIGI,INE835G01018
IIFL FINANCE LIMITED,A,IIFL,INE530B01024
Mangalam Drugs and Organics Ltd.,B,MANGALAM,INE584F01014
Shoppers Stop Ltd,B,SHOPERSTOP,INE498B01024
Nandan Denim Limited,B,NDL,INE875G01048
JSW Holdings Limited,A,JSWHL,INE824G01012
J.K. CEMENT LTD,A,JKCEMENT,INE823G01014
Beeyu Overseas Ltd.,X,BEEYU,INE052B01011
Yes Bank Ltd.,A,YESBANK,INE528G01035
MSP STEEL & POWER LTD.,B,MSPL,INE752G01015
SPL INDUSTRIES LIMITED,B,SPLIL,INE978G01016
Karnataka Bank Ltd.,A,KTKBANK,INE614B01018
FACOR Alloys Limited,XT,FACORALL,INE828G01013
Rane (Madras)  Ltd.,B,RML,INE050H01012
HT MEDIA LIMITED,B,HTMEDIA,INE501G01024
Sasken Technologies Limited,B,SASKEN,INE231F01020
FCS Software Solutions Ltd.,B,FCSSOFT,INE512B01022
SUZLON ENERGY LTD.,A,SUZLON,INE040H01021
Aurionpro Solutions Ltd.,A,AURIONPRO,INE132H01018
Shree Renuka Sugars Ltd.,A,RENUKA,INE087H01022
K. M. Sugar Mills Ltd.,B,KMSUGAR,INE157H01023
PBA INFRASTRUCTURE LTD.,XT,PBAINFRA,INE160H01019
AIA Engineering Ltd.,A,AIAENG,INE212H01026
Everest Kanto Cylinders Ltd.,B,EKC,INE184H01027
Kernex Microsystems (India) Ltd.,B,KERNEX,INE202H01019
Repro India Ltd.,B,REPRO,INE461B01014
PVR INOX LIMITED,A,PVRINOX,INE191H01014
Celebrity Fashions Ltd.,B,CELEBRITY,INE185H01016
Nitin Spinners Ltd.,B,NITINSPIN,INE229H01012
Royal Orchid Hotels Ltd,B,ROHLTD,INE283H01019
Entertainment Network (India) Ltd,B,ENIL,INE265F01028
Jagran Prakashan Limited,B,JAGRAN,INE199G01027
Dynemic Products Ltd.,B,DYNPRO,INE256H01015
Sadbhav Engineering Ltd.,B,SADBHAV,INE226H01026
Sakuma Exports Ltd.,B,SAKUMA,INE190H01024
KEC International Ltd.,A,KEC,INE389H01022
Gillanders Arbuthnot & Co. Ltd.,B,GILLANDERS,INE047B01011
B L Kashyap and Sons Ltd,B,BLKASHYAP,INE350H01032
Mahindra & Mahindra Financial Services Limited,A,M&MFIN,INE774D01024
Nitco Ltd.,B,NITCO,INE858F01012
MPDL LIMITED,X,MPDL,INE493H01014
Solar Industries India Limited,A,SOLARINDS,INE343H01029
GALLANTT ISPAT LIMITED,A,GALLANTT,INE297H01019
Malu Paper Mills Limited,B,MALUPAPER,INE383H01017
Uttam Sugar Mills Ltd,B,UTTAMSUGAR,INE786F01031
STL Global Ltd,B,SGL,INE353H01010
Kewal Kiran Clothing Ltd.,B,KKCL,INE401H01017
SUN TV NETWORK LIMITED,A,SUNTV,INE424H01027
GODAWARI POWER AND ISPAT LTD.,A,GPIL,INE177H01039
R Systems International Limited,B,RSYSTEMS,INE411H01032
Emkay Global Financial Services Ltd,B,EMKAY,INE296H01011
PAUSHAK LIMITED (formerly known as Darshak Limited),B,PAUSHAKLTD,INE111F01024
GTN Textiles Ltd. (formerly known as GTN Industries Ltd.),X,GTNTEX,INE302H01017
Prime Focus Limited,B,PFOCUS,INE367G01038
Allcargo Logistics Ltd,B,ALLCARGO,INE418H01029
GMR Airports Limited,A,GMRAIRPORT,INE776C01039
Tech Mahindra Limited,A,TECHM,INE669C01036
CIE Automotive India Limited,A,CIEINDIA,INE536H01010
VOLTAMP TRANSFORMERS LIMITED,A,VOLTAMP,INE540H01012
ATLANTAA LIMITED,B,ATLANTAA,INE285H01022
HANDSON GLOBAL MANAGEMENT (HGM) LIMITED,B,HGM,INE596H01014
Action Construction Equipments Ltd.,A,ACE,INE731H01025
FIEM INDUSTRIES LIMITED,B,FIEMIND,INE737H01014
JHS Svendgaard Laboratories Ltd.,B,JHS,INE544H01014
DCB Bank Limited,A,DCBBANK,INE503A01015
Global Vectra Helicorp Ltd.,B,GLOBALVECT,INE792H01019
GTL Infrastructure Limited,B,GTLINFRA,INE221H01019
Info Edge(India) Ltd.,A,NAUKRI,INE663F01032
TORRENT POWER LIMITED,A,TORNTPOWER,INE813H01021
LT Foods Limited,A,LTFOODS,INE818H01020
Sobha Limited,A,SOBHA,INE671H01015
Ruchira Papers Ltd,B,RUCHIRA,INE803H01014
TANLA PLATFORMS LIMITED,A,TANLA,INE483C01032
Zee Media Corporation Limited,B,ZEEMEDIA,INE966H01019
Lumax Auto Technologies Ltd.,A,LUMAXTECH,INE872H01027
Network 18 Media & Investments Limited,A,NETWORK18,INE870H01013
Hubtown Limited,A,HUBTOWN,INE703H01016
Cambridge Technology Enterprises Ltd.,B,CTE,INE627H01017
Technocraft Industries (India) Ltd.,B,TIIL,INE545H01011
Redington Limited,A,REDINGTON,INE891D01026
AI CHAMPDANY INDUSTRIES LIMITED,XT,AICHAMP,INE768E01024
Cineline India Limited,B,CINELINE,INE704H01022
Pearl Global Industries Limited,A,PGIL,INE940H01022
Firstsource Solutions Ltd.,A,FSL,INE684F01012
Power Finance Corporation Ltd,A,PFC,INE134E01011
Ahluwalia Contracts (India) Ltd,A,AHLUCONT,INE758C01029
Transwarranty Finance Limited,B,TFL,INE804H01012
Indian Bank,A,INDIANB,INE562A01011
SMS Pharmaceuticals Ltd,B,SMSPHARMA,INE812G01025
Oriental Trimex Limited,B,ORIENTALTL,INE998H01012
E-Land Apparel Limited,X,ELAND,INE311H01018
VODAFONE IDEA  LIMITED,A,IDEA,INE669E01016
JAGJANANI TEXTILES LIMITED,X,JAGJANANI,INE702H01018
Raj Television Network Ltd,B,RAJTV,INE952H01027
Page Industries Ltd.,A,PAGEIND,INE761H01022
AMD Industries Ltd,B,AMDIND,INE005I01014
LEHAR FOOTWEARS LIMITED,X,LEHAR,INE976H01018
ASTRAL LIMITED,A,ASTRAL,INE006I01046
EMBASSY DEVELOPMENTS LIMITED,A,EMBDL,INE069I01010
Camlin Fine Sciences Ltd,B,CAMLINFINE,INE052I01032
ICRA Limited,B,ICRA,INE725G01011
SAHYADRI INDUSTRIES LTD.,B,SAHYADRI,INE280H01015
Sree Rayalaseema Hi-Strength Hypo Limited,B,SRHHYPOLTD,INE917H01012
Fortis Healthcare Ltd,A,FORTIS,INE061F01013
TGB Banquets and Hotels Limited,B,TGBHOTELS,INE797H01018
Delta Corp Limited,B,DELTACORP,INE124G01033
Insecticides India Ltd.,B,INSECTICID,INE070I01018
Asahi Songwon Colors Ltd.,B,ASAHISONG,INE228I01012
Haryana Capfin Ltd.,X,HARYNACAP,INE928H01019
Time Technoplast Limited,A,TIMETECHNO,INE508G01029
Hinduja Global Solutions Limited,B,HGS,INE170I01016
Nelcast Limited,B,NELCAST,INE189I01024
V2 Retail Limited,B,V2RETAIL,INE945H01021
DLF LIMITED,A,DLF,INE271C01023
Tarmat Limited,B,TARMAT,INE924H01018
Sun Pharma Advanced Research Company Ltd.,B,SPARC,INE232I01014
Allied Digital Services Limited,B,ADSL,INE102I01027
Alpa Laboratories Limited,B,ALPA,INE385I01010
OMAXE LIMITED,B,OMAXE,INE800H01010
Refex Industries Limited,A,REFEX,INE056I01025
Central Bank of India,A,CENTRALBK,INE483A01010
SEL Manufacturing Company Limited,B,SELMC,INE105I01020
ASIAN GRANITO INDIA LIMITED,B,ASIANTILES,INE022I01019
K.P.R. Mill Ltd.,A,KPRMILL,INE930H01031
Take Solutions Ltd,B,TAKE,INE142I01023
Puravankara Limited,B,PURVA,INE323I01011
Motilal Oswal Financial Services Limited,A,MOTILALOFS,INE338I01027
VTM Ltd,X,VTMLTD,INE222F01029
Nagreeka Capital & Infrastructure Limited,B,NAGREEKCAP,INE245I01016
MAGNUM VENTURES LIMITED,B,MAGNUM,INE387I01016
POWER GRID CORPORATION OF INDIA LIMITED,A,POWERGRID,INE752E01010
Kaveri Seed Company Ltd,B,KSCL,INE455I01029
PAISALO DIGITAL LIMITED,A,PAISALO,INE420C01059
Consolidated Construction Consortium Ltd,B,CCCL,INE429I01024
Supreme Infrastructure India Limited,B,SUPREMEINF,INE550H01011
MAAN ALUMINIUM LIMITED,B,MAANALU,INE215I01027
PARLE INDUSTRIES LIMITED,XT,PARLEIND,INE272G01014
Religare Enterprises Ltd,A,RELIGARE,INE621H01010
BARAK VALLEY CEMENTS LIMITED,B,BVCL,INE139I01011
RATHI BARS LIMITED,X,RATHIBAR,INE575I01016
Adani Ports and Special Economic Zone Ltd,A,ADANIPORTS,INE742F01042
Edelweiss Financial Services Ltd.,A,EDELWEISS,INE532F01054
RENAISSANCE GLOBAL LIMITED,B,RGL,INE722H01024
Kolte-Patil Developers Ltd,B,KOLTEPATIL,INE094I01018
JYOTHY LABS LIMITED,A,JYOTHYLAB,INE668F01031
eClerx Services Limited,A,ECLERX,INE738I01010
Transformers and Rectifiers (India) Limited,A,TARIL,INE763I01026
Brigade Enterprises Limited,A,BRIGADE,INE791I01019
MANAKSIA LIMITED,B,MANAKSIA,INE015D01022
PORWAL AUTO COMPONENTS LIMITED,X,PORWAL,INE386I01018
Aries Agro Limited,B,ARIES,INE298I01015
Kuantum Papers Limited,B,KUANTUM,INE529I01021
Reliance Power Limited,A,RPOWER,INE614G01033
J. Kumar Infraprojects Limited,B,JKIL,INE576I01022
KNR Constructions Limited,A,KNRCON,INE634I01029
SEPC LIMITED,B,SEPC,INE964H01014
Bang Overseas Ltd,B,BANG,INE863I01016
IRB Infrastructure Developers Limited,A,IRB,INE821I01022
GSS Infotech Ltd,B,GSS,INE871H01011
Nahar Capital & Financial Services Ltd.,B,NAHARCAP,INE049I01012
V-Guard Industries Ltd.,A,VGUARD,INE951I01027
REC LIMITED,A,RECLTD,INE020B01018
GOKAK TEXTILES LTD.,X,GOKAKTEX,INE642I01014
TITAGARH RAIL SYSTEMS LIMITED,A,TITAGARH,INE615H01020
KIRI INDUSTRIES LIMITED,A,KIRIINDUS,INE415I01015
Aditya Birla  Money Ltd,B,BIRLAMONEY,INE865C01022
TELOGICA LIMITED,XT,TELOGICA,INE778I01024
Bajaj Auto Limited,A,BAJAJ-AUTO,INE917I01010
Bajaj Finserv Limited,A,BAJAJFINSV,INE918I01026
Gokul Refoils and Solvent Limited,B,GOKUL,INE020J01029
RPG Life Sciences Limited,B,RPGLIFE,INE105J01010
Kotak Mahindra Mutual Fund,A,SENSEX1,INF174KA1JD7
CHL Limited,X,CHLLTD,INE790D01020
Archidply Industries Limited,B,ARCHIDPLY,INE877I01016
Lotus Eye Hospital And Institute Limited,B,LOTUSEYE,INE947I01017
SOMI CONVEYOR BELTINGS LIMITED,B,SOMICONVEY,INE323J01019
Birla Cotsyn (India) Limited,XT,BIRLACOT,INE655I01032
LGB Forge Limited,XT,LGBFORGE,INE201J01017
Landmark Property Development Company Ltd.,B,LPDC,INE197J01017
Sicagen India Limited,B,SICAGEN,INE176J01011
SIMPLEX MILLS COMPANY LIMITED,X,SIMPLXMIL,INE457H01027
SIMPLEX PAPERS LTD.,X,SIMPLXPAP,INE456H01029
20 Microns Limited,B,20MICRONS,INE144J01027
ZF Commercial Vehicle Control Systems India Limited,A,ZFCVINDIA,INE342J01019
ISGEC Heavy Engineering Limited,B,ISGEC,INE858B01029
Indian Metals & Ferro Alloys Limited,A,IMFA,INE919H01018
Teamo Productions HQ Limited,B,TPHQ,INE065J01024
VEDAVAAG Systems Limited,X,VEDAVAAG,INE359B01010
Mold-Tek Packaging Limited,B,MOLDTKPAC,INE893J01029
Mahindra Holidays & Resorts India Limited,B,MHRIL,INE998I01010
Landsmill Green Limited,B,LANDSMILL,INE688J01023
RAJ OIL MILLS LIMITED,B,ROML,INE294G01026
Bengal & Assam Company Limited,B,BENGALASM,INE083K01017
Adani Power Limited,A,ADANIPOWER,INE814H01029
NHPC Limited,A,NHPC,INE848E01016
Premier Energy and Infrastructure  Limited,X,PEIL,INE429K01012
Suryaamba Spinning Mills Limited,X,SURYAAMBA,INE360J01011
Globus Spirits Limited,B,GLOBUSSPR,INE615I01010
Oil India Limited,A,OIL,INE274J01014
Shree Precoated Steels Limited,X,SPSL,INE318K01025
EXPLEO SOLUTIONS LIMITED,B,EXPLEOSOL,INE201K01015
RattanIndia Power Limited,A,RTNPOWER,INE399K01017
DEN Networks Limited,B,DEN,INE947J01015
ASTEC LIFESCIENCES LIMITED,B,ASTEC,INE563J01010
D-Link (India) Ltd,B,DLINKINDIA,INE250K01012
JSW Energy Limited,A,JSWENERGY,INE121E01018
Yunik Managing Advisors Limited,X,YUNIKM,INE143K01019
Godrej Properties Limited,A,GODREJPROP,INE484J01027
D.B.Corp Limited,B,DBCORP,INE950I01011
Jubilant Foodworks Limited,A,JUBLFOOD,INE797F01020
Thangamayil Jewellery Limited,A,THANGAMAYL,INE085J01014
Hathway Cable & Datacom Limited,B,HATHWAY,INE982F01036
Texmo Pipes and Products Limited,B,TEXMOPIPES,INE141K01013
Sundaram Multi Pap Ltd.,B,SUNDARAM,INE108E01023
Coromandel Engineering Company Limited,X,COROENGG,INE312J01012
Rossell India Limited,B,ROSSELLIND,INE847C01020
MAN INFRACONSTRUCTION LIMITED,B,MANINFRA,INE949H01023
Persistent Systems Limited,A,PERSISTENT,INE262H01021
Intrasoft Technologies Limited,B,ISFT,INE566K01011
K C P SUGAR AND INDUSTRIES CORPORATION LTD.,B,KCPSUGIND,INE790B01024
KIRLOSKAR ELECTRIC COMPANY LTD.,B,KECL,INE134B01017
SATCHMO HOLDINGS LIMITED,XT,SATCH,INE639K01016
TARAPUR TRANSFORMERS LIMITED,B,TARAPUR,INE747K01017
SJVN LIMITED,A,SJVN,INE002L01015
Kriti Nutrients Ltd,B,KRITINUT,INE798K01010
GKB Ophthalmics Ltd.,X,GKB,INE265D01015
Hindustan Media Ventures Limited,B,HMVL,INE871K01015
Asian Hotels (East) Limited,B,AHLEAST,INE926K01017
BAJAJ CONSUMER CARE LIMITED,A,BAJAJCON,INE933K01021
Prakash Steelage Limited,B,PRAKASHSTL,INE696K01024
Gujarat Pipavav Port Limited,A,GPPL,INE517F01014
INDOSOLAR LIMITED,B,WAAREEINDO,INE866K01023
HEALTH X PLATFORM LIMITED,B,HEALTHX,INE019J01013
Ramky Infrastructure Limited,B,RAMKY,INE874I01013
Orient Green Power Company Limited,B,GREENPOWER,INE999K01014
CANTABIL RETAIL INDIA LIMITED,B,CANTABIL,INE068L01024
SEA TV Network Limited,X,SEATV,INE351L01016
VA Tech Wabag Limited,A,WABAG,INE956G01038
Bedmutha Industries Limited,B,BEDMUTHA,INE844K01012
Ashoka Buildcon Limited,A,ASHOKA,INE442H01029
JUPITER WAGONS LIMITED,A,JWL,INE209L01016
OBEROI REALTY LIMITED,A,OBEROIRLTY,INE093I01010
Prestige Estates Projects Limited,A,PRESTIGE,INE811K01011
SHAH METACORP LIMITED,B,SHAH,INE482J01021
Coal India Limited,A,COALINDIA,INE522F01014
GRAVITA INDIA LIMITED,A,GRAVITA,INE024L01027
RPP INFRA PROJECTS LIMITED,B,RPPINFRA,INE324L01013
RDB INFRASTRUCTURE AND POWER LIMITED,B,RDBIPL,INE245L01028
MOIL Limited,A,MOIL,INE490G01020
Kesar Terminals & Infrastructure Limited,X,KTIL,INE096L01025
A2Z Infra Engineering Limited,B,A2ZINFRA,INE619I01012
Kirloskar Oil Engines Limited,A,KIRLOSENG,INE146L01010
Ravi Kumar Distilleries Limited,B,RKDL,INE722J01012
PUNJAB & SIND BANK,B,PSB,INE608A01012
Surana Solar Limited,B,SURANASOL,INE272L01022
SHEKHAWATI INDUSTRIES LIMITED,B,SHEKHAWATI,INE268L01046
Kalyani Investment Company Limited,B,KICL,INE029L01018
BF Investment Limited,B,BFINVEST,INE878K01010
SUMMIT SECURITIES LTD.,B,SUMMITSEC,INE519C01017
INNOVASSYNTH TECHNOLOGIES (INDIA) LIMITED,XT,INOVSYNTH,INE690J01011
STEL Holdings Limited,B,STEL,INE577L01016
Texmaco Rail & Engineering Limited,A,TEXRAIL,INE621L01012
Indian Terrain Fashions Limited,B,INDTERRAIN,INE611L01021
Fineotex Chemical Limited,B,FCL,INE045J01034
Dhunseri Investments Ltd,B,DHUNINV,INE320L01011
Zen Technologies Ltd.,A,ZENTEC,INE251B01027
Lovable Lingerie Limited,B,LOVABLE,INE597L01014
PTC India Financial Services Limited,B,PFS,INE560K01014
MUTHOOT FINANCE LIMITED,A,MUTHOOTFIN,INE414G01012
TRUE GREEN BIO ENERGY LIMITED,XT,TRUEGREEN,INE672K01025
VMS INDUSTRIES LIMITED,X,VMS,INE932K01015
Karma Energy Limited,B,KARMAENG,INE725L01011
Rushil Decor Limited,B,RUSHIL,INE573K01025
Enkei wheels (India) Limited,X,ENKEIWHEL,INE130L01014
INVENTURE GROWTH & SECURITIES LIMITED,B,INVENTURE,INE878H01024
L&T Finance Limited,A,LTF,INE498L01015
Tree House Education & Accessories Limited,B,TREEHOUSE,INE040M01013
RUPA & COMPANY LIMITED,B,RUPA,INE895B01021
TD Power Systems Ltd,A,TDPOWERSYS,INE419M01027
ALEMBIC PHARMACEUTICALS LIMITED,A,APLLTD,INE901L01018
Vaswani Industries Limited,B,VASWANI,INE590L01019
PG Electroplast Limited,A,PGEL,INE457L01029
Lesha Industries Limited,X,LESHAIND,INE050L01048
RDB Rasayans Limited,X,RDBRL,INE123M01017
TIJARIA POLYPIPES LIMITED,B,TIJARIA,INE440L01017
Ujaas Energy Limited,B,UEL,INE899L01030
Triveni Turbine Limited,A,TRITURBINE,INE152M01016
Indo Thai Securities Limited,B,INDOTHAI,INE337M01021
Essar Shipping Ltd,B,ESSARSHPNG,INE122M01019
APL Apollo Tubes Limited,A,APLAPOLLO,INE702C01027
GPT Infraprojects limited,B,GPTINFRA,INE390G01014
Fervent Synergies Limited,X,FERVENTSYN,INE258M01011
THOMAS SCOTT (INDIA) LIMITED,B,THOMASCOTT,INE480M01011
Tera Software Ltd.,B,TERASOFT,INE482B01010
PMC Fincorp Limited,X,PMCFIN,INE793G01035
Futuristic Solutions Ltd.,X,FUTSOL,INE241F01011
Alliance Integrated Metaliks Limited,XT,AIML,INE123D01024
RHI MAGNESITA INDIA LIMITED,A,RHIM,INE743M01012
Multi Commodity Exchange of India Ltd,A,MCX,INE745G01043
Pyxis Finvest Limited,MT,PYXISFIN,INE883L01018
SCHNEIDER ELECTRIC INFRASTRUCTURE LIMITED,A,SCHNEIDER,INE839M01018
Olympic Cards Limited,X,OLPCL,INE550L01013
NBCC (India) Limited,A,NBCC,INE095N01031
Hexa Tradex Limited,B,HEXATRADEX,INE750M01017
Max heights Infrastucture Ltd,X,MAXHEIGHTS,INE393F01010
Tribhovandas Bhimji Zaveri Limited,B,TBZ,INE760L01018
Vardhman Special Steels Ltd,B,VSSL,INE050M01012
Looks Health Services Limited,XT,LOOKS,INE204N01013
Speciality Restaurants Limited,B,SPECIALITY,INE247M01014
AURUS GEM CORPORATION LIMITED,B,AURUS,INE142K01011
RATTANINDIA ENTERPRISES LIMITED,B,RTNINDIA,INE834M01019
Sampann Utpadan India Limited,B,SAMPANN,INE735M01018
JTL INDUSTRIES LIMITED,B,JTLIND,INE391J01032
ADVANCE METERING TECHNOLOGY LIMITED,X,AMTL,INE436N01029
WAAREE RENEWABLE TECHNOLOGIES LIMITED,A,WAAREERTL,INE299N01021
Jupiter Infomedia Limited,X,JUPITERIN,INE524N01014
VINAYAK POLYCON INTERNATIONAL LIMITED,X,VINAYAKPOL,INE581M01016
Jointeca Education Solutions Limited,MT,JOINTECAED,INE131N01018
Ducon Infratechnologies Limited,B,DUCON,INE741L01018
PROZONE REALTY LIMITED,B,PROZONER,INE195N01013
SRG Housing Finance Limited,B,SRGHFL,INE559N01010
Comfort Commotrade Limited,XT,COMCL,INE456N01019
SHANTI GURU INDUSTRIES LIMITED,M,SHANTIGURU,INE892L01019
CASPIAN CORPORATE SERVICES LIMITED,XT,CASPIAN,INE176N01039
Aerpace Industries Limited,X,AERPACE,INE175N01023
VIRTUAL GLOBAL EDUCATION LTD.,X,VIRTUALG,INE247C01023
ZUARI AGRO CHEMICALS LIMITED,B,ZUARI,INE840M01016
Steel Exchange India Ltd.,B,STEELXIND,INE503B01021
Trio Mercantile & Trading Limited,XT,TRIOMERC,INE234G01022
CDG PETCHEM LIMITED,XT,CDG,INE198N01017
CARE Ratings Limited,A,CARERATING,INE752H01013
PC JEWELLER LIMITED,A,PCJEWELLER,INE785M01021
INDUS TOWERS LIMITED,A,INDUSTOWER,INE121J01017
iSERA LIFESCIENCES LIMITED,XT,ISERA,INE899M01020
V-Mart Retail Limited,A,VMART,INE665J01013
NIBE LIMITED,B,NIBE,INE149O01018
Mukta Agriculture Limited,X,MUKTA,INE160O01031
Mystic Electronics Limited,X,MYSTICELE,INE159O01033
COMFORT FINCAP LIMITED,X,COMFINCAP,INE274M01026
SBI Mutual Fund,A,SBISENSEX,INF200K01VT2
Bothra Metals & Alloys Limited,M,BMAL,INE583M01012
Repco Home Finance Limited,B,REPCOHOME,INE612J01015
LAKHOTIA POLYESTERS (INDIA) LIMITED,X,LAKHOTIA,INE191O01010
GCM Securities Limited,B,GCMSECU,INE168O01026
NRB INDUSTRIAL BEARINGS LIMITED,B,NIBL,INE047O01014
Prime Capital Market Limited,XT,PRIMECAPM,INE748D01010
KIFS Financial Services Ltd,X,KIFS,INE902D01013
Sreeleathers Limited,B,SREEL,INE099F01013
Sharda Motor Industries Ltd,B,SHARDAMOTR,INE597I01028
Binny Mills Limited,XT,BINNYMILLS,INE160L01011
S V Global Mill Limited,X,SVGLOBAL,INE159L01013
SDC TECHMEDIA LIMITED,MT,SDC,INE807O01011
Just Dial Limited,A,JUSTDIAL,INE599M01018
ObjectOne Information Systems Ltd,X,OONE,INE860E01011
India Finsec Limited,X,IFINSEC,INE474O01010
BRAHMAPUTRA INFRASTRUCTURE LIMITED,X,BRAHMINFRA,INE320I01017
AMPVOLTS LIMITED,X,AMPVOLTS,INE989J01017
Khoobsurat Ltd.,X,KHOOBSURAT,INE731G01027
ORIENT CEMENT LIMITED,B,ORIENTCEM,INE876N01018
Aditya Birla Fashion and Retail Limited,A,ABFRL,INE647O01011
Sammaan Capital Limited,A,SAMMAANCAP,INE148I01020
Money Masters Leasing & Finance Limited,B,MMLF,INE340O01021
Alacrity Securities Limited,B,ALSL,INE030P01017
GCM Commodity & Derivatives Limited,M,GCMCOMM,INE200P01016
JULIEN AGRO INFRATECH LIMITED,X,JULIEN,INE890N01027
JK Agri Genetics Limited,X,JKAGRI,INE690O01011
NOVELIX PHARMACEUTICALS LIMITED,XT,NOVELIX,INE314I01036
PVV Infra Limited,X,PVVINFRA,INE428B01021
VCU Data Management Limited,XT,VCU,INE962O01014
SRG FINGROW FINANCE LIMITED,M,SRGFFL,INE326P01019
Amrapali Capital and Finance Services Limited,MT,ACFSL,INE218P01018
STELLAR CAPITAL SERVICES LIMITED,M,STELLAR,INE325P01011
JINDAL POLY INVESTMENT AND FINANCE COMPANY LIMITED,B,JPOLYINVST,INE147P01019
Yuranus Infrastructure Ltd,X,YURANUS,INE156M01017
Motilal Oswal Mutual Fund,B,MOM100,INF247L01023
B.P.Capital Ltd.,XT,BPCAP,INE947C01010
CAPTAIN POLYPLAST LIMITED,B,CPL,INE536P01021
ICICI Prudential Mutual Fund,B,NIFTYIETF,INF109K012R6
ICICI Prudential Mutual Fund,B,NIF100IETF,INF109KC16V9
Arnold Holdings Ltd,X,ARNOLD,INE185K01036
Sunil Healthcare Limited,X,SUNLOC,INE671C01016
JTL DEFENCE LIMITED,XT,JTLDEFENCE,INE140B01048
Suyog Telematics Limited,B,SUYOG,INE442P01014
Nath Biogene India Ltd.,B,NATHBIOGEN,INE448G01010
CHEMTECH INDUSTRIAL VALVES LIMITED,X,CHEMTECH,INE212P01011
Keto Motors Limited,XT,KETOMOTORS,INE392H01026
Nippon India Mutual Fund,B,NIF100BEES,INF204K014N5
Denis Chem Lab Limited,X,DENISCHEM,INE051G01012
Polymac Thermoformers Limited,M,POLYMAC,INE826P01018
Unishire Urban Infra Limited,MT,UNISHIRE,INE210P01015
LAXMIPATI ENGINEERING WORKS LIMITED,MT,LAXMIPATI,INE920P01019
LADDU GOPAL ONLINE SERVICES LIMITED,X,LADDU,INE546I01025
Kotak Mahindra Mutual Fund,B,NIFTY1,INF174K014P6
SHREE HANUMAN SUGAR & INDUSTRIES LTD.,XT,HANSUGAR,INE101H01013
Kiran Vyapar Limited,B,KIRANVYPAR,INE555P01013
B.C. Power Controls Limited,X,BCP,INE905P01028
Karnimata Cold Storage Limited,M,KCSL,INE576P01019
RACE ECO CHAIN LIMITED,B,RACE,INE084Q01012
Mangalam Industrial Finance Limited,X,MANGIND,INE717C01025
HBG HOTELS LIMITED,X,HBGHOTELS,INE977M01024
RAUNAQ INTERNATIONAL LIMITED,XT,RAUNAQ,INE523K01012
INFRONICS SYSTEMS LIMITED,X,INFRONICS,INE463B01036
Nippon India Mutual Fund,A,CPSEETF,INF457M01133
Haria Apparels Limited,X,HARIAAPL,INE493N01012
SHRI VASUPRADA PLANTATIONS LIMITED,X,VASUPRADA,INE574G01013
R&B Denims Limited,B,RNBDENIMS,INE012Q01039
SHARP INVESTMENTS LTD,X,SHARPINV,INE909D01026
Wonderla Holidays Limited,B,WONDERLA,INE066O01014
Response Informatics Limited,X,RESPONSINF,INE401B01010
GCM Capital Advisors Limited,MT,GCMCAPI,INE191P01017
INCREDIBLE INDUSTRIES LIMITED,B,INCREDIBLE,INE452L01012
WEST LEISURE RESORTS LIMITED,X,WESTLEIRES,INE266P01017
Nam Securities Ltd.,X,NAM,INE792G01011
MAESTROS ELECTRONICS & TELECOMMUNICATIONS SYSTEMS LTD,X,METSL,INE318N01011
Jackson Investments Limited,X,JACKSON,INE508N01025
MONEYBOXX FINANCE LIMITED,B,MONEYBOXX,INE296Q01012
Worth Investment & Trading Co Limited,XT,WORTH,INE114O01020
Thirani Projects Limited,X,TPROJECT,INE901C01017
Amarnath Securities Ltd.,X,AMARSEC,INE745P01010
Capital Trade Links Limited,XT,CTL,INE172D01021
Tarini International Limited,M,TARINI,INE849M01017
SHIVAMSHREE BUSINESSES LIMITED,XT,SBL,INE857P01021
YAAN ENTERPRISES LIMITED,X,YAANENT,INE969E01010
PIPAN OILS LIMITED,XT,PIPAN,INE378P01036
ANNVRRIDHHI VENTURES LIMITED,X,ANVRDHI,INE075K01013
RAAMA FINANCE LIMITED,XT,RAAMA,INE516P01015
GoldCoin Health Foods Limited,X,GOLDCOINHF,INE634J01027
Bansal Roofing Products Limited,B,BRPL,INE319Q01012
Arman Holdings Limited,X,ARMAN,INE510P01018
Skipper Limited,B,SKIPPER,INE439E01022
SMT ENGINEERING LIMITED,X,SMTEL,INE673E01018
James Warren Tea Limited,X,JAMESWARREN,INE718P01017
Vistar Amar Limited,X,VISTARAMAR,INE878P01019
Gulf Oil Lubricants India Limited,B,GULFOILLUB,INE635Q01029
Fruition Venture Limited,XT,FRUTION,INE836C01015
Triveni Enterprises Limited,X,TRIVENIENT,INE916P01025
Bhanderi Infracon Limited,MT,BHANDERI,INE336Q01016
ZINEMA MEDIA AND ENTERTAINMENT LIMITED,MT,ZINEMA,INE641Q01019
CEMANTIC INFRA-TECH LIMITED,X,CEMAINFRA,INE222B01028
TTI Enterprise Limited,X,TTIENT,INE404F01031
Vishal Fabrics Limited,B,VISHAL,INE755Q01025
TOYAM SPORTS LIMITED,X,TOYAMSL,INE457P01020
Gajanan Securities Services Ltd.,X,GAJANANSEC,INE868G01019
Unison Metals Ltd,XT,UNISON,INE099D01026
Vasundhara Rasayans Ltd.,XT,VRL,INE406F01010
SNOWMAN LOGISTICS LIMITED,B,SNOWMAN,INE734N01019
QGO FINANCE LIMITED,X,QGO,INE837C01013
Purshottam Investofin Limited,X,PURSHOTTAM,INE729C01020
HIND COMMERCE LIMITED,X,HCLTD,INE691J01019
Sharda Cropchem Limited,A,SHARDACROP,INE221J01015
Sirohia & Sons Limited,M,SIROHIA,INE785O01019
Meghna Infracon Infrastructure Limited,B,MIIL,INE898Q01015
Nippon India Mutual Fund,A,SENSEXBEES,INF204KA1UN7
Encash Entertainment Limited,MT,ENCASH,INE552Q01018
Ultracab (India) Limited,X,ULTRACAB,INE010R01023
Rajasthan Cylinders & Containers Limited,X,RCCL,INE929D01016
Econo Trade (India) Limited,X,ETIL,INE937K01014
Atishay Limited,X,ATISHAY,INE011R01013
Sangam Finserv Limited,X,SANGAMFIN,INE475D01010
Dhabriya Polywood Limited,X,DHABRIYA,INE260R01016
Aryaman Capital Markets Limited,B,ARYACAPM,INE229R01011
PDS LIMITED,B,PDSL,INE111Q01021
HANMAN FIT LIMITED,M,HANMAN,INE982Q01017
Vibrant Global Capital Limited,XT,VGCL,INE761Q01015
CEINSYS TECH LIMITED,B,CEINSYS,INE016Q01014
PANABYTE TECHNOLOGIES LIMITED,X,PANABYTE,INE516E01019
Mudunuru Limited,XT,MUDUNURU,INE491C01027
JLA Infraville Shoppers Limited,MT,JSHL,INE401Q01018
Crane Infrastructure Limited,X,CRANEINFRA,INE176L01017
Niyogin Fintech Limited,X,NIYOGIN,INE480D01010
ASIA CAPITAL LIMITED,XT,ASIACAP,INE131Q01011
Kalyan Capitals Limited,XT,KALYANCAP,INE149Q01021
Citizen Solar Limited,X,CITIZEN,INE473L01018
Goenka Business & Finance Limited,X,GBFL,INE997C01015
Gilada Finance & Investments Ltd.,X,GILADAFINS,INE918C01029
JET SOLAR LIMITED,M,JETSOLAR,INE155R01018
Shree Ajit Pulp And Paper Ltd,B,SAPPL,INE185C01017
Aanchal Ispat Limited,XT,AANCHALISP,INE322R01022
Captain Pipes Limited,B,CAPPIPES,INE513R01026
KAIZEN AGRO INFRABUILD LIMITED,XT,KAIZENAGRO,INE891N01017
JMJ Fintech Limited,X,JMJFIN,INE242Q01016
INTELLECT DESIGN ARENA LIMITED,A,INTELLECT,INE306R01017
Monte Carlo Fashions Limited,B,MONTECARLO,INE950M01013
Jeevan Scientific Technology Limited,X,JSTL,INE237B01018
Indo Cotspin Limited,XT,ICL,INE407P01017
Scintilla Commercial & Credit  Limited,X,SCC,INE892C01018
PANAFIC INDUSTRIALS LTD,XT,PANAFIC,INE655P01029
My Money Securities Ltd.,X,MYMONEY,INE232L01018
SRI AMARNATH FINANCE LIMITED,X,AMARNATH,INE985Q01010
Continental Securities Limited,X,CSL,INE183Q01020
NEXUS SURGICAL AND MEDICARE LIMITED,X,NEXUSSURGL,INE370Q01015
Galada Finance Limited,XT,GALADAFIN,INE243E01010
Emerald Finance Limited,X,EMERALD,INE030Q01015
M. K. Exim (India) Ltd.,X,MKEXIM,INE227F01010
MAGELLANIC CLOUD LIMITED,B,MCLOUD,INE613C01026
Octal Credit Capital Ltd.,X,OCTAL,INE513C01010
Mihika Industries Ltd.,X,MIHIKA,INE779Q01017
Shri Niwas Leasing and Finance Limited,X,SHRINIWAS,INE201F01015
Dhunseri Tea & Industries Ltd,B,DTIL,INE341R01014
Vani Commercials Limited,X,VANICOM,INE661Q01017
VINTAGE COFFEE AND BEVERAGES LIMITED,B,VINCOFE,INE498Q01014
Raghuvansh Agrofarms Limited,M,RAFL,INE865P01016
COSYN Limited,X,COSYN,INE029B01019
SOFCOM SYSTEMS LIMITED,XT,SOFCOM,INE499Q01012
Naturite Agro Products Limited,X,NAPL,INE223R01014
Karnavati Finance Limited,X,KARNAVATI,INE554R01020
Abhishek Finlease limited,XT,ABHIFIN,INE723C01015
Mercantile Ventures Limited,B,MERCANTILE,INE689O01013
Sonal Mercantile Limited,B,SONAL,INE321M01017
Abhinav Leasing & Finance Limited,X,ALFL,INE211D01027
GENUS PAPER & BOARDS LIMITED,B,GENUSPAPER,INE949P01018
Minda Corporation Limited,A,MINDACORP,INE842C01021
Mercury Laboratories Limited,X,MERCURYLAB,INE947G01011
Concord Drugs Limited,X,CONCORD,INE858L01010
WARDWIZARD INNOVATIONS AND MOBILITY LIMITED,X,WARDINMOBI,INE945P01024
Greenlam Industries Ltd,B,GREENLAM,INE544R01021
TALBROS ENGINEERING LIMITED,X,TALBROSENG,INE717E01013
Sar  Auto Products Limited,X,SAPL,INE002E01010
Purohit Construction Limited,X,PUROHITCON,INE147J01012
JAYATMA ENTERPRISES LIMITED,XT,JAYATMA,INE246D01015
PTC Industries Ltd.,A,PTCIL,INE596F01018
CHENNAI FERROUS INDUSTRIES LIMITED,X,CHENFERRO,INE777O01016
Megri Soft Limited,X,MEGRISOFT,INE756R01013
GITA RENEWABLE ENERGY LIMITED,X,GITARENEW,INE776O01018
Kalpa Commercial Limited,X,KALPACOMME,INE059Q01014
Neil Industries Ltd.,X,NEIL,INE396C01010
STAR HOUSING FINANCE LIMITED,XT,STARHFL,INE526R01028
Beekay Steel Industries Ltd.,B,BEEKAY,INE213D01015
SSPN Finance Limited,M,SSPNFIN,INE820R01017
SBI Mutual Fund,A,SETFBSE100,INF200KA1572
Fraser And Company Limited,X,FRASER,INE184Q01010
TIRUPATI INNOVAR LIMITED,XT,TIRUPATIIN,INE812Q01016
GANESHA ECOVERSE LIMITED,MT,GANVERSE,INE369Q01017
AGI Infra Limited,B,AGIIL,INE976R01033
Manaksia Steels Limited,B,MANAKSTEEL,INE824Q01011
Manaksia Aluminium Company Ltd,B,MANAKALUCO,INE859Q01017
Manaksia Coated Metals & Industries Ltd,B,MANAKCOAT,INE830Q01018
IMAGICAAWORLD ENTERTAINMENT LIMITED,B,IMAGICAA,INE172N01012
Inox Wind Limited,A,INOXWIND,INE066P01011
Rajputana Investment and Finance Ltd.,X,RAJPUTANA,INE751R01014
Consecutive Commodities Limited,XT,CCDL,INE187R01029
Aananda Lakshmi Spinning Mills Limited,XT,AANANDALAK,INE197R01010
UR SUGAR INDUSTRIES LIMITED,B,URSUGAR,INE904R01027
Filtra Consultants and Engineers Limited,M,FILTRA,INE541R01019
Athena Constructions Limited,M,ATHCON,INE291R01011
SHESHADRI INDUSTRIES LIMITED,X,SHESHAINDS,INE193R01019
SAB INDUSTRIES LIMITED,XT,SAB,INE137M01017
Paul Merchants Ltd.,B,PML,INE291E01019
ALAN SCOTT ENTERPRISES LIMITED,XT,ALANSCOTT,INE273F01022
O. P. Chains Limited,MT,OPCHAINS,INE118Q01018
Sujala Trading & Holdings Ltd.,X,SUJALA,INE029H01016
VRL Logistics Limited,B,VRLLOG,INE366I01010
Jain Marmo Industries Ltd.,X,JAINMARMO,INE780Q01015
GRAMEVA LIMITED,XT,GRAMEVA,INE578R01011
Palco Metals Limited,X,PALCO,INE239L01013
Bodhtree Consulting Limited,X,BODHTREE,INE104F01029
V B INDUSTRIES LIMITED,X,VBIND,INE334E01017
Sarvottam Finvest Limited,X,SARVOTTAM,INE822Q01015
Wardwizard Foods and Beverages Limited,X,WARDWIZFBL,INE761D01021
UFO Moviez India Limited,B,UFO,INE527H01019
PANTH INFINITY LIMITED,XT,PANTH,INE945O01019
Integrated Capital Services Ltd,X,ICSL,INE682B01023
PNC Infratech Limited,A,PNCINFRA,INE195J01029
Arfin India Limited,B,ARFIN,INE784R01023
Virat Leasing Limited,X,VLL,INE347L01022
Helpage Finlease Ltd.,X,HELPAGE,INE738P01015
STARBEAM VENTURES LIMITED,XT,STARBEAM,INE924N01024
Hawa Engineers ltd.,X,HAWAENG,INE230I01018
Authum Investment & Infrastructure Limited,A,AIIL,INE206F01022
Adhbhut Infrastructure Ltd.,X,ADHBHUTIN,INE578L01014
Decillion Finance Ltd.,X,DFL,INE848N01017
POCL ENTERPRISES LTD,X,POEL,INE035S01028
Amba Enterprises Ltd.,X,AEL,INE829P01020
Capfin India Limited,XT,CAPFIN,INE960C01013
SG FINSERVE LIMITED,B,SGFIN,INE618R01015
NOBLE POLYMERS LIMITED,XT,NOBPOL,INE203Q01026
SATIA INDUSTRIES LIMITED,B,SATIA,INE170E01023
GENOMIC VALLEY BIOTECH LIMITED,X,GVBL,INE574D01010
GARMENT MANTRA LIFESTYLE LIMITED,X,GARMNTMNTR,INE653S01028
Srestha Finvest Limited,XT,SRESTHA,INE606K01049
Saumya Consultants Ltd.,X,SAUMYA,INE563C01015
MAURIA UDYOG LIMITED,X,MUL,INE150D01027
Mishka Exim Limited,X,MISHKA,INE540S01019
Sportking India Ltd.,B,SPORTKING,INE885H01029
GROWINGTON VENTURES INDIA LIMITED,B,GROWINGTON,INE451S01027
HCKK Ventures Limited,XT,HCKKVENTURE,INE345Q01017
RUDRA GLOBAL INFRA PRODUCTS LIMITED,B,RUDRA,INE027T01023
Loyal Equipments Limited,X,LOYAL,INE876S01017
Chemiesynth (Vapi) Limited,XT,CHEMIESYNT,INE829R01018
ATMA INDUSTRIES LIMITED,XT,ATMAIND,INE805R01018
Balkrishna Paper Mills Ltd,B,BALKRISHNA,INE875R01011
Surya India Limited,X,SURYAINDIA,INE446E01019
Adani Energy Solutions Limited,A,ADANIENSOL,INE931S01010
STAR DELTA TRANSFORMERS LIMITED,X,STARDELTA,INE541K01014
Amrapali Fincap Limited,MT,AMRAFIN,INE990S01016
SAMSRITA LABS LIMITED,X,SAMSRITA,INE579N01018
Syngene International Limited,A,SYNGENE,INE398R01022
PECOS Hotels And Pubs Limited,M,PECOS,INE484S01010
Mangalam Seeds Limited,X,MSL,INE829S01016
Kaya Limited,B,KAYA,INE587G01015
Symbiox Investment & Trading Co. Ltd.,X,SYMBIOX,INE653R01012
AURUM PROPTECH LIMITED,B,AURUM,INE898S01029
Oswal Greentech Limited,B,OSWALGREEN,INE143A01010
SUNRAKSHAKK INDUSTRIES INDIA LIMITED,X,SUNRAKSHAK,INE671K01027
Arvind SmartSpaces Limited,B,ARVSMART,INE034S01021
Power Mech Projects Limited,A,POWERMECH,INE211R01019
THINKINK PICTUREZ LIMITED,XT,THINKINK,INE365S01045
UTI Mutual Fund,A,SENSEXBETA,INF789FB1X58
UTI Mutual Fund,B,NIFTYBETA,INF789F1AZC0
Universal Autofoundry Limited,B,UNIAUTO,INE203T01012
Navkar Corporation Limited,B,NAVKARCORP,INE278M01019
Shree Pushkar Chemicals & Fertilisers Limited,B,SHREEPUSHK,INE712K01011
Callista Industries Limited,XT,CALLISTA,INE714Q01014
Gujarat Energy Limited,A,GUJENERGY,INE844O01030
WAAREE TECHNOLOGIES LIMITED,MT,WAAREE,INE725P01012
P. B. Films Limited,MT,PBFL,INE212Q01019
SAL AUTOMOTIVE LIMITED,X,SALAUTO,INE724G01014
POLYSPIN EXPORTS LIMITED,X,POLYSPIN,INE914G01029
Soni Medicare Limited,X,SML,INE848R01018
Krishna Capital And Securities Limited,XT,KRISHNACAP,INE897B01019
Kabra Commercial Limited,XT,KCL,INE926E01010
Vishal Bearings Limited,B,VISHALBL,INE060T01024
Bella Casa Fashion & Retail Limited,B,BELLACASA,INE344T01014
MALLCOM (INDIA) LTD.,B,MALLCOM,INE389C01015
Patdiam Jewellery Limited,M,PJL,INE473T01011
SATIN CREDITCARE NETWORK LIMITED,B,SATIN,INE836B01017
Decorous Investment and Trading Co. Ltd.,X,DITCO,INE183R01010
Swagtam Trading & Services Limited,X,SWAGTAM,INE150R01019
Generic Engineering Construction and Projects Limited,B,GENCON,INE854S01022
Kuber Udyog Limited,XT,KUBERJI,INE594R01018
NEERAJ PAPER MARKETING LIMITED,X,NEERAJ,INE894J01019
Tejnaksh Healthcare Limited,X,TEJNAKSH,INE030T01027
Brilliant Portfolios Ltd.,X,BRIPORT,INE661F01010
Richfield Financial Services Ltd.,X,RFSL,INE201C01012
IDFC FIRST BANK LIMITED,A,IDFCFIRSTB,INE092T01019
InterGlobe Aviation Limited,A,INDIGO,INE646L01027
IGC Industries Limited,X,IGCIL,INE099S01016
S H Kelkar and Company Limited,B,SHK,INE500L01026
ARYAVAN ENTERPRISE LIMITED,X,ARYAVAN,INE360S01012
Typhoon Financial Services Limited,XT,TFSL,INE761R01013
PANORAMA STUDIOS INTERNATIONAL LIMITED,B,PANORAMA,INE258R01028
Shree Ganesh Biotech (India) Limited,X,SHREEGANES,INE051N01026
GTV Engineering Limited,X,GTV,INE910R01024
LIC Mutual Fund,B,LICNETFN50,INF767K01OS7
Geetanjali Credit And Capital Limited,XT,GEETANJ,INE263R01010
LIC Mutual Fund,A,LICNETFSEN,INF767K01OT5
Tirupati Fin-Lease Ltd.,XT,TFLL,INE027S01017
Garbi Finvest Limited,X,GARBIFIN,INE721C01019
Smart Finsec Limited,X,SMARTFIN,INE766D01020
Rajkot Investment Trust Limited,X,RAJKOTINV,INE176R01014
Adcon Capital Services Limited,XT,ADCON,INE805Q01028
Quint Digital Limited,B,QUINT,INE641R01017
HDFC Mutual Fund,B,HDFCNIFTY,INF179KC1965
HDFC Mutual Fund,A,HDFCSENSEX,INF179KC1HX2
Uday Jewellery Industries Limited.,X,UDAYJEW,INE551B01012
SATTVA SUKUN LIFECARE LIMITED,X,SATTVASUKU,INE280E01038
Navigant Corporate Advisors Limited,MT,NAVIGANT,INE364T01012
Grovy India Limited,X,GROVY,INE343C01012
Alkem Laboratories Limited,A,ALKEM,INE540L01014
Dr. Lal Pathlabs Limited,A,LALPATHLAB,INE600L01024
Suncare Traders Limited,X,SCTL,INE452S01025
Creative Castings Limited,X,CREATIVE,INE146E01015
AAYUSH WELLNESS LIMITED,X,AAYUSH,INE430R01023
ELITECON INTERNATIONAL LIMITED,B,ELITECON,INE669R01026
LUX Industries Limited,B,LUXIND,INE150G01020
Valley Magnesite Company Limited,X,VALLEY,INE834E01016
Abhishek Infraventures Limited,XT,ABHIINFRA,INE281P01016
Apoorva Leasing Finance & Investment Company Limited,X,APOORVA,INE217S01014
AGRIBIO SPIRITS LIMITED,X,AGRIBIO,INE679E01015
Narayana Hrudayalaya Limited,A,NH,INE410P01011
F MEC INTERNATIONAL FINANCIAL SERVICES LIMITED,XT,FMEC,INE108T01021
Deep Health AI India Limited,XT,DEEPAI,INE005G01026
MALT LAND DISTILLERIES LIMITED,XT,MALTLAND,INE994N01019
SUPHA PHARMACHEM LIMITED,XT,SUPHA,INE549S01036
AARNAV FASHIONS LIMITED,B,AARNAV,INE750R01016
Shivansh Finserv Limited,X,SHIVA,INE728Q01014
Mishtann Foods Limited,X,MISHTANN,INE094S01041
Delta Industrial Resources Limited,X,DELTA,INE681Q01015
AMPL Capital Limited,X,AMPL,INE727C01024
Kotia Enterprises Limited,X,KEL,INE079C01012
Blue Cloud Softech Solutions Limited,B,BLUECLOUDS,INE373T01047
KANORIA ENERGY AND INFRASTRUCTURE LIMITED,X,KEIL,INE534E01020
BCL Enterprises Limited,XT,BCLENTERPR,INE368E01023
Precision Camshafts Limited,B,PRECAM,INE484I01029
TeamLease Services Limited,B,TEAMLEASE,INE985S01024
VIKRAM KAMATS HOSPITALITY LIMITED,B,KAMATS,INE564S01019
BEST AGROLIFE LIMITED,B,BESTAGRO,INE052T01021
ACE MEN ENGG WORKS LIMITED,X,ACEMEN,INE023R01018
BFL Asset Finvest Limited,X,BFLAFL,INE948Q01018
RGF Capital Markets Limited,XT,RGF,INE684D01025
Kapil Raj Finance Ltd.,X,KAPILRAJ,INE332Q01023
Ganga Pharmaceuticals Limited,M,GANGAPHARM,INE615T01017
dynamic Archistructures Limited,X,DAL,INE874E01012
Mobavenue AI Tech Limited,X,MOBAVENUE,INE622Q01027
Shivkamal Impex Limited,XT,SHIVKAMAL,INE429R01017
K.P. Energy Limited,B,KPEL,INE127T01021
REAL GROWTH CORPORATION LIMITED,XT,RGCORP,INE836D01013
INTERACTIVE FINANCIAL SERVICES LIMITED,X,IFINSER,INE064T01018
HILIKS TECHNOLOGIES LIMITED,XT,HILIKS,INE966Q01010
HYPERSOFT TECHNOLOGIES LIMITED,XT,HYPERSOFT,INE039D01014
Gokul Agro Resources Ltd,B,GOKULAGRO,INE314T01033
Fredun Pharmaceuticals Limited,X,FREDUN,INE194R01017
Relicab Cable Manufacturing Limited,B,RELICAB,INE773T01014
Vantage Knowledge Academy Limited,X,VKAL,INE427T01025
MODERN ENGINEERING AND PROJECTS LIMITED,X,MEAPL,INE250S01015
Mega Nirman & Industries Limited,X,MNIL,INE216Q01010
DARJEELING INDUSTRIIES LIMITED,X,DARJEELING,INE830S01014
Advik Capital Limited,X,ADVIKCA,INE178T01024
LIC Mutual Fund,B,LICNFNHGP,INF767K01PC8
Pudumjee Paper Products Limited,B,PDMJEPAPER,INE865T01018
HealthCare Global Enterprises Limited,A,HCG,INE075I01017
Khemani Distributors & Marketing Limited,MT,KDML,INE030U01025
Umiya Tubes Limited,X,UMIYA,INE173U01015
Bharat Wire Ropes Limited,B,BHARATWIRE,INE316L01019
CHD Chemicals Limited,X,CHDCHEM,INE043U01010
AvenuesAI Limited,A,CCAVENUE,INE483S01020
LE LAVOIR LIMITED,X,LELAVOIR,INE204S01012
Mudra Financial Services Ltd.,X,MUDRA,INE967S01014
Balgopal Commercial limited,X,BALGOPAL,INE119R01014
Superior Finlease Limited,X,SUPERIOR,INE574R01028
RAGHAV PRODUCTIVITY ENHANCERS LIMITED,B,RPEL,INE912T01018
Franklin Leasing and Finance Limited,M,FRANKLIN,INE399S01010
Lancer Container Lines Limited,X,LANCER,INE359U01028
Halder Venture Limited,B,HALDER,INE115S01010
Ghushine Fintrrade Ocean Limited,MT,GHUSHINE,INE009U01011
Thyrocare Technologies Limited,A,THYROCARE,INE594H01019
Bajaj Healthcare Limited,B,BAJAJHCARE,INE411U01027
RSD Finance Limited,B,RSDFIN,INE616F01022
Crompton Greaves Consumer Electricals Limited,A,CROMPTON,INE299U01018
Pilani Investment And Industries Corporation Limited,B,PILANIINVS,INE417C01014
Darshan Orna Limited,X,DARSHANORNA,INE671T01028
Parag Milk Foods Limited,A,PARAGMILK,INE883N01014
Madhav Infra Projects Limited,B,MADHAVIPL,INE631R01026
SPICE LOUNGE FOOD WORKS LIMITED,B,SPICELOUNG,INE631E01024
DALMIA INDUSTRIAL DEVELOPMENT LIMITED,X,DIDL,INE642P01019
Svarnim Trade Udyog Limited,X,SNIM,INE730R01042
Shanti Educational Initiatives Limited,B,SEIL,INE440T01028
Rotographics (India) Limited,XT,RGIL,INE364S01014
LIKHAMI CONSULTING LIMITED,X,LIKHAMI,INE920T01011
Medico Intercontinental Limited,X,MIL,INE858Q01019
Yash Chemex Limited,X,YASHCHEM,INE571U01010
ICICI Prudential Mutual Fund,B,NV20IETF,INF109KC11V0
Bazel International Limited,X,BAZELINTER,INE217E01014
JINDAL LEASEFIN LIMITED,XT,JLL,INE919T01013
TAAL TECH LIMITED,B,TAALTECH,INE524T01011
Mahanagar Gas Limited,A,MGL,INE002S01010
Zeal Aqua Limited,X,ZEAL,INE819S01025
Quess Corp Limited,B,QUESS,INE615P01015
DIGJAM LIMITED,B,DIGJAMLMTD,INE731U01028
ICICI Prudential Mutual Fund,B,MIDSELIETF,INF109KC10W0
SIDH AUTOMOBILES LIMITED,XT,SIDH,INE403L01015
HINDUSTHAN INSULATORS and INDUSTRIES LIMITED,XT,HIIL,INE799B01025
Titaanium Ten Enterprise Limited,MT,TITAANIUM,INE120V01014
Commercial Syn Bags Limited,B,COMSYN,INE073V01015
CONFIDENCE FUTURISTIC ENERGETECH LIMITED,X,CFEL,INE700F01024
LLOYDS ENGINEERING WORKS LIMITED,A,LLOYDSENGG,INE093R01011
Kwality Pharmaceuticals Limited,B,KPL,INE552U01010
LTM LIMITED,A,LTM,INE214T01019
EAST WEST FREIGHT CARRIERS LTD,X,EASTWEST,INE595R01023
Aditya Birla Sun Life Mutual Fund,A,BSLSENETFG,INF209KB10E8
COLORCHIPS NEW MEDIA LIMITED,X,COLORCHIPS,INE621I01042
Advanced Enzyme Technologies Limited,B,ADVENZYMES,INE837H01020
Ladam Affortable Housing Limited,X,LAHL,INE213U01019
Dilip Buildcon Limited,A,DBL,INE917M01012
S.P. Apparels Limited,B,SPAL,INE212I01016
Bigbloc Construction Limited,B,BIGBLOC,INE412U01025
Golden Crest Education & Services Limited,X,GOLDENCREST,INE222U01010
ECS Biztech Limited,XT,ECS,INE925Q01024
RBL Bank Limited,A,RBLBANK,INE976G01028
AMS POLYMERS LIMITED,XT,AMS,INE345U01019
Shiva Granito Export Limited,MT,SHIVAEXPO,INE191V01015
BLS International Services Ltd,A,BLS,INE153T01027
Mitsu Chem Plast Limited,XT,MITSU,INE317V01016
Sprayking Limited,B,SPRAYKING,INE537U01037
Dhatre Udyog Limited,X,DHATRE,INE715T01031
Sab Events & Governance Now Media Limited,B,SABEVENTS,INE860T01019
Riddhi Steel and Tube Limited,MT,RSTL,INE367U01013
TV VISION LIMITED,B,TVVISION,INE871L01013
GAMCO LIMITED,X,GAMCO,INE890S01026
L&T Technology Services Limited,A,LTTS,INE010V01017
G N A Axles Limited,B,GNA,INE934S01014
Radhika Jeweltech Limited,B,RADHIKAJWE,INE583V01021
Sabrimala Industries India Limited,XT,SIIL,INE400R01018
ICICI Prudential Life Insurance Company Limited,A,ICICIPRULI,INE726G01019
ISHAAN INFRASTRUCTURE AND SHELTERS LIMITED,XT,IISL,INE818R01011
ARC Finance Limited,X,ARCFIN,INE202R01026
HPL Electric & Power Limited,B,HPL,INE495S01016
Sagarsoft (India) Limited,X,SAGARSOFT,INE184B01012
DRA CONSULTANTS LIMITED,M,DRA,INE746V01016
ADITYA CONSUMER MARKETING LIMITED,M,ACML,INE427V01013
Shashijit Infraprojects Limited,X,SHASHIJIT,INE700V01021
Bindal Exports Limited,MT,BINDALEXPO,INE564V01013
Mewar Hi-Tech Engineering Limited,MT,MHEL,INE957U01011
Diksat Transworld Limited,MT,DIKSAT,INE942P01013
Endurance Technologies Limited,A,ENDURANCE,INE913H01037
Bandhan Mutual Fund,A,IDFSENSEXE,INF194KA1T91
PURPLE AGROTECH INDUSTRIES LIMITED,X,PURPLE,INE905R01016
Supra Pacific Financial Services Limited,X,SUPRAPFSL,INE268T01015
PNB Housing Finance Limited,A,PNBHOUSING,INE572E01012
SOUTHERN INFOCONSULTANTS LIMITED,X,SOUTHERNIN,INE298B01010
REGENCY FINCORP LIMITED,XT,REGENCY,INE964R01013
Varun Beverages Limited,A,VBL,INE200M01039
Salem Erode Investments Ltd.,X,SALEM,INE894E01028
Unipro Technologies Limited,XT,UPROTECH,INE448F01012
Franklin Industries Limited,X,FRANKLININD,INE789R01022
LKP Securities Limited,XT,LKPSEC,INE341H01023
OSIAJEE TEXFAB LIMITED,X,OSIAJEE,INE186R01013
Corporate Merchant Bankers Limited,X,CMBL,INE850R01014
Sheela Foam Limited,A,SFL,INE916U01025
EIKO LIFESCIENCES LIMITED,X,EIKO,INE666Q01016
Aditya Vision Limited,A,AVL,INE679V01027
Heads UP Ventures Limited,B,HEADSUP,INE759V01019
TCI Express Limited,B,TCIEXP,INE586V01016
Shashank Traders Limited,X,SHASHANK,INE508R01018
Laurus Labs Limited,A,LAURUSLABS,INE947Q01028
NEW LIGHT INDUSTRIES LIMITED,X,NEWLIGHT,INE835U01027
Viram Suvarn Limited,B,VSL,INE607V01028
MARG TECHNO PROJECTS LIMITED,XT,MTPL,INE245H01018
SHANGAR DECOR LIMITED,X,SHANGAR,INE118R01032
Globe Commercials Limited,X,GLCL,INE804Q01013
Flora Corporation Limited,X,FLORACORP,INE318U01016
TruCap Finance Limited,B,TRU,INE615R01029
SUPER FINE KNITTERS LIMITED,MT,SKL,INE459U01018
Raideep Industries Limited,XT,RAIDEEPIND,INE923R01019
Pricol Limited,A,PRICOLLTD,INE726V01018
Classic Filaments Limited,XT,CFL,INE181U01018
JITF INFRALOGISTICS LIMITED,B,JITFINFRA,INE863T01013
Sueryaa Knitwear Limited,XT,SUERYAAKNI,INE249U01013
Tanvi Foods (India) Limited,M,TANVI,INE978V01015
RMC SWITCHGEARS LIMITED,B,RMC,INE655V01019
Parmax Pharma Limited,XT,PARMAX,INE240T01014
DANUBE INDUSTRIES LIMITED,XT,DANUBE,INE575D01041
Music Broadcast Limited,B,RADIOCITY,INE919I01024
Avenue Supermarts Limited,A,DMART,INE192R01011
IFL ENTERPRISES LIMITED,B,IFL,INE714U01024
Ontic Finserve Limited,XT,ONTIC,INE989S01042
Sarthak Metals Limited,B,SMLT,INE017W01010
Chemcrux Enterprises Limited,B,CHEMCRUX,INE298W01016
Manomay Tex India Limited,B,MANOMAY,INE784W01015
Maximus International Limited,X,MAXIMUS,INE544W01021
Manas Properties Limited,MT,MANAS,INE800W01019
PRIME FRESH LIMITED,B,PRIMEFRESH,INE442V01012
Oceanic Foods Limited,X,OCEANIC,INE711V01010
Octaware Technologies Limited,MT,OCTAWARE,INE208U01019
Shankara Building Products Limited,B,SHANKARA,INE274V01019
Escorp Asset Management Limited,B,ESCORP,INE953W01016
PARMESHWARI SILK MILLS LIMITED,XT,PARMSILK,INE808R01012
KMS Medisurgi Limited,MT,KMSMEDI,INE870V01014
Classic Leasing & Finance Ltd.,X,CLFL,INE949C01016
STARLINEPS ENTERPRISES LIMITED,B,STARLENT,INE594W01042
S Chand And Company Limited,B,SCHAND,INE807K01035
KANUNGO FINANCIERS LIMITED,X,KANUNGO,INE453S01015
Housing &Urban Development Corporation Ltd.,A,HUDCO,INE031A01017
PSP Projects Limited,B,PSPPROJECT,INE488V01015
GURU KRUPA GEMS AND JEWELLERY LIMITED,X,GKL,INE986W01016
Yug Decor Limited,MT,YUG,INE796W01019
VARIMAN GLOBAL ENTERPRISES LIMITED,XT,VARIMAN,INE717F01028
Star Cement Limited,B,STARCEMENT,INE460H01021
Riddhi Corporate Services Limited,X,RIDDHICORP,INE325X01015
Tejas Networks Limited,A,TEJASNET,INE010J01012
Eris Lifesciences Limited,A,ERIS,INE406M01024
Containerway International Limited,X,CONTAINER,INE319U01022
GTPL Hathway Limited,B,GTPL,INE869I01013
AU Small Finance Bank Limited,A,AUBANK,INE949L01017
ICICI Prudential Mutual Fund,B,LOWVOLIETF,INF109KC19U5
Gautam Exim Limited,M,GEL,INE721X01023
7NR Retail Limited,XT,7NR,INE413X01035
Salasar Techno Engineering Limited,B,SALASAR,INE170V01027
Ganges Securities Ltd.,B,GANGESSECU,INE335W01016
Palash Securities Limited,B,PALASHSECU,INE471W01019
AVADH SUGAR & ENERGY LIMITED,B,AVADHSUGAR,INE349W01017
Magadh Sugar & Energy Limited,B,MAGADSUGAR,INE347W01011
Jigar Cables Limited,M,JIGAR,INE943X01015
Captain Technocast Limited,M,CTCL,INE931X01010
GlobalSpace Technologies Limited,XT,GSTL,INE632W01016
UTI Mutual Fund,B,NEXT50BETA,INF789F1AUW9
SIS LIMITED,B,SIS,INE285J01028
Cochin Shipyard Limited,A,COCHINSHIP,INE704P01025
HALEOS LABS LIMITED,B,HALEOSLABS,INE320X01016
KIOCL Limited,B,KIOCL,INE880L01014
CHOTHANI FOODS LIMITED,M,CHOTHANI,INE344X01016
Smruthi Organics Limited,X,SMRUTHIORG,INE172E01011
Aditya Birla Capital Ltd,A,ABCAPITAL,INE674K01013
Apex Frozen Foods Limited,B,APEX,INE346W01013
Shish Industries Limited,X,SHISHIND,INE145Y01023
KCD INDUSTRIES INDIA LIMITED,X,KCDGROUP,INE185U01035
Dixon Technologies (India) Limited,A,DIXON,INE935N01020
Bharat Road Network Limited,B,BRNL,INE727S01012
Dishman Carbogen Amcis Limited,B,DCAL,INE385W01011
Lasa Supergenerics Limited,B,LASA,INE670X01014
PRO CLB GLOBAL LIMITED,X,PROCLB,INE438C01010
Matrimony.com Limited,B,MATRIMONY,INE866R01028
Capacite Infraprojects Limited,B,CAPACITE,INE264T01014
ICICI Lombard General Insurance Company Limited,A,ICICIGI,INE765G01017
Polo Queen Industrial and Fintech Limited,X,PQIF,INE689M01025
AAYUSH ART AND BULLION LIMITED,M,AAYUSHBULL,INE777X01017
SBI Life Insurance Company Limited,A,SBILIFE,INE123W01016
Prataap Snacks Limited,B,DIAMONDYD,INE393P01035
Share India Securities Limited,B,SHAREINDIA,INE932X01026
Trident Texofab Limited,X,TTFL,INE071Y01013
Poojawestern Metaliks Limited,B,POOJA,INE973X01012
Sayaji Industries Limited,X,SAYAJIIND,INE327G01032
Vanta Bioscience Limited,MT,VANTABIO,INE695X01011
Mehai Technology  Limited,X,MEHAI,INE062Y01020
IRIS RegTech Solutions Limited,B,IRIS,INE864K01010
Shree Ganesh Remedies Limited,X,SGRL,INE414Y01015
Shreeji Translogistics Limited,B,STL,INE402Y01028
Godrej Agrovet Limited,A,GODREJAGRO,INE850D01014
MAS Financial Services Limited,B,MASFIN,INE348L01012
Indian Energy Exchange Limited,A,IEX,INE022Q01020
General Insurance Corporation of India,A,GICRE,INE481Y01014
Kaarya Facilities and Services Limited,M,KAARYAFSL,INE282Y01016
SHEETAL COOL PRODUCTS LIMITED,B,SCPL,INE501Y01019
Tube Investments of India Ltd,A,TIINDIA,INE974X01010
NIPPON LIFE INDIA ASSET MANAGEMENT LIMITED,A,NAM-INDIA,INE298J01013
Mahindra Logistics Limited,B,MAHLOG,INE766P01016
The New India Assurance Company Limited,A,NIACL,INE470Y01017
IFGL Refractories Limited,B,IFGLEXPOR,INE133Y01011
5paisa Capital Limited,B,5PAISA,INE618L01018
HDFC LIFE INSURANCE COMPANY LIMITED,A,HDFCLIFE,INE795G01014
Sanghvi Brands Limited,MT,SBRANDS,INE204Y01010
ICICI Prudential Mutual Fund,A,ICICIB22,INF109KB15Y7
Aspira Pathlab & Diagnostics Limited,XT,ASPIRA,INE500C01017
Diligent Media Corporation Limited,B,DNAMEDIA,INE016M01021
Dynamic Cables Limited,B,DYCL,INE600Y01019
Ratnabhumi Developers Limited,B,RATNABHUMI,INE821Y01011
Shalby Limited,B,SHALBY,INE597J01018
MRC AGROTECH LIMITED,B,MRCAGRO,INE333Y01017
Diggi Multitrade Limited,MT,DML,INE158R01012
CRYSTAL BUSINESS SYSTEM LIMITED,XT,CRYSTAL,INE994R01028
Chandrima Mercantiles limited,X,CHANDRIMA,INE371F01024
Rithwik Facility Management Services Limited,MT,RITHWIKFMS,INE819Y01015
Jhandewalas Foods Limited,M,JFL,INE841Y01019
7SEAS ENTERTAINMENT LIMITED,X,7SEASL,INE454F01010
Apollo Micro Systems Limited,A,APOLLO,INE713T01028
Newgen Software Technologies Limited,A,NEWGEN,INE619B01017
Amber Enterprises India Limited,A,AMBER,INE371P01015
TIRUPATI FOAM LIMITED,X,TIRUFOAM,INE115G01015
SRU Steels Limited,XT,SRUSTEELS,INE425C01017
Ashoka Metcast Limited,B,ASHOKAMET,INE760Y01011
Galaxy Surfactants Limited,B,GALAXYSURF,INE600K01018
Gautam Gems Limited,X,GGL,INE063Z01017
MEDICO REMEDIES LIMITED,B,MEDICO,INE630Y01024
Gujarat Hy-Spin Limited,MT,GUJHYSPIN,INE578V01013
LORENZINI APPARELS LIMITED,B,LAL,INE740X01023
Kenvi Jewels Limited,B,KENVI,INE923Y01023
The Indian Wood Products Co. Ltd.,B,IWP,INE586E01020
Bhatia Communications & Retail (India) Limited,X,BHATIA,INE341Z01025
Aster DM Healthcare Limited,A,ASTERDM,INE914M01019
The Yamuna Syndicate Ltd,X,YSL,INE868X01014
KANCO TEA & INDUSTRIES LIMITED,X,KANCOTEA,INE398L01017
Angel Fibers Limited,M,ANGEL,INE339Z01011
H.G. Infra Engineering Limited,B,HGINFRA,INE926X01010
Inflame Appliances Limited,M,INFLAME,INE464Z01017
Bharat Parenterals Limited,X,BPLPHARMA,INE365Y01019
Shreeshay Engineers Limited,M,SHREESHAY,INE452Z01012
APEX CAPITAL AND FINANCE LIMITED,XT,ACFL,INE758W01019
Bharat Dynamics Limited,A,BDL,INE171Z01026
Active Clothing Co  Limited,B,ACTIVE,INE380Z01015
GOYAL ALUMINIUMS LIMITED,B,GOYALALUM,INE705X01026
Bandhan Bank Limited,A,BANDHANBNK,INE545U01014
Hindustan Aeronautics Limited,A,HAL,INE066F01020
Sandhar Technologies Limited,B,SANDHAR,INE278H01035
YASHO INDUSTRIES LIMITED,B,YASHO,INE616Z01012
Benara Bearings and Pistons Limited,MT,BENARA,INE495Z01011
Mishra Dhatu Nigam Limited,A,MIDHANI,INE099Z01011
Lex Nimble Solutions Limited,MT,LEX,INE860Y01019
OBCL Limited,B,OBCL,INE426Z01016
Taylormade Renewables Limited,B,TRL,INE459Z01017
Lemon Tree Hotels Limited,A,LEMONTREE,INE970X01018
HARDWYN INDIA LIMITED,B,HARDWYN,INE626Z01029
DR LALCHANDANI LABS LIMITED,M,DLCL,INE871Z01013
Orient Electric Limited,B,ORIENTELEC,INE142Z01019
Akshar Spintex Limited,B,AKSHAR,INE256Z01025
Indo US Bio-Tech Limited,B,INDOUS,INE250Z01010
ICICI Prudential Mutual Fund,A,BSE500IETF,INF109KC1V59
IndoStar Capital Finance Limited,B,INDOSTAR,INE896L01010
Milestone Furniture Limited,MT,MILEFUR,INE424Z01011
U. H. ZAVERI LIMITED,B,UHZAVERI,INE556Z01010
Parvati Sweetners and Power Ltd.,X,PARVATI,INE295Z01015
Megastar Foods Limited,B,MEGASTAR,INE00EM01016
Innovators Facade Systems Limited,M,INNOVATORS,INE870Z01015
UNIFINZ CAPITAL INDIA LIMITED,XT,UCIL,INE926R01012
Dollar Industries Limited,B,DOLLAR,INE325C01035
Palm Jewels Limited,X,PALMJEWELS,INE838Z01012
Waa Solar Limited,M,WAA,INE799N01012
Adani Green Energy Limited,A,ADANIGREEN,INE364U01010
Unick Fix-A- Form and Printers Limited,X,UNICK,INE250G01010
SOLARA ACTIVE PHARMA SCIENCES LIMITED,B,SOLARA,INE624Z01016
GAYATRI HIGHWAYS LTD,B,GAYAHWS,INE287Z01012
RITES Limited,A,RITES,INE320J01015
Fine Organic Industries Limited,A,FINEORG,INE686Y01026
Varroc Engineering Limited,A,VARROC,INE665L01035
Rajnish Wellness Limited,B,RAJNISH,INE685Z01033
Gujarat Winding Systems Limited,X,GUJWIND,INE173V01013
Sophia Traexpo Limited,XT,STRAEXPO,INE268X01017
Raw Edge Industrial Solutions Limited,B,RAWEDGE,INE960Z01014
Supershakti Metaliks Limited,M,SUPERSHAKT,INE00SY01011
Ashnisha Industries Limited,XT,ASHNI,INE694W01024
RACONTEUR GLOBAL RESOURCES LIMITED,M,RACONTEUR,INE00WY01013
HDFC Asset Management Company Limited,A,HDFCAMC,INE127D01025
Vivanta Industries Limited,X,VIVANTA,INE299W01022
Fratelli Vineyards Limited,XT,FRATELLI,INE401Z01019
CreditAccess Grameen Ltd.,A,CREDITACC,INE741K01010
AMIN TANNERY LIMITED,XT,AMINTAN,INE572Z01017
Deep Polymers Limited,X,DEEP,INE00IY01012
Sungold Media and Entertainment Limited,MT,SMEL,INE266S01011
ICICI Prudential Mutual Fund,B,NEXT50IETF,INF109KC1NS5
Add-Shop E-Retail Limited,X,ASRL,INE01B501018
Space Incubatrics Technologies Limited,XT,SPACEINCUBA,INE797Z01028
Synergy Green Industries Limited,B,SGIL,INE00QT01015
Ranjeet Mechatronics Limited,M,RANJEET,INE01A501027
IRCON International Ltd,A,IRCON,INE962Y01021
Sky Gold And Diamonds Limited,A,SKYGOLD,INE01IU01018
SBI Mutual Fund,A,SETFSN50,INF200KA1VQ2
Mac Hotels Limited,M,MACH,INE004Z01011
Manorama Industries Limited,A,MANORAMA,INE00VM01036
Innovative Ideals and Services (India) Limited,MT,INNOVATIVE,INE492Y01011
AAVAS Financiers Limited,A,AAVAS,INE216P01012
Garden Reach Shipbuilders & Engineers Limited,A,GRSE,INE382Z01011
A-1 LIMITED,B,A1L,INE911Z01025
Dolfin Rubbers Limited,B,DOLFIN,INE666Y01010
Shubham Polyspin Limited,X,SHUBHAM,INE01J501010
AKI India Limited,B,AKI,INE642Z01026
Sun Retail Limited,M,SUNRETAIL,INE206Z01020
S. M. Gold Limited,B,SMGOLD,INE00Q901014
VIVID MERCANTILE LIMITED,B,VIVIDM,INE647Z01025
BCPL Railway Infrastructure Limited,B,BCPL,INE00SW01015
ADANI TOTAL GAS LIMITED,A,ATGL,INE399L01023
The Phosphate Company Limited,X,PHOSPHATE,INE398C01016
Mirae Asset Mutual Fund,B,NIFTYETF,INF769K01EG9
Techno Electric & Engineering Company Limited,A,TECHNOE,INE285K01026
Roni Households Limited,M,RONI,INE02AP01013
Shree Krishna Infrastructure Limited,M,SKIFL,INE951Z01013
Diksha Greens Limited,MT,DGL,INE01GR01018
Aryan Share & Stock Brokers Ltd.,X,ARYAN,INE016X01010
NIVAKA FASHIONS LIMITED,X,NIVAKA,INE139E01028
DALMIA BHARAT LIMITED,A,DALBHARAT,INE00R701025
Aditya Birla Sun Life Mutual Fund,B,ABSLNN50ET,INF209KB16D7
Nila Spaces Ltd,B,NILASPACES,INE00S901012
Shankar Lal Rampal Dye-Chem Limited,B,SRD,INE01NE01012
Trejhara Solutions Limited,B,TREJHARA,INE00CA01015
Axita Cotton Limited,B,AXITA,INE02EZ01022
KPI Green Energy Limited,A,KPIGREEN,INE542W01025
Hi-Klass Trading and Investment Limited,XT,HIKLASS,INE302R01024
RPSG VENTURES LIMITED,B,RPSGVENT,INE425Y01011
Spencer's Retail Limited,B,SPENCERS,INE020801028
Gloster Ltd,B,GLOSTERLTD,INE350Z01018
Xelpmoc Design and Tech Limited,B,XELPMOC,INE01P501012
SPA Capital Services Limited,XT,SPACAPS,INE726X01014
Aar Shyam India Investment Company Limited,XT,AARSHYAM,INE512R01010
Ritco Logistics Limited,B,RITCO,INE01EG01016
Chalet Hotels Limited,A,CHALET,INE427F01016
Anmol India Limited,B,ANMOL,INE02AR01019
Jonjua Overseas Limited,MT,JONJUA,INE793Z01027
Kranti Industries Limited,B,KRANTI,INE911T01010
The Anup Engineering Ltd,B,ANUP,INE294Z01018
GLAAM UP JWEL LIMITED,MT,GLAAMUP,INE03CM01014
Arvind Fashions Limited,A,ARVINDFASN,INE955V01021
Mahip Industries Limited,MT,MAHIP,INE00CX01017
UTI Mutual Fund,A,SNXT50BETA,INF789F1AUU3
AMBASSADOR INTRA HOLDINGS LIMITED,X,AIHL,INE342U01016
Jyot International Marketing Limited,XT,JYOTIN,INE043R01016
Ashapuri Gold Ornament Limited,B,AGOL,INE05FR01029
Humming Bird Education Limited,MT,HBEL,INE02PC01027
MSTC Limited,B,MSTCLTD,INE255X01014
Roopshri Resorts Limited,MT,ROOPSHRI,INE03WT01017
Chandni Machines Limited,XT,CHANDNIMACH,INE01GZ01011
Northern Spirits Limited,B,NSL,INE01BL01012
Rail Vikas Nigam Limited,A,RVNL,INE415G01027
Metropolis Healthcare Limited,A,METROPOLIS,INE112L01020
KPIT Technologies Ltd,A,KPITTECH,INE04I401011
Polycab India Limited,A,POLYCAB,INE455K01017
V R FILMS & STUDIOS LIMITED,B,VRFILMS,INE06LG01010
VIKAS LIFECARE LIMITED,B,VIKASLIFE,INE161L01027
Neogen Chemicals Limited,B,NEOGEN,INE136S01016
G. K. P. Printing & Packaging Limited,B,GKP,INE05QJ01015
EVANS ELECTRIC LIMITED,M,EVANS,INE06TD01010
BMW INDUSTRIES LIMITED,X,BMW,INE374E01021
Artemis Electricals and Projects Limited,B,AEPL,INE757T01025
Mahesh Developers Limited,XT,MAHESH,INE01MO01013
Cian Healthcare Limited,MT,CHCL,INE05BN01027
Dhanashree Electronics Limited,X,DEL,INE413F01016
Harish Textile Engineers Limited,X,HARISH,INE01K301012
Digicontent Limited,B,DGCONTENT,INE03JI01017
Parshva Enterprises Limited,B,PARSHVA,INE05MV01019
Anand Rayons Limited,B,ARL,INE02GA01012
SBC EXPORTS LIMITED,B,SBC,INE04AK01028
IndiaMART InterMESH Limited,A,INDIAMART,INE933S01016
CITY PULSE MULTIVENTURES LIMITED,M,CPML,INE056001014
SK International Export Limited,MT,SKIEL,INE04ST01013
ICICI Prudential Mutual Fund,B,BANKIETF,INF109KC15I8
Nippon India Mutual Fund,A,SNXT50BEES,INF204KB15D0
AFFLE 3I LIMITED,A,AFFLE,INE00WC01027
ICICI Prudential Mutual Fund,B,PVTBANIETF,INF109KC18U7
Spandana Sphoorty Financial Limited,B,SPANDANA,INE572J01011
STERLING AND WILSON RENEWABLE ENERGY LIMITED,B,SWSOLAR,INE00M201021
Transpact Enterprises Limited,MS,TRANSPACT,INE06YD01010
Alphalogic Techsys Limited,B,ALPHALOGIC,INE08E401029
Novateor Research Laboratories Limited,M,NOVATEOR,INE08JY01013
360 ONE WAM LIMITED,A,360ONE,INE466L01038
IIFL CAPITAL SERVICES LIMITED,A,IIFLCAPS,INE489L01022
MUFIN GREEN FINANCE LIMITED,B,MUFIN,INE08KJ01020
Misquita Engineering Limited,M,MISQUITA,INE957W01025
Galactico Corporate Services Limited,B,GALACTICO,INE906Y01028
Vaxfab Enterprises Limited,X,VEL,INE560T01015
Gujarat Fluorochemicals Limited,A,FLUOROCHEM,INE09N301011
Indian Railway Catering & Tourism Corporation Ltd,A,IRCTC,INE335Y01020
GOBLIN INDIA LIMITED,MT,GOBLIN,INE492Z01018
Vishwaraj Sugar Industries Limited,B,VISHWARAJ,INE430N01022
Greenpanel Industries Limited,B,GREENPANEL,INE08ZM01014
Shahlon Silk Industries Limited,X,SHAHLON,INE052001026
Aditya Birla Sun Life Mutual Fund,B,ABSLBANETF,INF209KB17D5
MOUNT HOUSING AND INFRASTRUCTURE LIMITED,XT,MOUNT,INE444X01014
Anuroop Packaging Limited,B,ANUROOP,INE490Z01012
COLAB PLATFORMS LIMITED,B,COLAB,INE317W01030
CSB Bank Limited,A,CSBBANK,INE679A01013
Ujjivan Small Finance Bank Limited,A,UJJIVANSFB,INE551W01018
Hindware Home Innovation Limited,B,HINDWAREAP,INE05AN01011
Easun Capital Markets Limited,XT,EASUN,INE771C01014
Prince Pipes and Fittings Limited,B,PRINCEPIPE,INE689W01016
Valencia Nutrition Limited,MS,VALENCIA,INE08RT01016
Assam Entrade Limited,X,ASSAMENT,INE165G01010
Artemis Medicare Services Limited,B,ARTEMISMED,INE025R01021
SUMITOMO CHEMICAL INDIA LIMITED,A,SUMICHEM,INE258G01013
ICICI Prudential Mutual Fund,B,MIDCAPIETF,INF109KC11W8
Mirae Asset Mutual Fund,B,NEXT50,INF769K01FN2
Vardhan Capital & Finance Limited,XT,VARDHANCFL,INE128G01018
Chandra Bhagat Pharma Limited,M,CBPL,INE07QQ01016
Octavius Plantations Limited,X,OCTAVIUSPL,INE117S01016
Cohance Lifesciences Limited,A,COHANCE,INE03QK01018
SM Auto Stamping Limited,M,SMAUTO,INE0C4I01011
SBI CARDS AND PAYMENT SERVICES LIMITED,A,SBICARD,INE018E01016
Nippon India Mutual Fund,B,08MPD,INF204KB11T5
Nippon India Mutual Fund,B,08ADR,INF204KB12S5
Nippon India Mutual Fund,B,08MPR,INF204KB12T3
Nippon India Mutual Fund,B,08AMD,INF204KB13S3
Nippon India Mutual Fund,B,08AMR,INF204KB14S1
Nippon India Mutual Fund,B,08BPB,INF204KB15S8
Nippon India Mutual Fund,B,08GPG,INF204KB16S6
Nippon India Mutual Fund,B,08ABB,INF204KB17R6
Nippon India Mutual Fund,B,08QPD,INF204KB17S4
Nippon India Mutual Fund,B,08AGG,INF204KB18R4
Nippon India Mutual Fund,B,08QPR,INF204KB18S2
Nippon India Mutual Fund,B,08AQD,INF204KB19R2
Nippon India Mutual Fund,B,08DPD,INF204KB19S0
Nippon India Mutual Fund,B,08AQR,INF204KB10S9
Nippon India Mutual Fund,B,08DPR,INF204KB10T7
Nippon India Mutual Fund,B,08ADD,INF204KB11S7
RO Jewels Limited,B,ROJL,INE0BDU01028
Cospower Engineering Limited,MT,COSPOWER,INE0CQB01010
Nippon India Mutual Fund,B,11DPR,INF204KB14U7
Nippon India Mutual Fund,B,11GPG,INF204KB10U5
Nippon India Mutual Fund,B,11MPD,INF204KB15U4
Nippon India Mutual Fund,B,11MPR,INF204KB16U2
Nippon India Mutual Fund,B,11QPD,INF204KB11U3
Nippon India Mutual Fund,B,11QPR,INF204KB12U1
Nippon India Mutual Fund,B,11ADD,INF204KB16T4
Nippon India Mutual Fund,B,11ADR,INF204KB17T2
Nippon India Mutual Fund,B,11AGG,INF204KB13T1
Nippon India Mutual Fund,B,11AMD,INF204KB18T0
Nippon India Mutual Fund,B,11AMR,INF204KB19T8
Nippon India Mutual Fund,B,11AQD,INF204KB14T9
Nippon India Mutual Fund,B,11AQR,INF204KB15T6
Nippon India Mutual Fund,B,11DPD,INF204KB13U9
HITACHI ENERGY INDIA LIMITED,A,POWERINDIA,INE07Y701011
DJ Mediaprint & Logistics Limited,B,DJML,INE0B1K01014
Nirmitee Robotics India Limited,MS,NIRMITEE,INE0CPQ01010
Natural Biocon (India) Limited,X,NATURAL,INE06MM01016
REGIS INDUSTRIES LIMITED,X,REGIS,INE745R01024
Billwin Industries Limited,M,BILLWIN,INE0CRS01012
Aarti Surfactants Limited,B,AARTISURF,INE09EO01013
BONLON INDUSTRIES LIMITED,B,BONLON,INE0B9A01018
Borosil Limited,B,BOROLTD,INE02PY01013
ROSSARI BIOTECH LIMITED,B,ROSSARI,INE02A801020
NDR Auto Components Limited,B,NDRAUTO,INE07OG01012
SURATWWALA BUSINESS GROUP LIMITED,B,SBGLP,INE05ST01028
ICICI Prudential Mutual Fund,B,ALPL30IETF,INF109KC17V7
Max Healthcare Institute Limited,A,MAXHEALTH,INE027H01010
ICICI Prudential Mutual Fund,B,ITIETF,INF109KC16I6
Max India Limited,B,MAXIND,INE0CG601016
HDFC Mutual Fund,B,HDFCNIFBAN,INF179KC1HY0
UTI Mutual Fund,B,BANKBETA,INF789F1AUV1
Happiest Minds Technologies Limited,A,HAPPSTMNDS,INE419U01012
Route Mobile Limited,B,ROUTE,INE450U01017
Samrat Forgings Limited,X,SAMRATFORG,INE412J01010
ADVAIT ENERGY TRANSITIONS LIMITED,B,ADVAIT,INE0ALI01010
Archidply Decor Limited,B,ADL,INE0CHO01012
Computer Age Management Services Limited,A,CAMS,INE596I01020
Secmark Consultancy Limited,B,SECMARK,INE0BTM01013
ANGEL ONE LIMITED,A,ANGELONE,INE732I01021
Atam Valves Limited,B,ATAM,INE09KD01013
Mazagon Dock Shipbuilders Limited,A,MAZDOCK,INE249Z01020
UTI Asset Management Company Limited,A,UTIAMC,INE094J01016
G M Polyplast Limited,M,GMPL,INE0E2801015
Likhitha Infrastructure Limited,B,LIKHITHA,INE060901027
Hemisphere Properties India Limited,B,HEMIPROP,INE0AJG01018
Equitas Small Finance Bank Limited,A,EQUITASBNK,INE063P01018
Shine Fashions (India) Limited,MT,SHINEFASH,INE0BLY01023
Gland Pharma Limited,A,GLAND,INE068V01023
Mirae Asset Mutual Fund,B,ESG,INF769K01GS9
Restaurant Brands Asia Limited,A,RBA,INE07T201019
TARC LIMITED,B,TARC,INE0EK901012
Ravinder Heights Limited,B,RVHL,INE09E501017
Mrs. Bectors Food Specialities Limited,B,BECTORFOOD,INE495P01020
Antony Waste Handling Cell Limited,B,AWHCL,INE01BK01022
Nippon India Mutual Fund,B,INFRABEES,INF732E01268
RITA FINANCE AND LEASING LIMITED,X,RFLL,INE018S01016
Indian Railway Finance Corporation,A,IRFC,INE053F01010
Indigo Paints Limited,A,INDIGOPNTS,INE09VQ01012
Home First Finance Company India Limited,A,HOMEFIRST,INE481N01025
STOVE KRAFT LIMITED,B,STOVEKRAFT,INE00IN01015
MRP Agro Limited,M,MRP,INE0D7801012
SMC Global Securities Limited,B,SMCGLOBAL,INE103C01036
Nureca Limited,B,NURECA,INE0DSF01015
RailTel Corporation of India Limited,A,RAILTEL,INE0DD101019
Heranba Industries Limited,B,HERANBA,INE694N01015
Davangere Sugar Company Limited,B,DAVANGERE,INE179G01029
DRC Systems India Limited,B,DRCSYSTEMS,INE03RS01027
Jubilant Ingrevia Limited,A,JUBLINGREA,INE0BY001018
Easy Trip Planners Limited,B,EASEMYTRIP,INE07O001026
Knowledge Marine & Engineering Works Limited,B,KMEW,INE0CJD01029
Anupam Rasayan India Limited,A,ANURAS,INE930P01018
Craftsman Automation Limited,A,CRAFTSMAN,INE00LO01017
Laxmi Organic Industries Limited,B,LXCHEM,INE576O01020
Kalyan Jewellers India Limited,A,KALYANKJIL,INE303R01014
Suryoday Small Finance Bank Limited,B,SURYODAY,INE428Q01011
Nazara Technologies Limited,A,NAZARA,INE418L01047
Suvidhaa Infoserve Limited,B,SUVIDHAA,INE018401013
UNITED FOODBRANDS LIMITED,B,UFBL,INE382M01027
EKI Energy Services Limited,B,EKI,INE0CPR01018
Rajeshwari Cans Limited,M,RCAN,INE0CQ101015
Artemis ADR Marketplace Limited,MT,ARTEMISADR,INE0D9X01018
Lodha Developers Limited,A,LODHA,INE670K01029
Deep Industries Limited,B,DEEPINDS,INE0FHS01024
Mirae Asset Mutual Fund,B,MAFANG,INF769K01HF4
ICICI Prudential Mutual Fund,B,HEALTHIETF,INF109KC1Q72
Shyam Metalics and Energy Limited,A,SHYAMMETL,INE810G01011
Sona BLW Precision Forgings Limited,A,SONACOMS,INE073K01018
Dodla Dairy Limited,A,DODLA,INE021O01019
Krishna Institute of Medical Sciences Limited,A,KIMS,INE967H01025
Adeshwar Meditex Limited,M,ADESHWAR,INE0H8J01015
Times Green Energy (India) Limited,MT,TIMESGREEN,INE0B6101012
India Pesticides Limited,B,IPL,INE0D6701023
Focus Business Solution Limited,M,FOCUS,INE0DXR01010
G R Infraprojects Limited,B,GRINFRA,INE201P01022
Clean Science and Technology Limited,A,CLEAN,INE227W01023
AA Plus Tradelink Limited,M,AAPLUSTRAD,INE0C5901022
Eternal Limited,A,ETERNAL,INE758T01015
Tatva Chintan Pharma Chem Limited,B,TATVA,INE0GK401011
ALIVUS LIFE SCIENCES LIMITED,A,ALIVUS,INE03Q201024
Mirae Asset Mutual Fund,B,BFSI,INF769K01HI8
Gretex Corporate Services Limited,B,GCSL,INE199P01028
Rolex Rings Limited,B,ROLEXRINGS,INE645S01024
ICICI Prudential Mutual Fund,B,FMCGIETF,INF109KC19V3
Exxaro Tiles Limited,B,EXXARO,INE0GFE01026
Krsnaa Diagnostics Limited,B,KRSNAA,INE08LI01020
Windlas Biotech Limited,B,WINDLAS,INE0H5O01029
Devyani International Limited,A,DEVYANI,INE872J01023
Meghmani Organics Limited,B,MOL,INE0CT101020
Epigral Limited,B,EPIGRAL,INE071N01016
CarTrade Tech Limited,A,CARTRADE,INE290S01011
Nuvoco Vistas Corporation Limited,A,NUVOCO,INE118D01016
Aptus Value Housing Finance India Limited,A,APTUS,INE852O01025
Chemplast Sanmar Limited,B,CHEMPLASTS,INE488A01050
SHARPLINE BROADCAST LIMITED,X,SHARPLINE,INE647W01014
Aashka Hospitals Limited,M,AASHKA,INE0EAX01014
Axis Mutual Fund,B,ITAXIS,INF846K01Y96
Axis Mutual Fund,B,HEALTHAXIS,INF846K01Z12
ACUTAAS CHEMICALS LIMITED,A,ACUTAAS,INE00FF01025
Vijaya Diagnostic Centre Limited,A,VIJAYA,INE043W01024
PlatinumOne Business Services Limited,M,POBS,INE0DTJ01015
Axis Mutual Fund,B,CONSUMAXIS,INF846K016C7
Sansera Engineering Limited,A,SANSERA,INE953O01021
Prevest Denpro Limited,M,PREVEST,INE0GAO01018
Markolines Pavement Technologies Limited,B,MARKOLINES,INE0FW001016
Mirae Asset Mutual Fund,B,MASPTOP50,INF769K01HP3
SBL Infratech Limited,M,SBLI,INE0DLM01024
Paras Defence and Space Technologies Limited,A,PARAS,INE045601023
Getalong Enterprise Limited,MT,GETALONG,INE0H1201020
Shri Venkatesh Refineries Limited,MT,SVRL,INE0HLJ01013
Aditya Birla Sun Life AMC Limited,A,ABSLAMC,INE404A01024
Promax Power Limited,M,PROMAX,INE0I2F01015
Samor Reality Limited,B,SAMOR,INE0GD201014
Adishakti Loha and Ispat Limited,M,ADISHAKTI,INE0CWK01019
CWD Limited,MS,CWD,INE0H8H01019
ICICI Prudential Mutual Fund,B,CONSUMIETF,INF109KC1V42
FSN E-Commerce Ventures Limited,A,NYKAA,INE388Y01029
Fino Payments Bank Limited,B,FINOPB,INE02NC01014
S.J.S. Enterprises Limited,A,SJS,INE284S01014
DSP Mutual Fund,B,EQUAL50ADD,INF740KA1QK2
PB Fintech Limited,A,POLICYBZR,INE417T01026
Suyog Gurbaxani Funicular Ropeways Limited,M,SGFRL,INE07GA01011
One 97 Communications Limited,A,PAYTM,INE982J01020
Sapphire Foods India Limited,A,SAPPHIRE,INE806T01020
Latent View Analytics Limited,A,LATENTVIEW,INE0I7C01011
Tarsons Products Limited,B,TARSONS,INE144Z01023
Omnipotent Industries Limited,M,OMNIPOTENT,INE0JFE01012
Go Fashion (India) Limited,B,GOCOLORS,INE0BJS01011
DMR ENGINEERING LIMITED,M,DMR,INE07L501010
HI-TECH PIPES LIMITED,B,HITECH,INE106T01025
Star Health and Allied Insurance Company Limited,A,STARHEALTH,INE575P01011
Tega Industries Limited,A,TEGA,INE011K01018
Mirae Asset Mutual Fund,B,MAHKTECH,INF769K01HS7
Anand Rathi Wealth Limited,A,ANANDRATHI,INE463V01026
RateGain Travel Technologies Limited,A,RATEGAIN,INE0CLI01024
Shriram Properties Limited,B,SHRIRAMPPS,INE217L01019
Jet Freight Logistics Limited,B,JETFREIGHT,INE982V01025
C.E. Info Systems Limited,A,MAPMYINDIA,INE0BV301023
Metro Brands Limited,A,METROBRAND,INE317I01021
Medplus Health Services Limited,A,MEDPLUS,INE804L01022
Data Patterns (India) Limited,A,DATAPATTNS,INE0IX101010
HP Adhesives Limited,B,HPAL,INE0GSL01024
Supriya Lifescience Limited,B,SUPRIYA,INE07RO01027
CLARA INDUSTRIES LIMITED,M,CLARA,INE0JJS01014
Motilal Oswal Mutual Fund,B,MONQ50,INF247L01AU3
DSP Mutual Fund,B,MIDQ50ADD,INF740KA1ZF3
DSP Mutual Fund,B,NIFTYADD,INF740KA1CL0
CMS Info Systems Limited,A,CMSINFO,INE925R01014
Brand Concepts Limited,B,BCONCEPTS,INE977Y01011
Ascensive Educare Limited,MS,ASCENSIVE,INE0E4I01027
FABINO ENTERPRISES LIMITED,MT,FABINO,INE0DRT01018
WONDER ELECTRICALS LIMITED,B,WEL,INE02WG01024
ICICI Prudential Mutual Fund,B,AUTOIETF,INF109KC10V2
ALKOSIGN LIMITED,M,ALKOSIGN,INE0KA601012
Mirae Asset Mutual Fund,B,MAKEINDIA,INF769K01IB1
AWL AGRI BUSINESS LIMITED,A,AWL,INE699H01024
Quality RO Industries Limited,M,QRIL,INE0KAF01018
Safa Systems & Technologies Limited,M,SSTL,INE0JNA01014
DEV INFORMATION TECHNOLOGY LIMITED,B,DEVIT,INE060X01034
Vedant Fashions Limited,A,MANYAVAR,INE825V01034
Maruti Interior Products Limited,M,SPITZE,INE0JSJ01014
Motilal Oswal Mutual Fund,B,MOMOMENTUM,INF247L01BK2
Aditya Birla Sun Life Mutual Fund,B,TECH,INF209KB11D8
Aditya Birla Sun Life Mutual Fund,B,HEALTHY,INF209KB10C2
Aditya Birla Sun Life Mutual Fund,B,BSLNIFTY,INF209KB19D1
Ekennis Software Service Limited,M,EKENNIS,INE0KCM01010
Mirae Asset Mutual Fund,B,MIDCAPETF,INF769K01IC9
Eureka Forbes Limited,A,EUREKAFORB,INE0KCE01017
Gateway Distriparks Limited,B,GATEWAY,INE079J01017
GMR Power and Urban Infra Limited,A,GMRP&UI,INE0CU601026
Bhatia Colour Chem Limited,M,BCCL,INE0KQ001017
Motherson Sumi Wiring India Limited,A,MSUMI,INE0FS801015
Evoq Remedies Limited,MT,EVOQ,INE0JVD01011
Motilal Oswal Mutual Fund,B,MOLOWVOL,INF247L01BL0
Avro India Limited,B,AVROIND,INE652Z01025
Veranda Learning Solutions Limited,B,VERANDA,INE0IQ001011
Sunrise Efficient Marketing Limited,MT,SEML,INE0KPY01017
DHYAANI TRADEVENTTURES LIMITED,MT,DHYAANITR,INE0K5F01014
Hariom Pipe Industries Limited,B,HARIOMPIPE,INE00EV01017
Eighty Jewellers Limited,MT,EIGHTY,INE0KSN01014
Shashwat Furnishing Solutions Limited,M,SFSL,INE0JMN01019
Global Longlife Hospital and Research Limited,M,GLHRL,INE0J2K01014
Fone4 Communications (India) Limited,M,FONE4,INE0L3H01014
Nanavati Ventures Limited,M,NVENTURES,INE0E5R01017
Campus Activewear Limited,A,CAMPUS,INE278Y01022
Rainbow Children's Medicare Limited,A,RAINBOW,INE961O01016
Silver Touch Technologies Limited,B,SILVERTUC,INE625X01026
LIFE INSURANCE CORPORATION OF INDIA,A,LICI,INE0J1Y01017
Prudent Corporate Advisory Services Limited,A,PRUDENT,INE00F201020
Venus Pipes & Tubes Limited,B,VENUSPIPES,INE0JA001018
Delhivery Limited,A,DELHIVERY,INE148O01028
Paradeep Phosphates Limited,A,PARADEEP,INE088F01024
Tierra Agrotech Limited,X,TIERRA,INE05CY01014
ETHOS LIMITED,A,ETHOSLTD,INE04TZ01018
eMudhra Limited,B,EMUDHRA,INE01QM01018
Aether Industries Limited,A,AETHER,INE0BWX01014
Silver Pearl Hospitality & Luxury Spaces Limited,M,SILVERPRL,INE0KXN01014
Scarnose International Limited,M,SCARNOSE,INE0IXR01019
Goel Food Products Limited,M,GOEL,INE0K6L01010
MODI’S NAVNIRMAN LIMITED,B,MODIS,INE0L0L01012
Pearl Green Clubs and Resorts Limited,M,PGCRL,INE0GTX01019
SAILANI TOURS N TRAVELS LIMITED,M,SAILANI,INE0KHQ01010
KESAR INDIA LIMITED,M,KESAR,INE0L1C01019
B-RIGHT REALESTATE LIMITED,M,BRRL,INE0IZQ01016
JAYANT INFRATECH LIMITED,MT,JAYANT,INE0KR801019
Veerkrupa Jewellers Limited,M,VEERKRUPA,INE0ID001024
HEALTHY LIFE AGRITEC LIMITED,MT,HEALTHYLIFE,INE0L3501015
DDEV PLASTIKS INDUSTRIES LIMITED,B,DDEVPLSTIK,INE0HR601026
Motilal Oswal Mutual Fund,B,MOHEALTH,INF247L01BB1
ICICI Prudential Mutual Fund,B,MOM30IETF,INF109KC17C7
HDFC Mutual Fund,B,HDFCNIF100,INF179KC1HR4
HDFC Mutual Fund,B,HDFCNEXT50,INF179KC1HS2
ICICI Prudential Mutual Fund,B,INFRAIETF,INF109KC16E5
Syrma SGS Technology Limited,A,SYRMA,INE0DYJ01015
Aditya Birla Sun Life Mutual Fund,B,NIFTYQLITY,INF209KB15K4
Aditya Birla Sun Life Mutual Fund,B,MOMENTUM,INF209KB14K7
Motilal Oswal Mutual Fund,B,MOVALUE,INF247L01BE5
Motilal Oswal Mutual Fund,B,MOQUALITY,INF247L01BH8
Olatech Solutions Limited,M,OLATECH,INE0M3901015
NATURO INDIABULL LIMITED,MT,NATURO,INE0JNB01012
Rhetan TMT Limited,B,RHETAN,INE0KKN01029
DREAMFOLKS SERVICES LIMITED,B,DREAMFOLKS,INE0JS101016
Dhampur Bio Organics Limited,B,DBOL,INE0I3401014
DIPNA PHARMACHEM LIMITED,M,DPL,INE0MC401013
EP BIOCOMPOSITES LIMITED,M,EPBIO,INE0D2I01014
Tamilnad Mercantile Bank Limited,A,TMB,INE668A01016
Virtuoso Optoelectronics Limited,B,VOEPL,INE0I0T01010
SHANTIDOOT INFRA SERVICES LIMITED,MT,SISL,INE0LU301014
Ksolves India Limited,B,KSOLVES,INE0D6I01023
Harsha Engineers International Limited,B,HARSHA,INE0JUS01029
HDFC Mutual Fund,B,HDFCQUAL,INF179KC1DL6
CONTAINE TECHNOLOGIES LIMITED,MT,CONTAINE,INE0M8901010
HDFC Mutual Fund,B,HDFCGROWTH,INF179KC1DJ0
HDFC Mutual Fund,B,HDFCVALUE,INF179KC1DK8
MAFIA TRENDS LIMITED,M,MAFIA,INE0KQQ01011
Tips Films Limited,B,TIPSFILMS,INE0LQS01015
SILICON RENTAL SOLUTIONS LIMITED,M,SRSOLTD,INE0MNV01014
Trident Lifeline Limited,M,TLL,INE0MKA01014
REETECH INTERNATIONAL LIMITED,M,REETECH,INE0MKO01015
Cargotrans Maritime Limited,M,CARGOTRANS,INE0M4L01013
Concord Control Systems Limited,M,CNCRD,INE0N0J01014
INSOLATION ENERGY LIMITED,B,INA,INE0LGX01024
Cargosol Logistics Limited,MT,CARGOSOL,INE0KZM01011
STEELMAN TELECOM LIMITED,M,STML,INE0MSK01016
VEDANT ASSET LIMITED,MT,VEDANTASSET,INE0NC801013
Electronics Mart India Limited,B,EMIL,INE02YR01019
HDFC Mutual Fund,B,HDFCLOWVOL,INF179KC1HU8
HDFC Mutual Fund,B,HDFCMOMENT,INF179KC1HV6
PIRAMAL PHARMA LIMITED,A,PPLPHARMA,INE0DK501011
Dc Infotech and Communication Limited,B,DCI,INE0A1101019
PACE E-COMMERCE VENTURES LIMITED,M,PACE,INE0N1L01018
Tracxn Technologies Limited,B,TRACXN,INE0HMF01019
Narmada Agrobase Limited,B,NARMADA,INE117Z01011
InfoBeans Technologies Limited,B,INFOBEAN,INE344S01016
HINDPRAKASH INDUSTRIES LIMITED,B,HPIL,INE05X901010
DCX Systems Limited,B,DCXINDIA,INE0KL801015
DAPS ADVERTISING LIMITED,MT,DAPS,INE975Z01012
FUSION FINANCE LIMITED,B,FUSION,INE139R01012
Bikaji Foods International Limited,A,BIKAJI,INE00E101023
Global Health Limited,A,MEDANTA,INE474Q01031
Technopack Polymers Limited,M,TECHNOPACK,INE0MXP01015
Archean Chemical Industries Limited,A,ACI,INE128X01021
Five-Star Business Finance Ltd.,A,FIVESTAR,INE128S01021
KAYNES TECHNOLOGY INDIA LIMITED,A,KAYNES,INE918Z01012
HDFC Mutual Fund,B,HDFCNIFIT,INF179KC1IA8
HDFC Mutual Fund,B,HDFCPVTBAN,INF179KC1HZ7
INOX GREEN ENERGY SERVICES LIMITED,A,INOXGREEN,INE510W01014
B&B Triplewall Containers Limited,B,BBTCL,INE01EE01011
Keystone Realtors Limited,B,RUSTOMJEE,INE263M01029
VINNY OVERSEAS LIMITED,B,VINNY,INE01KI01027
AAA TECHNOLOGIES LIMITED,B,AAATECH,INE0D0U01013
ICICI Prudential Mutual Fund,B,FINIETF,INF109KC17L8
AMBO AGRITEC LIMITED,M,AMBOAGRI,INE0N6V01016
Sirca Paints India Limited,B,SIRCA,INE792Z01011
Dharmaj Crop Guard Limited,B,DHARMAJ,INE00OQ01016
Sarveshwar Foods Limited,B,SARVESHWAR,INE324X01026
Uniparts India Limited,B,UNIPARTS,INE244O01017
PNGS GARGI FASHION JEWELLERY LIMITED,M,GARGI,INE0NT601018
ICICI Prudential Mutual Fund,B,COMMOIETF,INF109KC19O8
Sula Vineyards Limited,B,SULA,INE142Q01026
ABANS FINANCIAL SERVICES LIMITED,B,AFSL,INE00ZE01026
Droneacharya Aerial Innovations Limited,M,DRONACHRYA,INE0MQD01015
LANDMARK CARS LIMITED,B,LANDMARK,INE559R01029
KFin Technologies Limited,A,KFINTECH,INE138Y01010
Elin Electronics Limited,B,ELIN,INE050401020
Radiant Cash Management Services Limited,B,RADIANTCMS,INE855R01021
Aveer Foods Limited,X,AVEER,INE09BN01011
DSP Mutual Fund,B,BANKADD,INF740KA1RX3
Aeroflex Neu Limited,B,AERONEU,INE035801013
Rex Sealing and Packing Industries Limited,M,REXSEAL,INE0MFT01014
SVS VENTURES LIMITED,M,SVS,INE0MID01012
LOGICA INFOWAY LIMITED,M,LOGICA,INE0BSU01018
Kamdhenu Ventures Limited,B,KAMOPAINTS,INE0BTI01037
Aarti Pharmalabs Limited,A,AARTIPHARM,INE0LRU01027
DHARNI CAPITAL SERVICES LIMITED,M,DHARNI,INE0M9Q01011
TRANSVOY LOGISTICS INDIA LIMITED,MT,TRANSVOY,INE0MPU01011
Earthstahl & Alloys Limited,M,EARTH,INE0O4V01010
Ashika Global Securities Limited,B,ASHIKAG,INE094B01013
BODHI TREE MULTIMEDIA LIMITED,B,BTML,INE0EEJ01023
NMDC Steel Limited,A,NSLNISP,INE0NNS01018
INDONG TEA COMPANY LIMITED,M,INDONG,INE0KN201016
HDFC Mutual Fund,B,HDFCBSE500,INF179KC1EZ4
HDFC Mutual Fund,B,HDFCSML250,INF179KC1FB2
HDFC Mutual Fund,B,HDFCMID150,INF179KC1HT0
Sealmatic India Limited,M,SEALMATIC,INE0O4601016
Macfos Limited,M,ROBU,INE0OLH01013
Patron Exim Limited,M,PATRON,INE0NPA01011
S.V.J.ENTERPRISES LIMITED,M,SVJ,INE0JZS01010
AMANAYA VENTURES LIMITED,M,AMANAYA,INE0G1V01016
RESGEN LIMITED,M,RESGEN,INE0NYN01016
ITCONS E-Solutions Limited,M,ITCONS,INE0O6A01019
AIRAN LIMITED,B,AIRAN,INE645W01026
DIVGI TORQTRANSFER SYSTEMS LIMITED,B,DIVGIITTS,INE753U01022
PROSPECT CONSUMER PRODUCTS LIMITED,M,PCL,INE0OKG01017
ICICI Prudential Mutual Fund,B,PSUBNKIETF,INF109KC10S8
SUDARSHAN PHARMA INDUSTRIES LIMITED,MT,SUDARSHAN,INE00TV01023
Global Surfaces Limited,B,GSLSU,INE0JSX01015
LABELKRAFT TECHNOLOGIES LIMITED,M,LABELKRAFT,INE0NLJ01011
Bright Outdoor Media Limited,M,BRIGHT,INE0OMI01019
Command Polymers Limited,MT,COMMAND,INE0LKQ01012
Dev Labtech Venture Limited,M,DEVLAB,INE0NIJ01025
Axis Mutual Fund,B,SENSEXAXIS,INF846K010Q0
Mirae Asset Mutual Fund,B,LOWVOL,INF769K01JU9
J.A. Finance Limited,X,JAFINANCE,INE825B01010
Udayshivakumar infra Limited,B,USK,INE0N0Y01013
Maiden Forgings Limited,M,MAIDEN,INE0O1T01010
Exhicon Events Media Solutions Limited,M,EXHICON,INE0O8901016
Avalon Technologies Limited,A,AVALON,INE0LCL01028
Sancode Technologies Limited,MT,SANCODE,INE0P7001013
BEML Land Assets Limited,B,BLAL,INE0N7W01012
ROBUST HOTELS LIMITED,B,RHL,INE508K01013
Retina Paints Limited,M,RETINA,INE0NTC01019
Mankind Pharma Limited,A,MANKIND,INE634S01028
INNOKAIZ INDIA LIMITED,MT,INNOKAIZ,INE0LDI01022
Atal Realtech Limited,B,ATALREAL,INE0ALR01029
Power & Instrumentation (Gujarat) Limited,B,PIGL,INE557Z01018
Swati Projects Limited,X,SWATIPRO,INE210F01016
Pavna Industries Limited,B,PAVNAIND,INE07S101038
Hemant Surgical Industries Limited,MT,HSIL,INE0GYI01028
SIGMA SOLVE LIMITED,B,SIGMA,INE0A0S01028
GHCL Textiles Limited,B,GHCLTEXTIL,INE0PA801013
M.K.Proteins Limited,B,MKPL,INE964W01021
CFF FLUID CONTROL LIMITED,M,CFF,INE0NJ001013
Comrade Appliances Limited,MT,COMRADE,INE0NXA01015
IKIO Technologies Limited,B,IKIO,INE0LOJ01019
Sonalis Consumer Products Limited,M,SONALIS,INE0N5O01013
Bizotic Commercial Limited,M,BIZOTIC,INE0OJ401014
Asian Warehousing Limited,X,ASIAN,INE04Z101016
Cosmic CRF Limited,MT,COSMICCRF,INE0ORA01015
HMA Agro Industries Limited,B,HMAAGRO,INE0ECP01024
VEEFIN SOLUTIONS LIMITED,M,VEEFIN,INE0Q0M01015
Cyient DLM Limited,B,CYIENTDLM,INE055S01018
Machhar Industries Limited,X,MACIND,INE01BT01015
DSP Mutual Fund,B,ITADD,INF740KA1SX1
Senco Gold Limited,A,SENCO,INE602W01027
ALPHALOGIC INDUSTRIES LIMITED,M,ALPHAIND,INE0NZF01019
ACCELERATEBS INDIA LIMITED,M,ACCELERATE,INE0POP01017
Kaka Industries Limited,M,KAKA,INE0P3N01018
Jio Financial Services Limited,A,JIOFIN,INE758E01017
AHASOLAR TECHNOLOGIES LIMITED,M,AHASOLAR,INE0NEV01011
UTKARSH SMALL FINANCE BANK LIMITED,B,UTKARSHBNK,INE735W01017
ASARFI HOSPITAL LIMITED,M,ASARFI,INE0DN001027
Mirae Asset Mutual Fund,B,BANKETF,INF769K01KR3
NETWEB TECHNOLOGIES INDIA LIMITED,A,NETWEB,INE0NT901020
DSP Mutual Fund,A,SENSEXADD,INF740KA1SZ6
DSP Mutual Fund,B,PSUBANKADD,INF740KA1SY9
DSP Mutual Fund,B,PVTBANKADD,INF740KA1TA7
YATHARTH HOSPITAL & TRAUMA CARE SERVICES LIMITED,A,YATHARTH,INE0JO301016
NIIT Learning Systems Limited,B,NIITMTS,INE342G01023
Khazanchi Jewellers Limited,M,KHAZANCHI,INE0OWC01011
Allcargo Terminals Limited,B,ATL,INE0NN701020
Transindia Real Estate Limited,B,TREL,INE0O3901029
ICICI Prudential Mutual Fund,B,QUAL30IETF,INF109KC18V5
REDTAPE Limited,B,REDTAPE,INE0LXT01019
SBFC Finance Limited,A,SBFC,INE423Y01016
Concord Biotech Limited,A,CONCORDBIO,INE338H01029
SHELTER PHARMA LIMITED,M,SHELTER,INE013V01011
TVS Supply Chain Solutions Limited,B,TVSSCS,INE395N01027
Pyramid Technoplast Limited,B,PYRAMID,INE0MIS01010
Shoora Designs Limited,MT,SHOORA,INE0OJZ01019
Bondada Engineering Limited,M,BONDADA,INE0Q8P01029
Aeroflex Industries Limited,B,AEROFLEX,INE024001021
UTI Mutual Fund,B,MIDCAPBETA,INF789F1AYX9
Shradha AI Technologies Limited,X,SHRAAITECH,INE489B01031
Rishabh Instruments Limited,B,RISHABH,INE0N2P01017
Ratnaveer Precision Engineering Limited,B,RATNAVEER,INE05CZ01011
Kahan Packaging Limited,MT,KAHAN,INE04T901017
Jupiter Life Line Hospitals Limited,A,JLHL,INE682M01020
R R KABEL LIMITED,A,RRKABEL,INE777K01022
QUEST FLOW CONTROLS LIMITED,MT,QUESTFLOW,INE0OYE01013
EMS LIMITED,B,EMSLIMITED,INE0OV601013
Samhi Hotels Limited,A,SAMHI,INE08U801020
ZAGGLE PREPAID OCEAN SERVICES LIMITED,A,ZAGGLE,INE07K301024
South West Pinnacle Exploration Limited,B,SOUTHWEST,INE980Y01015
Nuvama Wealth Management Limited,A,NUVAMA,INE531F01023
Sai Silks (Kalamandir) Limited,B,KALAMANDIR,INE438K01021
SIGNATUREGLOBAL (INDIA) LIMITED,A,SIGNATURE,INE903U01023
TECHKNOWGREEN SOLUTIONS LIMITED,M,TECHKGREEN,INE0P4P01011
YATRA ONLINE LIMITED,B,YATRA,INE0JR601024
ARCL Organics Ltd,X,ARCL,INE372M01010
JSW Infrastructure Limited,A,JSWINFRA,INE880J01026
MANOJ VAIBHAV GEMS 'N' JEWELLERS LIMITED,B,MVGJL,INE0KNT01012
Updater Services Limited,B,UDS,INE851I01011
ORGANIC RECYCLING SYSTEMS LIMITED,M,ORGANICREC,INE0MIO01019
Mirae Asset Mutual Fund,A,SENSEXETF,INF769K01KT9
CITY CROPS AGRO LIMITED,MT,CCAL,INE0M7501019
Sunita Tools Limited,MT,SUNITATOOL,INE0Q1S01010
Vivaa Tradecom Limited,MT,VIVAA,INE0PA601017
IRM ENERGY LIMITED,B,IRMENERGY,INE07U701015
Mirae Asset Mutual Fund,B,ITETF,INF769K01KV5
Mirae Asset Mutual Fund,B,ALPHAETF,INF769K01KU7
Max Estates Limited,B,MAXESTATES,INE03EI01018
Blue Jet Healthcare Limited,A,BLUEJET,INE0KBH01020
Vrundavan Plantation Limited,M,VPL,INE0Q6901013
Cello World Limited,A,CELLO,INE0LMW01024
KK Shah Hospitals Limited,M,KKSHL,INE0OH401016
Honasa Consumer Limited,A,HONASA,INE0J5401028
Mish Designs Limited,M,MISHDESIGN,INE0QI101019
ESAF Small Finance Bank Ltd,B,ESAFSFB,INE818W01011
Protean eGov Technologies Limited,A,PROTEAN,INE004A01022
ASK Automotive Limited,B,ASKAUTOLTD,INE491J01022
Kalyani Cast-Tech Limited,M,KALYANI,INE0N6U01018
Arrowhead Seperation Engineering Limited,M,ARROWHEAD,INE0PP401015
Indian Renewable Energy Development Agency Limited,A,IREDA,INE202E01016
Fedbank Financial Services Limited,B,FEDFINA,INE007N01010
Tata Technologies Limited,A,TATATECH,INE142M01025
Gandhar Oil Refinery (India) Limited,B,GANDHAR,INE717W01049
Flair Writing Industries Limited,B,FLAIR,INE00Y201027
Swashthik Plascon Limited,M,SPL,INE0RDR01012
DEEPAK CHEMTEX LIMITED,M,DEEPAKCHEM,INE0RDM01013
Amic Forging Limited,M,AMIC,INE0P9J01013
Bajel Projects Limited,B,BAJEL,INE0KQN01018
India Shelter Finance Corporation Limited,A,INDIASHLTR,INE922K01024
DOMS Industries Limited,A,DOMS,INE321T01012
INOX India Limited,A,INOXINDIA,INE616N01034
Siyaram Recycling Industries Limited,M,SIYARAM,INE0QSK01017
Benchmark Computer Solutions Limited,MT,BENCHMARK,INE0Q2Z01013
Motisons Jewellers Limited,B,MOTISONS,INE0FRK01020
Suraj Estate Developers Limited,B,SURAJEST,INE843S01025
Muthoot Microfin Limited,B,MUTHOOTMF,INE046W01019
Sahara Maritime Limited,M,SMARITIME,INE0PSJ01011
Happy Forgings Limited,B,HAPPYFORGE,INE330T01021
Credo Brands Marketing Limited,B,MUFTI,INE220Q01020
SHANTI SPINTEX LIMITED,M,SHANTIDENM,INE0QZQ01019
RBZ Jewellers Limited,B,RBZJEWEL,INE0PEQ01016
Azad Engineering Limited,A,AZAD,INE02IJ01035
SUNDARAM-CLAYTON LIMITED,B,SUNCLAY,INE0Q3R01026
INNOVA CAPTAB LIMITED,B,INNOVACAP,INE0DUT01020
AIK Pipes and Polymers Limited,M,AIKPIPES,INE0QFT01015
Manoj Ceramic Limited,M,MCPL,INE0A6N01026
Shri Balaji Valve Components Limited,MT,SBVCL,INE0RNZ01014
DIGIDRIVE DISTRIBUTORS LIMITED,B,DIGIDRIVE,INE0PSC01024
Sayaji Hotels (Indore) Limited,X,SHILINDORE,INE0MGS01014
Jyoti CNC Automation Limited,A,JYOTICNC,INE980O01024
New Swan Multitech Limited,M,SWANAGRO,INE0GEN01012
Shree Marutinandan Tubes Limited,M,SHREE,INE0QIS01011
Medi Assist Healthcare Services Limited,A,MEDIASSIST,INE456Z01021
Sayaji Hotels (Pune) Limited,X,SHPLPUNE,INE07G501017
Qualitek Labs Limited,M,QLL,INE0Q1R01012
Bajaj Finserv Mutual Fund,B,NIFTYBETF,INF0QA701722
Bajaj Finserv Mutual Fund,B,BANKBETF,INF0QA701714
Euphoria Infotech (India) Limited,M,EUPHORIAIT,INE0PYT01018
EPACK Durable Limited,B,EPACK,INE0G5901015
Brisk Technovision Limited,MT,BRISK,INE0Q6L01014
UTI Mutual Fund,B,ITBETA,INF789F1AZD8
HARSHDEEP HORTICO LIMITED,M,HARSHDEEP,INE0OLZ01015
Mayank Cattle Food Limited,MT,MCFL,INE0R5Z01015
BLS E-Services Limited,B,BLSE,INE0NLT01010
Gabriel Pet Straps Limited,M,GPSL,INE0QZF01012
DSP Mutual Fund,B,HEALTHADD,INF740KA1ZG1
HDFC Mutual Fund,B,HDFCPSUBK,INF179KC1HW4
Apeejay Surrendra Park Hotels Limited,B,PARKHOTELS,INE988S01028
JASCH GAUGING TECHNOLOGIES LIMITED,X,JGTL,INE0QXV01014
Signpost India Limited,B,SIGNPOST,INE0KGZ01021
JANA SMALL FINANCE BANK LIMITED,A,JSFB,INE953L01027
Rashi Peripherals Limited,B,RPTECH,INE0J1F01024
Capital Small Finance Bank Ltd,B,CAPITALSFB,INE646H01017
Rudra Gas Enterprise Limited,M,RUDRAGAS,INE0OYK01010
Entero Healthcare Solutions Limited,B,ENTERO,INE010601016
LIC Mutual Fund,B,LICNMID100,INF767K01RN1
VIBHOR STEEL TUBES LIMITED,B,VSTL,INE0QTF01015
Juniper Hotels Limited,B,JUNIPER,INE696F01016
Mirae Asset Mutual Fund,B,SMALLCAP,INF769K01LC3
GPT Healthcare Limited,B,GPTHEALTH,INE486R01017
EXICOM TELE-SYSTEMS LIMITED,B,EXICOM,INE777F01014
Platinum Industries Limited,B,PLATIND,INE0PT501018
Mukka Proteins Limited,B,MUKKA,INE0CG401037
R K Swamy Limited,B,RKSWAMY,INE0NQ801033
J.G.Chemicals Limited,B,JGCHEM,INE0MB501011
KOURA FINE DIAMOND JEWELRY LIMITED,M,KOURA,INE0M8R01011
Gopal Snacks Limited,B,GOPAL,INE0L9R01028
Pune E - Stock Broking Limited,MT,PESB,INE510U01018
Shipping Corporation of India Land and Assets Limited,B,SCILAL,INE0PB301013
Royal Sense Limited,M,ROYAL,INE0QQG01019
Popular Vehicles and Services Limited,B,PVSL,INE772T01024
KRYSTAL INTEGRATED SERVICES LIMITED,B,KRYSTAL,INE0QN801017
KP GREEN ENGINEERING LIMITED,M,KPGEL,INE0QVH01025
CHATHA FOODS LIMITED,M,CHATHA,INE0AH901011
Gconnect Logitech and Supply Chain Limited,M,GCONNECT,INE0QHY01011
Vruddhi Engineering Works Limited,M,VRUDDHI,INE0OMZ01013
SRM CONTRACTORS LIMITED,B,SRM,INE0R6Z01013
Jay Kailash Namkeen Limited,MT,JAYKAILASH,INE0MSS01019
D P ABHUSHAN LIMITED,B,DPABHUSHAN,INE266Y01019
Bharti Hexacom Limited,A,BHARTIHEXA,INE343G01021
Greenhitech Ventures Limited,M,GVL,INE0S0701019
Faalcon Concepts Limited,M,FAALCON,INE0Q9W01015
SHIVAM CHEMICALS LIMITED,M,SHIVAM,INE0SGR01013
EMMFORCE AUTOTECH LIMITED,MT,EMMFORCE,INE0SDC01012
JNK India Limited,B,JNKINDIA,INE0OAF01028
VARYAA CREATIONS LIMITED,M,VARYAA,INE0R6801013
Amkay Products Limited,M,AMKAY,INE0QSB01016
Dolphin Kitchen Utencils and Appliances Limited,M,DKUAL,INE0QXT01018
Storage Technologies and Automation Limited,MT,STAL,INE0RGM01016
Indegene Limited,A,INDGN,INE065X01017
Finelistings Technologies Limited,MT,FTL,INE0QOQ01013
TBO TEK LIMITED,A,TBOTEK,INE673O01025
TGIF AGRIBUSINESS LIMITED,M,TGIF,INE0SMU01015
Aadhar Housing Finance Limited,A,AADHARHFC,INE883F01010
Aztec Fluids & Machinery Limited,M,AZTEC,INE0SCB01016
PIOTEX INDUSTRIES LIMITED,M,PIOTEX,INE0R4W01015
Go Digit General Insurance Limited,A,GODIGIT,INE03JT01014
Mirae Asset Mutual Fund,B,MIDSMALL,INF769K01LJ8
Awfis Space Solutions Limited,A,AWFIS,INE108V01019
Associated Coaters Limited,M,ASSOCIATED,INE0RIQ01013
Borosil Scientific Limited,B,BOROSCI,INE02L001032
ADTECH SYSTEMS LIMITED,X,ADTECH,INE257C01014
Forbes Precision Tools and Machine Parts Limited,X,TOTEM,INE0TT901016
KRONOX LAB SCIENCES LIMITED,B,KRONOX,INE0ATZ01017
Magenta Lifecare Limited,M,MAGENTA,INE0QZ901011
SATTRIX INFORMATION SECURITY LIMITED,M,SATTRIX,INE0QUV01010
3C IT Solutions and Telecoms (India) Limited,M,3CIT,INE0R7D01018
Purple Finance Limited,X,PURPLEFIN,INE0CYK01015
Le Travenues Technology Limited,A,IXIGO,INE0HV901016
Zerodha Mutual Fund,B,MID150CASE,INF0R8F01059
Zerodha Mutual Fund,B,TOP100CASE,INF0R8F01067
United Cotfab Limited,M,COTFAB,INE0S0I01011
BARODA BNP PARIBAS MUTUAL FUND,B,BBNPNBETF,INF251K01TL6
JHS SVENDGAARD RETAIL VENTURES LIMITED,B,RETAIL,INE03DD01011
GEM Enviro Management Limited,M,GEMENVIRO,INE0RUJ01013
Akme Fintrade (India) Limited,B,AFIL,INE916Y01027
DINDIGUL FARM PRODUCT LIMITED,M,DFPL,INE0S6R01027
STANLEY LIFESTYLES LIMITED,B,STANLEY,INE01A001028
Allied Blenders and Distillers Limited,A,ABDL,INE552Z01027
VRAJ IRON AND STEEL LIMITED,B,VRAJ,INE0S2V01010
National Peroxide Limited,XT,NPL,INE0PO601011
Reliable Data Services Limited,B,RELIABLE,INE375Y01018
Bansal Wire Industries Limited,B,BANSALWIRE,INE0B9K01025
Emcure Pharmaceuticals Limited,A,EMCURE,INE168P01015
Mirae Asset Mutual Fund,B,EVINDIA,INF769K01LQ3
AELEA COMMODITIES LIMITED,M,ACLD,INE0T3401029
THREE M PAPER BOARDS LIMITED,M,THREEMPAPE,INE0UK501010
SBI Mutual Fund,B,SBINEQWETF,INF200KB1282
ICICI Prudential Mutual Fund,B,OILIETF,INF109KC18W3
SANSTAR LIMITED,B,SANSTAR,INE08NE01025
Aditya Birla Sun Life Mutual Fund,B,ABSLPSE,INF209KB19Z4
VVIP Infratech Limited,M,VVIPIL,INE0MNP01016
Clinitech Laboratory Limited,M,CTLLAB,INE0QMR01015
Kizi Apparels Limited,M,KIZI,INE0RMR01013
Akums Drugs and Pharmaceuticals Limited,B,AKUMS,INE09XN01023
Ceigall India Limited,B,CEIGALL,INE0AG901020
Afcom Holdings Limited,M,AFCOM,INE0OXY01013
Ola Electric Mobility Limited,A,OLAELEC,INE0LXG01040
Brainbees Solutions Limited,A,FIRSTCRY,INE02RE01045
UNICOMMERCE ESOLUTIONS LIMITED,B,UNIECOM,INE00U401027
ICICI Prudential Mutual Fund,B,METALIETF,INF109KC19W1
SARASWATI SAREE DEPOT LIMITED,B,SSDL,INE0PQ101010
BROACH LIFECARE HOSPITAL LIMITED,M,BROACH,INE0SFZ01018
Interarch Building Solutions Limited,B,INTERARCH,INE00M901018
Mahalaxmi Fabric Mills Limited,B,MFML,INE0US801024
Orient Technologies Limited,B,ORIENTTECH,INE0PPK01015
Resourceful Automobile Limited,MT,RAL,INE0SK201011
RAPID MULTIMODAL LOGISTICS LIMITED,M,RAPID,INE0QA901010
Premier Energies Limited,A,PREMIERENE,INE0BS701011
Raymond Lifestyle Limited,A,RAYMONDLSL,INE02ID01020
Mirae Asset Mutual Fund,B,MULTICAP,INF769K01LX9
Travels & rentals Limited,M,TRAVELS,INE0SG001011
Gala Precision Engineering Limited,B,GALAPREC,INE0RE001014
Naturewings Holidays Limited,M,NHL,INE0N4701016
Revathi Equipment India Limited,B,RVTH,INE0DAB01012
DSP Mutual Fund,B,TOP10ADD,INF740KA1UR9
MACH TRAVEL SOLUTIONS LIMITED,M,MACHLTD,INE0UYT01018
SHREE TIRUPATI BALAJEE AGRO TRADING COMPANY LIMITED,B,BALAJEE,INE0S2G01011
Sanofi Consumer Healthcare India Limited,B,SANOFICONR,INE0UOS01011
Share Samadhan Limited,M,SSL,INE0LY301010
Bajaj Housing Finance Limited,A,BAJAJHFL,INE377Y01014
Kross Limited,B,KROSS,INE0O6601022
Tolins Tyres Limited,B,TOLINS,INE0RWQ01014
P N GADGIL JEWELLERS LIMITED,B,PNGJL,INE953R01016
Sodhani Academy of Fintech Enablers Limited,M,SAFE,INE0Q3401017
Western Carriers (India) Limited,B,WCIL,INE0CJF01024
POPULAR FOUNDATIONS LIMITED,M,PFL,INE0PZB01013
Northern Arc Capital Ltd.,A,NORTHARC,INE850M01015
ARKADE DEVELOPERS LIMITED,B,ARKADE,INE0QRL01017
Manba Finance Limited,B,MANBA,INE939X01013
Diffusion Engineers Limited,B,DIFFNKG,INE184O01015
Nexxus Petro Industries Limited,M,NEXXUS,INE0QUL01011
Mirae Asset Mutual Fund,B,BANKPSU,INF769K01LZ4
SUBAM PAPERS LIMITED,M,SUBAM,INE0U6201010
Mirae Asset Mutual Fund,B,METAL,INF769K01LY7
NEOPOLITAN PIZZA AND FOODS LIMITED,M,NPFL,INE471R01019
Khyati Global Ventures Limited,M,KGVL,INE0S9501014
Garuda Construction and Engineering Limited,B,GARUDA,INE0JVO01026
SHIV TEXCHEM LIMITED,M,SHIVTEXCHEM,INE0YRO01015
HYUNDAI MOTOR INDIA LIMITED,A,HYUNDAI,INE0V6F01027
ICICI Prudential Mutual Fund,B,VAL30IETF,INF109KC16X5
Waaree Energies Limited,A,WAAREEENER,INE377N01017
Godavari Biorefineries Limited,B,GODAVARIB,INE497S01012
Afcons Infrastructure Limited,A,AFCONS,INE101I01011
A B INFRABUILD LIMITED,B,ABINFRA,INE00YB01025
Sagility Limited,A,SAGILITY,INE0W2G01015
ACME Solar Holdings Limited,A,ACMESOLAR,INE622W01025
SWIGGY LIMITED,A,SWIGGY,INE00H001014
NIVA BUPA HEALTH INSURANCE COMPANY LIMITED,A,NIVABUPA,INE995S01015
Mangal Compusolution Limited,M,MANGALCOMP,INE0RU901015
BlackBuck Limited,A,BLACKBUCK,INE0UIZ01018
NTPC GREEN ENERGY LIMITED,A,NTPCGREEN,INE0ONG01011
ENVIRO INFRA ENGINEERS LIMITED,B,EIEL,INE0LLY01014
RAJESH POWER SERVICES LIMITED,M,RAJESH,INE0VN801010
Onesource Specialty Pharma Limited,A,ONESOURCE,INE013P01021
SURAKSHA DIAGNOSTIC LIMITED,B,SURAKSHA,INE877V01027
Rossell Techsys Limited,B,ROSSTECH,INE0OJW01016
NISUS FINANCE SERVICES CO LIMITED,M,NISUS,INE0DQN01013
Innovana Thinklabs Limited,B,INNOVANA,INE403Y01018
TOSS THE COIN LIMITED,M,TTC,INE0XAY01012
JUNGLE CAMPS INDIA LIMITED,M,JUNGLECAMP,INE0WCH01015
One Mobikwik Systems Limited,B,MOBIKWIK,INE0HLU01028
Sai Life Sciences Limited,A,SAILIFE,INE570L01029
Vishal Mega Mart Limited,A,VMM,INE01EA01019
Hilltone Software and Gases Ltd,X,HILLTONE,INE168C01013
INVENTURUS KNOWLEDGE SOLUTIONS LIMITED,A,IKS,INE115Q01022
Yash Highvoltage Limited,M,YASHHV,INE00GK01023
International Gemological Institute Limited,A,IGIL,INE0Q9301021
HAMPS BIO LIMITED,MT,HAMPS,INE0QBD01018
NACDAC Infrastructure Limited,M,NACDAC,INE0LB101011
Sanathan Textiles Limited,B,SANATHAN,INE0JPD01013
Concord Enviro Systems Limited,B,CEWATER,INE037Z01029
DAM Capital Advisors Limited,B,DAMCAPITAL,INE284H01025
Transrail Lighting Limited,A,TRANSRAILL,INE454P01035
MAMATA MACHINERY LIMITED,B,MAMATA,INE0TO701015
SENORES PHARMACEUTICALS LIMITED,A,SENORES,INE0RB801010
CARRARO INDIA LIMITED,B,CARRARO,INE0V7W01012
Ventive Hospitality Limited,B,VENTIVE,INE781S01027
Unimech Aerospace and Manufacturing Limited,B,UNIMECH,INE0U3I01011
Mirae Asset Mutual Fund,B,CONSUMER,INF769K01NS5
Citichem India Limited,M,CITICHEM,INE0A8401016
ITC Hotels Limited,A,ITCHOTELS,INE379A01028
Edelweiss Mutual Fund,B,ECAPINSURE,INF754K01TX4
TECHNICHEM ORGANICS LIMITED,M,TECHNICHEM,INE0ZHT01012
INDO FARM EQUIPMENT LIMITED,B,INDOFARM,INE622H01018
LEO DRYFRUITS & SPICES TRADING LIMITED,M,VANDU,INE0RH001011
PARMESHWAR METAL LIMITED,MT,PARMESHWAR,INE0QQJ01021
Davin Sons Retail Limited,M,DAVIN,INE0Q2L01013
FABTECH TECHNOLOGIES CLEANROOMS LIMITED,MT,FABCLEAN,INE0HSD01011
STANDARD ENGINEERING TECHNOLOGY LIMITED,B,SETL,INE0M4D01010
Indobell Insulations Limited,MT,INDOBELL,INE0FK501019
B.R.GOYAL INFRASTRUCTURE LIMITED,M,BRGIL,INE00ST01011
Quadrant Future Tek Limited,B,QUADFUTURE,INE0LRY01011
Avax Apparels and Ornaments Limited,MT,AVAX,INE0NQ401024
Laxmi Dental Limited,B,LAXMIDENTL,INE0WO601020
Rikhav Securities Limited,M,RIKHAV,INE0CFH01028
LANDMARK GLOBAL LEARNING LIMITED,M,LGLL,INE12QA01010
Stallion India Fluorochemicals Limited,B,STALLION,INE0RYC01010
CAPITALNUMBERS INFOTECH  LIMITED,M,CNINFOTECH,INE0WXM01011
SPR Auto Technologies Limited,A,SHRIPISTON,INE526E01018
Denta Water and Infra Solutions Limited,B,DENTA,INE0R4L01018
RDB Real Estate Constructions Limited,X,RRECL,INE0AK901016
CLN ENERGY LIMITED,MT,CLN,INE0WDX01010
GB Logistics Commerce Limited,M,GBLOGISTIC,INE0RWU01016
H.M. ELECTRO MECH LIMITED,M,HMEML,INE0DZD01015
Dr. Agarwal's Health Care Limited,A,AGARWALEYE,INE943P01029
MALPANI PIPES AND FITTINGS LIMITED,M,MALPANI,INE0YON01014
DSP Mutual Fund,B,NEXT30ADD,INF740KA1VE5
Amwill Health Care Limited,M,AMWILL,INE0U2L01017
SOLARIUM GREEN ENERGY LIMITED,M,SOLARIUM,INE0W0H01017
Jubilant Agri and Consumer Products Limited,B,JUBLCPL,INE03CC01015
AJAX Engineering Limited,B,AJAXENGG,INE274Y01021
COVANCE SOFTSOL LIMITED,XT,COVANCE,INE0R8101016
Hexaware Technologies Limited,A,HEXT,INE093A01041
Indef Manufacturing Limited,B,BAJAJINDEF,INE0O9T01021
SHANMUGA HOSPITAL LIMITED,M,SHANMUGA,INE0TD301017
L.K.MEHTA POLYMERS LIMITED,M,LKMEHTA,INE0FFF01017
Swasth Foodtech India Limited,M,SWASTH,INE0TIR01017
Beezaasan Explotech Limited,MT,BEEZAASAN,INE13VU01016
NUKLEUS OFFICE SOLUTIONS LIMITED,M,NUKLEUS,INE0VYX01018
VIKRAM AROMA LIMITED,X,VIKRAMAR,INE0NR501012
SHREENATH PAPER PRODUCTS LIMITED,M,SHREENATH,INE0RXS01018
NAPS Global India Limited,M,NAPSGLOBAL,INE0VNH01014
Mirae Asset Mutual Fund,B,SELECTIPO,INF769K01ON4
Mirae Asset Mutual Fund,B,EQUAL200,INF769K01OA1
PDP Shipping & Projects Limited,M,PSPL,INE0ABU01016
Prabha Energy Limited,B,PRABHA,INE0I0M01023
Super Iron Foundry Limited,M,SUPERIRON,INE16IQ01014
Axis Mutual Fund,B,VALUEAXIS,INF846KA1119
PARADEEP PARIVAHAN LIMITED,MT,PPARIVAH,INE0SMW01011
SBI Mutual Fund,B,SBIBPB,INF200KB1712
Spectrum Electrical Industries Limited,B,SPECTRUM,INE01EO01010
Desco Infratech Limited,MT,DESCO,INE0TGG01014
Identixweb Limited,M,IDENTIXWEB,INE0PA401012
Siemens Energy India Limited,A,ENRIN,INE1NPP01017
Retaggio Industries Limited,MT,RETAGGIO,INE0KWJ01014
SPINAROO COMMERCIAL LIMITED,M,SPINAROO,INE10XX01012
INFONATIVE SOLUTIONS LIMITED,M,INFONATIVE,INE12IB01015
ICICI Prudential Mutual Fund,B,EVIETF,INF109K1A153
Network People Services Technologies Limited,B,NPST,INE0FFK01017
Ather Energy Limited,A,ATHERENERG,INE0LEZ01016
Kenrik Industries Limited,M,KENRIK,INE0AOG01018
SRIGEE DLM LIMITED,M,SRIGEE,INE0RJ901010
Manoj Jewellers Limited,M,MANOJJEWEL,INE0MV001018
Mirae Asset Mutual Fund,B,EQUAL50,INF769K01OO2
JASH ENGINEERING LIMITED,B,JASH,INE039O01029
Aditya Birla Lifestyle Brands Limited,A,ABLBL,INE14LE01019
BORANA WEAVES LIMITED,B,BORANA,INE16SF01016
BELRISE INDUSTRIES LIMITED,A,BELRISE,INE894V01022
UNIFIED DATA TECH SOLUTIONS LIMITED,M,UNIFIED,INE1ABX01018
AEGIS VOPAK TERMINALS LIMITED,A,AEGISVOPAK,INE0INX01018
Leela Palaces Hotels & Resorts Limited,A,THELEELA,INE0AQ201015
ASTONEA LABS LIMITED,MT,ASTONEALAB,INE0TG901011
PROSTARM INFO SYSTEMS LIMITED,B,PROSTARM,INE0BX301013
Scoda Tubes Limited,B,SCODATUBES,INE090501011
3B FILMS LIMITED,MT,3BFILMS,INE0TE101010
Digitide Solutions Limited,B,DIGITIDE,INE0U4701011
Bluspring Enterprises Limited,B,BLUSPRING,INE0U4101014
Nippon India Mutual Fund,B,SNXT30BEES,INF204KC1EZ3
KRISHIVAL FOODS LIMITED,B,KRISHIVAL,INE0GGO01015
Aten Papers & Foam Limited,MT,ATENPAPERS,INE0XCV01014
Oswal Pumps Limited,B,OSWALPUMPS,INE0BYP01024
ArisInfra Solutions Limited,B,ARIS,INE0H9P01028
Raymond Realty Limited,B,RAYMONDREL,INE1SY401010
ELLENBARRIE INDUSTRIAL GASES LIMITED,B,ELLEN,INE236E01022
Abram Food Limited,M,ABRFL,INE0ZDY01011
Kalpataru Limited,B,KALPATARU,INE227J01012
GLOBE CIVIL PROJECTS LIMITED,B,GLOBECIVIL,INE0V3U01015
AJC Jewel Manufacturers Limited,M,AJCJEWEL,INE0XRR01010
Icon Facilitators Limited,MT,ICON,INE0Y0E01012
ICICI Prudential Mutual Fund,B,TOP15IETF,INF109K1A344
SUPERTECH EV LIMITED,M,SEVL,INE0SC101013
HDB FINANCIAL SERVICES LIMITED,A,HDBFS,INE756I01012
SAMBHV STEEL TUBES LIMITED,B,SAMBHV,INE12NJ01018
Ace Alpha Tech Limited,M,ACEALPHA,INE0S9X01011
Indogulf Cropsciences Limited,B,IGCL,INE05J901018
Valencia India Limited,M,VALINDIA,INE130701019
Neetu Yoshi Limited,MT,NEETUYOSHI,INE0UZO01024
ADCOUNTY MEDIA INDIA LIMITED,M,ADCOUNTY,INE0W1601012
VANDAN FOODS LIMITED,M,VANDAN,INE0RDJ01019
MARC LOIRE FASHIONS LIMITED,M,MARCLOIRE,INE0TBQ01014
Mirae Asset Mutual Fund,B,INTERNET,INF769K01PB6
CRIZAC LIMITED,B,CRIZAC,INE0S4R01014
CRYOGENIC OGS LIMITED,MT,CRYOGENIC,INE0TL001013
META INFOTECH LIMITED,MT,METAINFO,INE162901016
Chemkart India Limited,MT,CHEMKART,INE0VWL01017
TRAVEL FOOD SERVICES LIMITED,B,TRAVELFOOD,INE103V01028
Glen Industries Limited,M,GLEN,INE0UMC01019
ASSTON PHARMACEUTICALS LIMITED,M,APL,INE0SJX01015
Advent Hotels International Limited,B,ADVENTHTL,INE28GN01010
SMARTWORKS COWORKING SPACES LIMITED,B,SMARTWORKS,INE0NAZ01010
Pashupati Cotspin Limited,B,PASHUPATI,INE124Y01028
Anthem Biosciences Limited,A,ANTHEM,INE0CZ201020
MONIKA ALCOBEV LIMITED,M,MONIKA,INE0LCG01010
Swastika Castal Limited,MT,SWASTIKAAL,INE0PTF01017
Monarch Surveyors and Engineering Consultants Limited,MT,MSECL,INE0V0L01028
INDIQUBE SPACES LIMITED,B,INDIQUBE,INE06ST01018
GNG Electronics Limited,B,EBGNG,INE18JU01028
R M DRIP AND SPRINKLERS SYSTEMS LIMITED,B,RMDRIP,INE219Y01026
Brigade Hotel Ventures Limited,B,BRIGHOTEL,INE03NU01014
SHREE REFRIGERATIONS LIMITED,M,SHREEREF,INE0FMZ01045
SHANTI GOLD INTERNATIONAL LIMITED,B,SHANTIGOLD,INE06ZD01017
PATEL CHEM SPECIALITIES LIMITED,MT,PATELCHEM,INE161701011
Euro Panel Products Limited,B,EUROBOND,INE505V01016
REPONO LIMITED,MT,REPONO,INE15WN01014
Umiya Mobile Limited,M,UML,INE1P1A01018
Aditya Infotech Limited,A,CPPLUS,INE819V01029
National Securities Depository Limited,A,NSDL,INE301O01023
B. D. Industries (Pune) Limited,M,BDI,INE1LJ801017
Sri Lotus Developers and Realty Limited,B,LOTUSDEV,INE0V9Q01010
M & B ENGINEERING LIMITED,B,MBEL,INE08N601015
TAKYON NETWORKS LIMITED,M,TAKYON,INE14OX01013
MEHUL COLOURS LIMITED,M,MEHUL,INE1KH601014
Groww Mutual Fund,B,GROWWPOWER,INF666M01LM6
BLT Logistics Limited,MT,BLT,INE0W4K01013
ESSEX MARINE LIMITED,MT,ESSEX,INE1IBY01019
Jeena Sikho Lifecare Limited,A,JSLL,INE0J5801029
Highway Infrastructure Limited,B,HILINFRA,INE00RL01028
ALL TIME PLASTICS LIMITED,B,ALLTIME,INE0GV601021
JSW CEMENT LIMITED,A,JSWCEMENT,INE718I01012
STAR IMAGING AND PATH LAB LIMITED,MT,STARIMAGIN,INE0YG001013
ICODEX PUBLISHING SOLUTIONS LIMITED,M,ICODEX,INE111601014
BlueStone Jewellery and Lifestyle Limited,A,BLUESTONE,INE304W01038
PATEL RETAIL LIMITED,B,PATELRMART,INE0R8B01010
Vikram Solar Limited,A,VIKRAMSOLR,INE078V01014
LGT GLOBAL HOSPITALITY LIMITED,M,LGT,INE191201016
Shreeji Shipping Global Limited,B,SHREEJISPG,INE1B6101010
Gem Aromatics Limited,B,GEMAROMA,INE06XZ01023
MANGAL ELECTRICAL INDUSTRIES LIMITED,B,MEIL,INE0PKD01011
Nippon India Mutual Fund,B,MANUFGBEES,INF204KC1GH6
Globtier Infotech limited,MT,GLOBTIER,INE12P601017
NIS MANAGEMENT LIMITED,M,NISMGMT,INE0M3X01010
Vikran Engineering Limited,B,VIKRAN,INE01R501028
ANLON HEALTHCARE LIMITED,B,AHCL,INE0Y8W01025
OVAL PROJECTS ENGINEERING LIMITED,M,OVAL,INE0RTI01017
Career Point Edutech Limited,B,CPEDU,INE0P6P01016
ABRIL PAPER TECH LIMITED,M,ABRIL,INE15MX01014
SUGS LLOYD LIMITED,MT,SUGSLLOYD,INE0XX801016
Rachit Prints Limited,MT,RACHIT,INE0ZN101029
GOEL CONSTRUCTION COMPANY LIMITED,MT,GOELCONS,INE0ZOM01013
AUSTERE SYSTEMS LIMITED,M,AUSTERE,INE104201012
SHARVAYA METALS LIMITED,MT,SHARVAYA,INE0UJF01018
Zerodha Mutual Fund,B,SML100CASE,INF0R8F01141
VASHISHTHA LUXURY FASHION LIMITED,M,VASHISHTHA,INE0WRP01016
Krupalu Metals Limited,M,KRUPALU,INE0XZB01017
NILACHAL CARBO METALICKS LIMITED,M,NCML,INE346R01013
Karbonsteel Engineering Limited,M,KARBON,INE0V8A01016
SHRINGAR HOUSE OF MANGALSUTRA LIMITED,B,SHRINGARMS,INE1B3L01017
Dev Accelerator Limited,B,DEVX,INE0VOV01021
JAY AMBE SUPERMARKETS LIMITED,MT,CITYSQUARE,INE1DRH01011
Urban Company Limited,A,URBANCO,INE0CAZ01013
AIRFLOA RAIL TECHNOLOGY LIMITED,M,AIRFLOA,INE0XBS01012
Shankara Buildpro Limited,B,BUILDPRO,INE24OJ01011
L. T. ELEVATOR LIMITED,MT,LTELEVATOR,INE0TJ801010
EURO PRATIK SALES LIMITED,B,EUROPRATIK,INE198501012
SAMPAT ALUMINIUM LIMITED,MT,SAMPAT,INE10XS01012
A B Cotspin India Limited,B,ABCOTS,INE08PH01015
IVALUE INFOSOLUTIONS LIMITED,B,IVALUE,INE056801025
JD CABLES LIMITED,M,JDCABLES,INE14VP01014
GK ENERGY LIMITED,B,GKENERGY,INE1AG301022
Saatvik Green Energy Limited,B,SAATVIKGL,INE13B501022
Atlanta Electricals Limited,B,ATLANTAELE,INE0Z4F01028
Ganesh Consumer Products Limited,B,GANESHCP,INE652V01016
Aptus Pharma Limited,MT,APPL,INE15XJ01010
ANAND RATHI SHARE AND STOCK BROKERS LIMITED,B,ARSSBL,INE549H01021
TRUE COLORS LIMITED,M,TRUECOLORS,INE1LDV01015
Solarworld Energy Solutions Limited,B,SOLARWORLD,INE0TY101024
Seshaasai Technologies Limited,B,STYL,INE04VU01023
Jaro Institute of Technology Management and Research Limited,B,JARO,INE00YJ01010
BHARATROHAN AIRBORNE INNOVATIONS LIMITED,M,BHARATROHAN,INE0QMV01017
Wealth First Portfolio Managers Limited,B,WEALTH,INE658T01017
Jain Resource Recycling Limited,B,JAINREC,INE0YD401026
PRARUH TECHNOLOGIES LIMITED,M,PRARUH,INE0TI501017
Solvex Edibles Limited,MT,SOLVEX,INE1IIQ01028
Epack Prefab Technologies Limited,B,EPACKPEB,INE0MLS01022
SYSTEMATIC INDUSTRIES LIMITED,MT,SYSTEMATIC,INE1KLZ01011
Justo Realfintech Limited,M,JUSTO,INE0W5Q01017
BMW VENTURES LIMITED,B,BMWVENTLTD,INE965W01036
TELGE PROJECTS LIMITED,MT,TELGE,INE0SRP01014
TRUALT BIOENERGY LIMITED,B,TRUALT,INE0MWH01014
Chatterbox Technologies Limited,M,CHTR,INE1B4801017
GUJARAT PEANUT AND AGRI PRODUCTS LIMITED,M,GPAPL,INE0SIK01014
EARKART LIMITED,M,EARKART,INE1A8F01035
Pace Digitek Limited,B,PACEDIGITK,INE0S3G01027
BHAVIK ENTERPRISES LIMITED,M,BHAVIK,INE18PB01017
RUKMANI DEVI GARG AGRO IMPEX LIMITED,M,RDGAIL,INE0S5T01017
M P K STEELS (I) LIMITED,M,MPKSTEELS,INE1PJP01015
KVS Castings Limited,M,KVSCASTING,INE163701019
AMEENJI RUBBER LIMITED,M,AMEENJI,INE14QA01016
Dhillon Freight Carrier Limited,M,DHILLON,INE0SPJ01011
Fabtech Technologies Limited,B,FABTECH,INE0HF201011
OM METALLOGIC LIMITED,MT,OML,INE0R8Q01018
SODHANI CAPITAL LIMITED,M,SODHACAP,INE0QU501030
Chiraharit Limited,M,CHIRAHARIT,INE12P101018
Advance Agrolife Limited,B,ADVANCE,INE1B0W01010
Zelio E Mobility Limited,MT,ZELIO,INE1B3501014
Valplast Technologies Limited,M,VALPLAST,INE0QP701017
Sunsky Logistics Limited,M,SUNSKY,INE10CM01027
Infinity Infoway Limited,M,INFINITY,INE16XA01017
DSM Fresh Foods Limited,M,ZAPPFRESH,INE0SUM01015
Tata Motors Limited,B,TMCV,INE1TAE01010
WeWork India Management Limited,B,WEWORK,INE085001019
NSB BPO Solutions Limited,M,NSBBPO,INE0SLP01017
SKF INDIA (INDUSTRIAL) LIMITED,B,SKFINDUS,INE2J8701016
Tata Capital Limited,A,TATACAP,INE976I01016
Mittal Sections Limited,MT,MITTALSTL,INE833Q01012
LG Electronics India Limited,B,LGEINDIA,INE324D01010
Worth Peripherals Limited,B,WORTHPERI,INE196Y01018
RUBICON RESEARCH LIMITED,B,RUBICON,INE506V01022
Canara Robeco Asset Management Company Limited,B,CRAMC,INE218I01013
DSP Mutual Fund,B,FLEXIADD,INF740KA1WU9
SHLOKKA DYES LIMITED,MT,SHLOKKA,INE1EUB01016
Canara HSBC Life Insurance Company Limited,B,CANHLIFE,INE01TY01017
SK Minerals & Additives Limited,MT,SKM,INE13YH01017
SIHORA INDUSTRIES LIMITED,M,SIHORA,INE0SFA01011
Zerodha Mutual Fund,B,NIFTYCASE,INF0R8F01166
Midwest Limited,B,MIDWESTLTD,INE0XAD01024
SBI Mutual Fund,B,MHLSRG,INF200K30015
SBI Mutual Fund,B,MHLSRD,INF200K30023
SBI Mutual Fund,B,MHLSRDR,INF200K30031
SBI Mutual Fund,B,MHLSDG,INF200K30049
SBI Mutual Fund,B,MHLSDD,INF200K30056
SBI Mutual Fund,B,MHLSDDR,INF200K30064
GAME CHANGERS TEXFAB LIMITED,M,TRADEUNO,INE1GUJ01014
Orkla India Limited,B,ORKLAINDIA,INE16NZ01023
Safecure Services Limited,M,SAFECURE,INE0SVZ01015
Piramal Finance Limited,B,PIRAMALFIN,INE202B01038
Studds Accessories Limited,B,STUDDS,INE00Q601028
Lenskart Solutions Limited,B,LENSKART,INE956O01016
Allcargo Global Limited,B,AGL,INE1YPB01014
Billionbrains Garage Ventures Limited,B,GROWW,INE0HOQ01053
Mirae Asset Mutual Fund,B,ENERGY,INF769K01PR2
Mirae Asset Mutual Fund,B,SMALL250,INF769K01PQ4
Pine Labs Limited,B,PINELABS,INE15B701018
SHINING TOOLS LIMITED,MT,SHTL,INE0D8001018
Emmvee Photovoltaic Power Limited,B,EMMVEE,INE1C6T01020
Physicswallah Limited,B,PWL,INE0LP301011
WORKMATES CORE2CLOUD SOLUTION LIMITED,M,WORKMATES,INE1I1301016
MAHAMAYA LIFESCIENCES LIMITED,M,MAHALIFE,INE0U9D01019
Tenneco Clean Air India Limited,B,TENNIND,INE19RI01016
Fujiyama Power Systems Limited,B,UTLSOLAR,INE12UR01024
Capillary Technologies India Limited,B,CAPILLARY,INE0ILV01024
KSR Footwear Limited,B,KSR,INE1SPP01016
Gallard Steel Limited,M,GALLARD,INE0BUQ01012
Excelsoft Technologies Limited,B,EXCELSOFT,INE606N01019
Edelweiss Mutual Fund,B,ESENSEX,INF754K01VY8
Sudeep Pharma Limited,B,SUDEEPPHRM,INE0QPI01025
DSP Mutual Fund,B,MSCIADD,INF740KA1WV7
SSMD AGROTECH INDIA LIMITED,M,SSMD,INE1U2R01013
Kwality Wall’s (India) Limited,B,KWIL,INE2KCE01013
Mother Nutri Foods Limited,M,MNFL,INE0UH001016
K K SILK MILLS LIMITED,MT,KKSILK,INE0EOJ01014
Logiciel Solutions Limited,M,LOGICIEL,INE1BA901016
EXATO TECHNOLOGIES LIMITED,MT,EXATO,INE1E4401010
PURPLE WAVE INFOCOM LIMITED,M,PURPLEWAVE,INE0VDK01019
Astron Multigrain Limited,MT,ASTRONMULT,INE0RUY01012
Ravelcare Limited,M,RAVEL,INE0W4D01018
HELLOJI HOLIDAYS LIMITED,M,HELLOJI,INE1FJE01010
CREATIVE NEWTECH LIMITED,B,CNL,INE985W01018
Meesho Limited,B,MEESHO,INE0VDM01015
VIDYA WIRES LIMITED,B,VIDYAWIRES,INE14UN01029
Aequs Limited,B,AEQUS,INE947N01017
Luxury Time Limited,MT,LUXURY,INE1CJB01013
Western Overseas Study Abroad Limited,M,WOSAL,INE1MF401019
Methodhub Software Limited,M,METHODHUB,INE0QZR01017
Riddhi Display Equipments Limited,M,RDEL,INE1DKT01011
K. V. TOYS INDIA LIMITED,M,KVTOYS,INE1IE301018
Wakefit Innovations Limited,B,WAKEFIT,INE0E7301029
PRODOCS SOLUTIONS LIMITED,M,PRODOCS,INE10XK01019
Corona Remedies Limited,B,CORONA,INE02ZQ01018
PARK MEDI WORLD LIMITED,B,PARKHOSPS,INE119201023
Shipwaves Online Limited,M,SHIPWAVES,INE0O9L01010
Nephrocare Health Services Limited,B,NEPHROPLUS,INE428V01029
UNISEM AGRITECH LIMITED,M,UNISEM,INE1FHV01026
Tata Mutual Fund,B,TSIFDG,INF277K30047
Tata Mutual Fund,B,TSIFDIR,INF277K30054
Tata Mutual Fund,B,TSIFRG,INF277K30013
Tata Mutual Fund,B,TSIFRIP,INF277K30039
Tata Mutual Fund,B,TSIFRIR,INF277K30021
DSP Mutual Fund,B,SMALLADD,INF740KA1WX3
DSP Mutual Fund,B,MIDCAPADD,INF740KA1WW5
HRS ALUGLAZE LIMITED,M,HRS,INE1E1V01017
Pajson Agro India Limited,M,PAJSON,INE14LM01012
ICICI Prudential Asset Management Company Limited,A,ICICIAMC,INE346A01027
STANBIK AGRO LIMITED,M,STANBIK,INE16QA01011
Mirae Asset Mutual Fund,B,TOP20,INF769K01PZ5
Mirae Asset Mutual Fund,B,DIVIDEND,INF769K01PY8
SIMANDHAR IMPEX LIMITED,X,SIMANDHAR,INE0VI201010
NEPTUNE LOGITEK LIMITED,MT,NEPLOG,INE1NQ501012
KSH INTERNATIONAL LIMITED,B,KSHINTL,INE987S01020
Global Ocean Logistics India Limited,M,GLOBALLOG,INE1ITY01011
GUJARAT KIDNEY AND SUPER SPECIALITY LIMITED,B,GKSL,INE0V0W01025
Dachepalli Publishers Limited,MT,DACHEPALLI,INE1F9M01018
NANTA TECH LIMITED,MT,NANTA,INE0YJA01011
ADMACH SYSTEMS LIMITED,MT,ADMACH,INE0XLO01010
BAI-KAKAJI POLYMERS LIMITED,M,BAIKAKAJI,INE1IJQ01026
APOLLO TECHNO INDUSTRIES LIMITED,M,ATIL,INE0X4A01013
MODERN DIAGNOSTIC & RESEARCH CENTRE LIMITED,M,MDRC,INE1HK501016
DSP Mutual Fund,B,NEXT50ADD,INF740KA1XU7
Gabion Technologies India Limited,M,GTIL,INE1H1501013
YAJUR FIBRES LIMITED,MT,YAJUR,INE0CNJ01010
Defrail Technologies Limited,M,DEFRAIL,INE0ZE201010
BHARAT COKING COAL LIMITED,B,BHARATCOAL,INE05XR01022
Amagi Media Labs Limited,B,AMAGI,INE121R01077
Narmadesh Brass Industries Limited,MT,NARMADESH,INE0S1B01014
INDO SMC Limited,MT,INDOSMC,INE0WKY01013
GRE Renew Enertech Limited,MT,GRERENEW,INE0U8P01015
Aritas Vinyl Limited,MT,ARITAS,INE1D8001016
DIGILOGIC SYSTEMS LIMITED,M,DIGILOGIC,INE1OOT01028
SHADOWFAX TECHNOLOGIES LIMITED,B,SHADOWFAX,INE12UN01015
SHAYONA ENGINEERING LIMITED,M,SHAYONAENG,INE0UCL01011
Hannah Joseph Hospital Limited,MT,HANNAH,INE0JVH01012
KASTURI METAL COMPOSITE LIMITED,M,KASTURI,INE0T1301023
Bandhan Mutual Fund,B,ARSIFHRG,INF194K30010
Bandhan Mutual Fund,B,ARSIFHRMD,INF194K30051
Bandhan Mutual Fund,B,ARSIFHDG,INF194K30184
Bandhan Mutual Fund,B,ARSIFHRHD,INF194K30242
KANISHK ALUMINIUM INDIA LIMITED,MT,KANISHK,INE163401016
Accretion Nutraveda Limited,MT,ANL,INE1KVQ01019
Msafe Equipments Limited,MT,MSAFE,INE2B5L01011
ICICI Prudential Mutual Fund,B,ISIFHLSG,INF109K30018
ICICI Prudential Mutual Fund,B,ISIFHLSDG,INF109K30026
PAN HR SOLUTION LIMITED,MT,PANHR,INE1N9E01015
Aye Finance Limited,B,AYE,INE501X01029
Fractal Analytics Limited,B,FRACTAL,INE212S01015
Mirae Asset Mutual Fund,B,HEALTHCARE,INF769K01QA6
Mirae Asset Mutual Fund,B,INFRA,INF769K01QB4
Mirae Asset Mutual Fund,B,DEFENCE,INF769K01QC2
Aditya Birla Sun Life Mutual Fund,B,ABSLMSCIN,INF209KC1662
Fractal Industries Limited,M,FIL,INE1W3Q01011
Yashhtej Industries (India) Limited,M,YASHHTEJ,INE1O6P01016
ACCORD TRANSFORMER & SWITCHGEAR LIMITED,M,ACCORDTS,INE132201018
KIAASA RETAIL LIMITED,M,KIAASA,INE1C3F01018
SHREE RAM TWISTEX LIMITED,B,SRTL,INE19GK01015
Clean Max Enviro Energy Solutions Limited,B,CLEANMAX,INE647U01026
PNGS Reva Diamond Jewellery Limited,B,PNGSREVA,INE1RDG01013
Aditya Birla Sun Life Mutual Fund,B,ABSL10BANK,INF209KC1670
Omnitech Engineering Limited,B,OMNI,INE0UH301010
Groww Mutual Fund,B,GROWWHOSPI,INF666M01OD9
SBI Mutual Fund,B,SBIMIDMOM,INF200KB1AJ0
SEDEMAC MECHATRONICS LIMITED,B,SEDEMAC,INE00XB01019
Elfin Agro India Limited,MT,ELFIN,INE1FEW01013
DSP Mutual Fund,B,BANK10ADD,INF740KA1YH2
RAJPUTANA STAINLESS LIMITED,B,RSL,INE313L01016
Innovision Limited,B,INNOVISION,INE0ADB01012
GSP CROP SCIENCE LIMITED,B,GSPCROP,INE713R01022
Novus Loyalty Limited,M,NOVUS,INE1TFS01019
Mirae Asset Mutual Fund,B,VALUE,INF769K01QV2
SPECIALITY MEDICINES LIMITED,M,SPML,INE0R0M01014
Central Mine Planning & Design Institute Limited,B,CMPDI,INE05HV01027
Tipco Engineering India Limited,MT,TIPCO,INE1U6D01014
Highness Microelectronics Limited,MT,HIGHNESS,INE1KI801019
Sai Parenteral's Limited,B,SAIPARENT,INE0H9F01037
Amir Chand Jagdish Kumar (Exports) Limited,B,AEROPLANE,INE05TO01019
Powerica Ltd.,B,POWERICA,INE921L01032
SBI Mutual Fund,B,SBINMID150,INF200KB1AK8
SAFETY CONTROLS & DEVICES LIMITED,M,SCDL,INE0UMH01018
EMIAC TECHNOLOGIES LIMITED,M,EMIAC,INE1OSW01015
ONE POINT ONE SOLUTIONS LIMITED,B,ONEPOINT,INE840Y01029
Bandhan Mutual Fund,B,ARSIFHDAD,INF194K30259
OM POWER TRANSMISSION LIMITED,B,OMPOWER,INE25E901019
MEHUL TELECOM LIMITED,M,MTL,INE1K0V01011
OnEMI Technology Solutions Limited,B,KISSHT,INE12F801023
RECODE STUDIOS LIMITED,M,RECODE,INE2B6701015
GOLDLINE PHARMACEUTICAL LIMITED,M,GLPL,INE1CLW01015
DSP Mutual Fund,B,FMCGADD,INF740KA1ZA4
Edelweiss Mutual Fund,B,ENEXT50,INF754K01XF3
SBI Mutual Fund,B,SBIVALETF,INF200KB1AX1
SBI Mutual Fund,B,SBISMLETF,INF200KB1AY9
Mangalam Worldwide Limited,B,MWL,INE0JYY01029
Vegorama Punjabi Angithi Limited,M,VPAL,INE1L3801017
360 ONE Mutual Fund,B,MSCI360,INF579M01BP5
Autofurnish Limited,M,AFLTD,INE18HI01019
M.R.MANIVENI FOODS LIMITED,M,MANIVENI,INE0YD301010
HARIKANTA OVERSEAS LIMITED,M,HARIKANTA,INE1UYW01010
YAASHVI JEWELLERS LIMITED,M,YAASHVI,INE1T6L01010
Rajnandini Fashion India Limited,M,RFIL,INE1GM501015
AUREATE TRADDE LIMITED,M,AUREATE,INE1KVL01010
Merritronix Limited,M,MRTX,INE1RQS01010
SMR Jewels Limited,M,SMR,INE11XK01017
ICICI Prudential Mutual Fund,B,ISIFAAFG,INF109K30059
ICICI Prudential Mutual Fund,B,ISIFAAFDG,INF109K30067
CMR Green Technologies Limited,B,CMRGREEN,INE00WV01027
Vahh Chemicals Limited,M,VAHH,INE0H3U01013
UHM Vacation Limited,M,UHMVL,INE0YZ901011
Vedanta Aluminium Metal Limited,B,VAML,INE1CDF01017
Vedanta Power Limited,B,VEDPOWER,INE694L01019
Vedanta Oil and Gas Limited,B,VOGL,INE704J01044
E2E Networks Limited,B,E2E,INE255Z01027
Vedanta Iron and Steel Limited,B,VISL,INE1CLE01013
Schneider Electric President Systems Ltd,B,SELECTRIC,INE155D01018
Mirae Asset Mutual Fund,B,PHLSRG,INF769K30019
Mirae Asset Mutual Fund,B,PHLSRDI,INF769K30027
Mirae Asset Mutual Fund,B,PHLSRDP,INF769K30035
Mirae Asset Mutual Fund,B,PHLSDG,INF769K30043
Mirae Asset Mutual Fund,B,PHLSDDI,INF769K30050
Mirae Asset Mutual Fund,B,PHLSDDP,INF769K30068
Susan Electricals India Limited,M,SUSAN,INE2L0V01019
HORIZON RECLAIM (INDIA) LIMITED,M,HORIZON,INE1SEO01013
ICICI Prudential Mutual Fund,B,SMALLIETF,INF109K1A476
LIOTECH INDUSTRIES LIMITED,M,LIOTECH,INE0TKX01011
LEAPFROG ENGINEERING SERVICES LIMITED,M,LESL,INE0X6O01027
DIKSHA POLYMERS LIMITED,M,DIKSHA,INE1OSI01014
Turtlemint Fintech Solutions Limited,B,TURTLEMINT,INE0OC301013
ANUBHAV PLAST LIMITED,M,ANUBHAV,INE1O7201010
Waterways Leisure Tourism Limited,B,CORDELIA,INE0LZF01013
Advit Jewels Limited,B,RAMBHAJO,INE1SJO01012
Riyaasat Lifestyle Limited,M,RIYAASAT,INE0KYI01012
Jivial Industries Limited,M,JIVIAL,INE0V3T01017
CSM TECHNOLOGIES LIMITED,B,CSM,INE0ZK601013
CRAZY SNACKS LIMITED,M,CRAZY,INE0RBX01014
AASTHA SPINTEX LIMITED,B,AASTHA,INE2FMX01012
ADON AGRO COMMODITIES LIMITED,M,ADON,INE1SME01017
Sampark India Logistics Limited,M,SILL,INE147701010
KRATIKAL TECH LIMITED,M,KRATIKAL,INE1L0M01019
Atharva Poly-Plast Limited,M,ATHARVA,INE226801012
Seemax Resources Limited,M,SEEMAX,INE1EVO01017
KNACK PACKAGING LIMITED,B,KNACK,INE17QZ01016
Kotak Mahindra Mutual Fund,B,INSIFHLSDG,INF174K30012
Kotak Mahindra Mutual Fund,B,INSIFHLSDR,INF174K30038
Kotak Mahindra Mutual Fund,B,INSIFHLSRG,INF174K30046
Kotak Mahindra Mutual Fund,B,INSIFHLSRD,INF174K30053
Kotak Mahindra Mutual Fund,B,INSIFHLSRR,INF174K30061
Kusumgar Limited,B,KUSUMGAR,INE0ISX01025
Laser Power & Infra Limited,B,LASERPOWER,INE17IR01028
DEVSON CATALYST LIMITED,MT,DEVSON,INE2KRP01017
MILLWORKS TECHNOLOGIES LIMITED,MT,MILLWORKS,INE1SRC01010
Bajaj Finserv Mutual Fund,B,BANK10BETF,INF0QA701CI0
SBI Funds Management Limited,A,SBIFUNDS,INE640G01020
Mirae Asset Mutual Fund,B,MOMMIDCAP,INF769K01RC0
Sotefin Bharat Limited,MT,SOTEFIN,INE12Z301012
CALIBER MINING AND LOGISTICS LIMITED,B,CMLL,INE11XY01018
GULF LLOYDS (INDIA) LIMITED,MT,GULFLLOYDS,INE1WDC01012
ICICI Prudential Mutual Fund,A,SENSEXIETF,INF346A01034
Jain Irrigation Systems Ltd.,B,JISLDVREQS,IN9175A01010
GACM Technologies Limited,B,GATECHDVR,INE224E01036
Karur Vysya Bank Ltd.,B,KARURVYSYA,INE036D01028
VEEDOL CORPORATION LIMITED,B,VEEDOL,INE484C01030
Amrutanjan Health Care Limited,B,AMRUTANJAN,INE098F01031
Xpro India Ltd.,B,XPROINDIA,INE445C01015
Hisar Metal Industries Ltd.,B,HISARMETAL,INE598C01011
Bharat Rasayan Limited,B,BHARATRAS,INE838B01021
Fertilizers and Chemicals Travancore Limited,B,FACT,INE188A01015
Southern Petrochemical Industries Corporation Limited,B,SPIC,INE147A01011
De Nora India Limited,B,DENORA,INE244A01016
Kavveri Defence & Wireless Technologies Limited,B,KAVDEFENCE,INE641C01019
Saksoft Limited,B,SAKSOFT,INE667G01023
Salona Cotspin Ltd.,B,SALONA,INE498E01010
The Andhra Sugars Ltd.,B,ANDHRSUGAR,INE715B01021
INDIA MOTOR PARTS & ACCESSORIES LTD,B,IMPAL,INE547E01014
K.C.P. LTD,B,KCP,INE805C01028
RADAAN MEDIAWORKS (I) LIMITED,B,RADAAN,INE874F01027
SUNDARAM FINANCE LTD,B,SUNDARMFIN,INE660A01013
WHEELS INDIA LTD,B,WHEELS,INE715A01015
Lambodhara Textiles Ltd.,B,LAMBODHARA,INE112F01022
Maithan Alloys Limited,B,MAITHANALL,INE683C01011
Orissa Minerals Development Company Limited,B,ORISSAMINE,INE725E01024
Reliance Mutual Fund-Permitted,B,NIFTYBEES,INF204KB14I2
Reliance Mutual Fund-Permitted,B,JUNIORBEES,INF732E01045
Reliance Mutual Fund-Permitted,B,BANKBEES,INF204KB15I9
Kotak Mahindra Mutual Fund - Permitted,B,PSUBANK,INF174KA1A86
Reliance Mutual Fund-Permitted,B,PSUBNKBEES,INF204KB16I7
Reliance Mutual Fund-Permitted,B,SHARIABEES,INF732E01128
Quantum Asset Management Co. Pvt. Ltd.,B,QNIFTY,INF082J01499
Motilal Oswal Mutual Fund-Permitted,B,MOM50,INF247L01536
Madras Fertilizers Ltd,B,MADRASFERT,INE414A01015
Kotak Mahindra Mutual Fund - Permitted,B,BANKNIFTY1,INF174KA1ZB7
SBI Mutual Fund-Permitted,B,SETFNIFBK,INF200KA1580
SBI Mutual Fund-Permitted,B,SETFNIF50,INF200KA1FS1
Kotak Mahindra Mutual Fund - Permitted,B,LIQUID1,INF174KA1LV5
Nippon India Mutual Fund - Permitted,B,ITBEES,INF204KB15V2
Nippon India Mutual Fund - Permitted,B,PHARMABEES,INF204KC1089
Nippon India Mutual Fund - Permitted,B,MID150BEES,INF204KB1V68
Motilal Oswal Mutual Fund-Permitted,B,MOSMALL250,INF247L01CH6
Motilal Oswal Mutual Fund-Permitted,B,MOCAPITAL,INF247L01EV3
Motilal Oswal Mutual Fund-Permitted,B,MOREALTY,INF247L01CI4
Motilal Oswal Mutual Fund-Permitted,B,MOMENTUM50,INF247L01DK8
Motilal Oswal Mutual Fund-Permitted,B,MODEFENCE,INF247L01DJ0
Motilal Oswal Mutual Fund-Permitted,B,MONIFTY500,INF247L01BU1
Kotak Mahindra Mutual Fund - Permitted,B,ALPHA,INF174KA1IA5
GROWW MUTUAL FUND  PERMITTED,B,GROWWDEFNC,INF666M01IO8
GROWW MUTUAL FUND  PERMITTED,B,GROWWRAIL,INF666M01JJ6
Tata Mutual Fund - Permitted,B,NETF,INF277K015R5
Jaisukh Dealers Limited,IP,JDL,INE190P01019
CITYON SYSTEMS (INDIA) LIMITED,IP,CITYON,INE324P01014
Has Lifestyle Limited,IP,HASJUICE,INE888Q01016
Web Element Solutions Limited,IP,WEBSL,INE562Q01017
Adhiraj Distributors Limited,IP,ADHIRAJ,INE067R01015
Aplab Ltd.,XT,APLABPP,IN9273A01047
Spandana Sphoorty Financial Limited,B,SSFLPP,IN9572J01019
Suraj Industries Limited.,XT,SURAJINDPP,IN9170U01035
Allcargo Terminals Limited,B,ATLPP,IN90NN701011
Ace Software Exports ltd.,X,ACESEPP,IN9849B01026
ANIRIT VENTURES LIMITED,XT,ANIRITPP,IN9161F01019
Vertex Securities Ltd.,XT,VERTEXPP,IN9316D01014
G.S. Auto International Ltd.,X,GSAILPP,IN9736H01014
