Security Code,Issuer Name,Security Id,Security Name,Status,Group,Face Value,ISIN No,Instrument
500009,Ambalal Sarabhai Enterprise Ltd.,AMBALALSA,Ambalal Sarabhai Enterprises Ltd,Active,B ,10.00,INE432A01017,Equity,,,,,
500020,Bombay Dyeing & Mfg. Co. Ltd.,BOMDYEING,Bombay Dyeing & Manufacturing Company Ltd,Active,B ,2.00,INE032A01023,Equity,,,,,
500023,Asian Hotels (North) Limited,ASIANHOTNR,Asian Hotels (North) Ltd,Active,B ,10.00,INE363A01022,Equity,,,,,
500032,Bajaj Hindusthan Sugar Limited,BAJAJHIND,Bajaj Hindusthan Sugar Ltd,Active,B ,1.00,INE306A01021,Equity,,,,,
500041,Bannari Amman Sugars Ltd.,BANARISUG,Bannari Amman Sugars Ltd,Active,B ,10.00,INE459A01010,Equity,,,,,
500052,Bhansali Engineering Polymers Ltd.,BEPL,Bhansali Engineering Polymers Ltd,Active,B ,1.00,INE922A01025,Equity,,,,,
500068,Disa India Ltd.,DISAQ,Disa India Ltd,Active,B ,10.00,INE131C01011,Equity,,,,,
500074,BPL Ltd.,BPL,BPL Ltd,Active,B ,10.00,INE110A01019,Equity,,,,,
500078,ORIENTAL AROMATICS LIMITED,OAL,Oriental Aromatics Ltd,Active,B ,5.00,INE959C01023,Equity,,,,,
500083,Century Extrusions Ltd.,CENTEXT,Century Extrusions Ltd,Active,B ,1.00,INE281A01026,Equity,,,,,
500089,DIC India Ltd,DICIND,DIC India Ltd,Active,B ,10.00,INE303A01010,Equity,,,,,
500097,Dalmia Bharat Sugar and Industries Ltd,DALMIASUG,Dalmia Bharat Sugar and Industries Ltd,Active,B ,2.00,INE495A01022,Equity,,,,,
500108,Mahanagar Telephone Nigam Ltd.,MTNL,Mahanagar Telephone Nigam Ltd,Active,B ,10.00,INE153A01019,Equity,,,,,
500117,DCW Ltd.,DCW,DCW Ltd,Active,B ,2.00,INE500A01029,Equity,,,,,
500119,Dhampur Sugar Mills Ltd.,DHAMPURSUG,Dhampur Sugar Mills Ltd,Active,B ,10.00,INE041A01016,Equity,,,,,
500120,Diamines & Chemicals Ltd.,DIAMINESQ,Diamines & Chemicals Ltd,Active,B ,10.00,INE591D01014,Equity,,,,,
500123,Elantas Beck India Ltd,ELANTAS,Elantas Beck India Ltd,Active,B ,10.00,INE280B01018,Equity,,,,,
500133,Esab India Ltd.,ESABINDIA,Esab India Ltd,Active,B ,10.00,INE284A01012,Equity,,,,,
500136,Ester Industries Ltd.,ESTER,Ester Industries Ltd,Active,B ,5.00,INE778B01029,Equity,,,,,
500147,JOHN COCKERILL INDIA LIMITED,COCKERILL,John Cockerill India Ltd,Active,B ,10.00,INE515A01019,Equity,,,,,
500148,Uflex Limited,UFLEX,Uflex Ltd,Active,B ,10.00,INE516A01017,Equity,,,,,
500150,Foseco India Ltd,FOSECOIND,Foseco India Ltd,Active,B ,10.00,INE519A01011,Equity,,,,,
500153,Ganesh Benzoplast Ltd.,GANESHBE,Ganesh Benzoplast Ltd,Active,B ,1.00,INE388A01029,Equity,,,,,
500159,Metroglobal Limited,METROGLOBL,Metroglobal Ltd,Active,B ,10.00,INE085D01033,Equity,,,,,
500160,GTL Ltd,GTL,GTL Ltd,Active,B ,10.00,INE043A01012,Equity,,,,,
500168,Goodyear India Ltd.,GOODYEAR,Goodyear India Ltd,Active,B ,10.00,INE533A01012,Equity,,,,,
500173,GFL LIMITED,GFLLIMITED,GFL Ltd,Active,B ,1.00,INE538A01037,Equity,,,,,
500179,HCL Infosystems Ltd,HCL-INSYS,HCL Infosystems Ltd,Active,B ,2.00,INE236A01020,Equity,,,,,
500186,Hindustan Oil Exploration Co. Ltd.,HINDOILEXP,Hindustan Oil Exploration Company Ltd,Active,B ,10.00,INE345A01011,Equity,,,,,
500187,AGI GREENPAC LIMITED,AGI,Agi Greenpac Ltd,Active,B ,2.00,INE415A01038,Equity,,,,,
500189,NDL Ventures Limited,NDLVENTURE,NDL Ventures Ltd,Active,B ,10.00,INE353A01023,Equity,,,,,
500193,HLV LIMITED,HLVLTD,HLV Ltd,Active,B ,2.00,INE102A01024,Equity,,,,,
500199,IG Petrochemicals Ltd,IGPL,IG Petrochemicals Ltd,Active,B ,10.00,INE204A01010,Equity,,,,,
500207,Indo Rama Synthetics (India) Ltd.,INDORAMA,Indo Rama Synthetics (India) Ltd,Active,B ,10.00,INE156A01020,Equity,,,,,
500210,Ingersoll-Rand (India) Ltd.,INGERRAND,Ingersoll-Rand (India) Ltd,Active,B ,10.00,INE177A01018,Equity,,,,,
500215,SUNDROP BRANDS LIMITED,SUNDROP,Sundrop Brands Ltd,Active,B ,10.00,INE209A01019,Equity,,,,,
500227,JINDAL POLY FILMS LIMITED,JINDALPOLY,Jindal Poly Films Ltd,Active,B ,10.00,INE197D01010,Equity,,,,,
500235,Kalyani Steels Ltd,KSL,Kalyani Steels Ltd,Active,B ,5.00,INE907A01026,Equity,,,,,
500243,Kirloskar Industries Ltd,KIRLOSIND,Kirloskar Industries Ltd,Active,B ,10.00,INE250A01039,Equity,,,,,
500245,Kirloskar Ferrous Industries Ltd.,KIRLFER,Kirloskar Ferrous Industries Ltd,Active,B ,5.00,INE884B01025,Equity,,,,,
500264,Mafatlal Industries Ltd.,MAFATIND,Mafatlal Industries Ltd,Active,B ,2.00,INE270B01035,Equity,,,,,
500267,Majestic Auto Ltd.,MAJESAUT,Majestic Auto Ltd,Active,B ,10.00,INE201B01022,Equity,,,,,
500268,Manali Petrochemicals Ltd.,MANALIPETC,Manali Petrochemicals Ltd,Active,B ,5.00,INE201A01024,Equity,,,,,
500280,Century Enka Ltd.,CENTENKA,Century Enka Ltd,Active,B ,10.00,INE485A01015,Equity,,,,,
500282,Modern Thread (India) Ltd.,MODTHREAD,Modern Thread India Ltd,Active,B ,10.00,INE794W01014,Equity,,,,,
500284,Lords Chloro Alkali Ltd,LORDSCHLO,Lords Chloro Alkali Ltd,Active,B ,10.00,INE846D01012,Equity,,,,,
500285,SpiceJet Limited,SPICEJET,Spicejet Ltd,Active,B ,10.00,INE285B01017,Equity,,,,,
500288,Morepen Laboratories Ltd.,MOREPENLAB,Morepen Laboratories Ltd,Active,B ,2.00,INE083A01026,Equity,,,,,
500292,HeidelbergCement  India Limited,HEIDELBERG,HeidelbergCement India Ltd,Active,B ,10.00,INE578A01017,Equity,,,,,
500304,NIIT Ltd.,NIITLTD,NIIT Ltd,Active,B ,2.00,INE161A01038,Equity,,,,,
500306,Jaykay Enterprises Limited,JAYKAY,Jaykay Enterprises Ltd,Active,B ,1.00,INE903A01025,Equity,,,,,
500307,Nirlon Limited,NIRLON,Nirlon Ltd,Active,B ,10.00,INE910A01012,Equity,,,,,
500314,Oriental Hotels Ltd.,ORIENTHOT,Oriental Hotels Ltd,Active,B ,1.00,INE750A01020,Equity,,,,,
500317,Oswal Agro Mills Ltd.,OSWALAGRO,Oswal Agro Mills Ltd,Active,B ,10.00,INE142A01012,Equity,,,,,
500333,Pix Transmissions Ltd.,PIXTRANS,Pix Transmissions Ltd,Active,B ,10.00,INE751B01018,Equity,,,,,
500336,Surya Roshni Ltd.,SURYAROSNI,Surya Roshni Ltd,Active,B ,5.00,INE335A01020,Equity,,,,,
500337,Prime Securities Ltd.,PRIMESECU,Prime Securities Ltd,Active,B ,5.00,INE032B01021,Equity,,,,,
500338,PRISM JOHNSON LIMITED.,PRSMJOHNSN,Prism Johnson Ltd,Active,B ,10.00,INE010A01011,Equity,,,,,
500343,AMJ LAND HOLDINGS LIMITED,AMJLAND,AMJ Land Holdings Ltd,Active,B ,2.00,INE606A01024,Equity,,,,,
500346,Punjab Communications Limited,PUNJCOMMU,Punjab Communications Ltd,Active,B ,10.00,INE609A01010,Equity,,,,,
500354,Rajshree Sugars & Chemicals Ltd.,RAJSREESUG,Rajshree Sugars & Chemicals Ltd,Active,B ,10.00,INE562B01019,Equity,,,,,
500356,Shree Rama Newsprint Limited,RAMANEWS,Shree Rama Newsprint Ltd,Active,B ,10.00,INE278B01020,Equity,,,,,
500365,WELSPUN SPECIALTY SOLUTIONS LIMITED,WELSPLSOL,Welspun Specialty Solutions Ltd,Active,B ,6.00,INE731F01037,Equity,,,,,
500367,Rubfila International Ltd.,RUBFILA,Rubfila International Ltd,Active,B ,5.00,INE642C01025,Equity,,,,,
500402,SPML Infra Limited,SPMLINFRA,SPML Infra Ltd,Active,B ,2.00,INE937A01023,Equity,,,,,
500404,Sunflag Iron & Steel Co. Ltd.,SUNFLAG,Sunflag Iron & Steel Company Ltd,Active,B ,10.00,INE947A01014,Equity,,,,,
500407,Swaraj Engines Ltd.,SWARAJENG,Swaraj Engines Ltd,Active,B ,10.00,INE277A01016,Equity,,,,,
500412,Thirumalai Chemicals Ltd.,TIRUMALCHM,Thirumalai Chemicals Ltd,Active,B ,1.00,INE338A01024,Equity,,,,,
500414,Timex Group India Ltd,TIMEX,Timex Group India Ltd,Active,B ,1.00,INE064A01026,Equity,,,,,
500429,Uniphos Enterprises Limited.,UNIENTER,Uniphos Enterprises Ltd,Active,B ,2.00,INE037A01022,Equity,,,,,
500439,Vardhman Holdings Limited,VHL,Vardhman Holdings Ltd,Active,B ,10.00,INE701A01023,Equity,,,,,
500444,West Coast Paper Mills Limited,WSTCSTPAPR,West Coast Paper Mills Ltd,Active,B ,2.00,INE976A01021,Equity,,,,,
500460,Mukand Ltd.,MUKANDLTD,Mukand Ltd,Active,B ,10.00,INE304A01026,Equity,,,,,
500464,UCAL LIMITED,UCAL,Ucal  Ltd,Active,B ,10.00,INE139B01016,Equity,,,,,
500467,Harrisons Malayalam Ltd.,HARRMALAYA,Harrisons Malayalam Ltd,Active,B ,10.00,INE544A01019,Equity,,,,,
500650,Excell Industries Ltd.,EXCELINDUS,Excel Industries Ltd,Active,B ,5.00,INE369A01029,Equity,,,,,
500672,Novartis India Limited.,NOVARTIND,Novartis India Ltd,Active,B ,5.00,INE234A01025,Equity,,,,,
500730,NOCIL Ltd,NOCIL,NOCIL Ltd,Active,B ,10.00,INE163A01018,Equity,,,,,
500777,Tamilnadu Petroproducts Ltd,TNPETRO,Tamilnadu Petroproducts Ltd,Active,B ,10.00,INE148A01019,Equity,,,,,
500780,Zuari Industries Limited,ZUARIIND,Zuari Industries Ltd,Active,B ,10.00,INE217A01012,Equity,,,,,
500890,Modi Rubber Ltd.,MODIRUBBER,Modi Rubber Ltd,Active,B ,10.00,INE832A01018,Equity,,,,,
501150,Centrum Capital Limited,CENTRUM,Centrum Capital Ltd,Active,B ,1.00,INE660C01027,Equity,,,,,
501295,Industrial Investment Trust Ltd.,IITL,Industrial Investment Trust Ltd,Active,B ,10.00,INE886A01014,Equity,,,,,
501298,Industrial & Prudential Inv. Co. Lt,INDPRUD,Industrial & Prudential Investment Company Ltd,Active,B ,10.00,INE620D01011,Equity,,,,,
501421,TechNVision Ventures Limited,TECHNVISN,TechNVision Ventures Ltd,Active,B ,10.00,INE314H01012,Equity,,,,,
501831,Coastal Corporation Limited,COASTCORP,Coastal Corporation Ltd,Active,B ,2.00,INE377E01024,Equity,,,,,
502090,Sagar Cements Ltd,SAGCEM,Sagar Cements Ltd,Active,B ,2.00,INE229C01021,Equity,,,,,
502137,Deccan Cements Ltd.,DECCANCE,Deccan Cements Ltd,Active,B ,5.00,INE583C01021,Equity,,,,,
502157,Mangalam Cement Ltd.,MANGLMCEM,Mangalam Cement Ltd,Active,B ,10.00,INE347A01017,Equity,,,,,
502168,NCL Industries Limited,NCLIND,NCL Industries Ltd,Active,B ,10.00,INE732C01016,Equity,,,,,
502175,Saurashtra Cement Limited,SAURASHCEM,Saurashtra Cement Ltd,Active,B ,10.00,INE626A01014,Equity,,,,,
502180,Shree Digvijay Cement Co. Ltd.,SHREDIGCEM,Shree Digvijay Cement Company Ltd,Active,B ,10.00,INE232A01011,Equity,,,,,
502330,ANDHRA PAPER LIMITED,ANDHRAPAP,Andhra Paper Ltd,Active,B ,2.00,INE435A01051,Equity,,,,,
502420,Orient Paper & Industries Ltd.,ORIENTPPR,Orient Paper & Industries Ltd,Active,B ,1.00,INE592A01026,Equity,,,,,
502450,Seshasayee Paper & Boards Ltd.,SESHAPAPER,Seshasayee Paper and Boards Ltd,Active,B ,2.00,INE630A01024,Equity,,,,,
503101,Marathon Nextgen Realty Ltd,MARATHON,Marathon Nextgen Realty Ltd,Active,B ,5.00,INE182D01020,Equity,,,,,
503162,Reliance Chemotex Industries Ltd.,RELCHEMQ,Reliance Chemotex Industries Ltd,Active,B ,10.00,INE750D01016,Equity,,,,,
503681,Elcid Investments Ltd.,ELCIDIN,EL CID Investments Ltd,Active,B ,10.00,INE927X01018,Equity,,,,,
503722,Banswara Syntex Ltd.,BANSWRAS,Banswara Syntex Ltd,Active,B ,5.00,INE629D01020,Equity,,,,,
503811,Siyaram Silk Mills Ltd.,SIYSIL,Siyaram Silk Mills Ltd,Active,B ,2.00,INE076B01028,Equity,,,,,
503960,Bharat Bijlee Ltd.,BBL,Bharat Bijlee Ltd,Active,B ,5.00,INE464A01036,Equity,,,,,
504000,Elpro International Ltd.,ELPROINTL,Elpro International Ltd,Active,B ,1.00,INE579B01039,Equity,,,,,
504036,Hind Rectifiers Ltd.,HIRECT,Hind Rectifiers Ltd,Active,B ,2.00,INE835D01023,Equity,,,,,
504058,Indo National Limited,NIPPOBATRY,Indo National Ltd,Active,B ,5.00,INE567A01028,Equity,,,,,
504092,Indokem Ltd,INDOKEM,Indokem Ltd,Active,B ,10.00,INE716F01012,Equity,,,,,
504112,Nelco Ltd,NELCO,Nelco Ltd,Active,B ,10.00,INE045B01015,Equity,,,,,
504212,Universal Cables Ltd.,UNIVCABLES,Universal Cables Ltd,Active,B ,10.00,INE279A01012,Equity,,,,,
504220,W.S. Industries (India) Ltd.,WSI,W. S. Industries (India) Ltd,Active,B ,10.00,INE100D01014,Equity,,,,,
504286,DELTA MANUFACTURING LIMITED ,DELTAMAGNT,Delta Manufacturing Ltd,Active,B ,10.00,INE393A01011,Equity,,,,,
504341,RAVINDRA ENERGY LIMITED,RELTD,Ravindra Energy Ltd,Active,B ,10.00,INE206N01018,Equity,,,,,
504741,Indian Hume Pipe Co. Ltd.,INDIANHUME,Indian Hume Pipe Company Ltd,Active,B ,2.00,INE323C01030,Equity,,,,,
504879,ORIENT CERATECH LIMITED,ORIENTCER,Orient Ceratech Ltd,Active,B ,1.00,INE569C01020,Equity,,,,,
504882,National Standard (India) Limited,NATIONSTD,National Standard (India) Ltd,Active,B ,10.00,INE166R01015,Equity,,,,,
505010,Automotive Axles Ltd.,AUTOAXLES,Automotive Axles Ltd,Active,B ,10.00,INE449A01011,Equity,,,,,
505029,Atlas Cycles (Haryana) Ltd.,ATLASCYCLE,Atlas Cycles (Haryana) Ltd,Active,B ,5.00,INE446A01025,Equity,,,,,
505036,Automobile Corpn. of Goa Ltd.,ACGL,Automobile Corporation of Goa Ltd,Active,B ,10.00,INE451C01013,Equity,,,,,
505160,Talbros Automotive Components Ltd.,TALBROAUTO,Talbros Automotive Components Ltd,Active,B ,2.00,INE187D01029,Equity,,,,,
505163,Z.F. Steering Gear (India) Limited,ZFSTEERING,ZF Steering Gear India Ltd,Active,B ,10.00,INE116C01012,Equity,,,,,
505196,TIL Ltd.,TIL,TIL Ltd,Active,B ,10.00,INE806C01018,Equity,,,,,
505400,Texmaco Infrastructure & Holdings Ltd,TEXINFRA,Texmaco Infrastructure & Holdings Ltd,Active,B ,1.00,INE435C01024,Equity,,,,,
505412,Wendt (India) Ltd.,WENDT,Wendt (India) Ltd,Active,B ,10.00,INE274C01019,Equity,,,,,
505509,Responsive Industries Ltd,RESPONIND,Responsive Industries Ltd,Active,B ,1.00,INE688D01026,Equity,,,,,
505526,DOLAT ALGOTECH LIMITED,DOLATALGO,Dolat Algotech Ltd,Active,B ,1.00,INE966A01022,Equity,,,,,
505681,Bimetal Bearings Ltd,BIMETAL,Bimetal Bearings Ltd,Active,B ,10.00,INE469A01019,Equity,,,,,
505710,Grauer & Weil (India) Ltd.,GRAUWEIL,Grauer & Weil India Ltd,Active,B ,1.00,INE266D01021,Equity,,,,,
505725,ALGOQUANT FINTECH LIMITED,ALGOQUANT,Algoquant Fintech Ltd,Active,B ,1.00,INE598D01035,Equity,,,,,
505726,IFB Industries Limited,IFBIND,IFB Industries Ltd,Active,B ,10.00,INE559A01017,Equity,,,,,
505729,Singer India Limited,SINGERIND,Singer India Ltd,Active,B ,2.00,INE638A01035,Equity,,,,,
505744,Federal-Mogul Goetze (India) Ltd,FMGOETZE,Federal-Mogul Goetze (India) Ltd,Active,B ,10.00,INE529A01010,Equity,,,,,
505800,Rane Holdings Ltd.,RANEHOLDIN,Rane Holdings Ltd,Active,B ,10.00,INE384A01010,Equity,,,,,
505850,Mangal Credit and Fincorp Limited,MANCREDIT,Mangal Credit and Fincorp Ltd,Active,B ,10.00,INE545L01039,Equity,,,,,
505854,TRF Ltd,TRF,TRF Ltd,Active,B ,10.00,INE391D01019,Equity,,,,,
505872,WPIL Ltd,WPIL,WPIL Ltd,Active,B ,1.00,INE765D01022,Equity,,,,,
505890,Kennametal India Limtied,KENNAMET,Kennametal India Ltd,Active,B ,10.00,INE717A01029,Equity,,,,,
506022,Prakash Industries Ltd.,PRAKASH,Prakash Industries Ltd,Active,B ,10.00,INE603A01013,Equity,,,,,
506109,Genesys International Corporation Ltd.,GENESYS,Genesys International Corporation Ltd,Active,B ,5.00,INE727B01026,Equity,,,,,
506146,Visagar Polytex Ltd,VIVIDHA,Visagar Polytex Ltd,Active,B ,1.00,INE370E01029,Equity,,,,,
506166,Apis India Ltd,APIS,Apis India Ltd,Active,B ,10.00,INE070K01014,Equity,,,,,
506184,Kanani Industries Ltd,KANANIIND,Kanani Industries Ltd,Active,B ,1.00,INE879E01037,Equity,,,,,
506194,Arihant Superstructures Limited,ARIHANTSUP,Arihant Superstructures Ltd,Active,B ,10.00,INE643K01018,Equity,,,,,
506222,Styrenix Performance Materials Limited,STYRENIX,Styrenix Performance Materials Ltd,Active,B ,10.00,INE189B01011,Equity,,,,,
506235,Alembic  Ltd,ALEMBICLTD,Alembic Ltd,Active,B ,2.00,INE426A01027,Equity,,,,,
506248,Amines & Plasticizers Ltd,AMNPLST,Amines & Plasticizers Ltd,Active,B ,2.00,INE275D01022,Equity,,,,,
506260,Anuh Pharma Ltd.,ANUHPHR,Anuh Pharma Ltd,Active,B ,5.00,INE489G01022,Equity,,,,,
506390,Sudarshan Colorants India Limited,SUDARCOLOR,Sudarshan Colorants India Ltd,Active,B ,10.00,INE492A01029,Equity,,,,,
506405,DMCC SPECIALITY CHEMICALS LIMITED,DMCC,DMCC Speciality Chemicals Ltd,Active,B ,10.00,INE505A01010,Equity,,,,,
506414,FERMENTA BIOTECH LIMITED,FERMENTA,Fermenta Biotech Ltd,Active,B ,5.00,INE225B01021,Equity,,,,,
506480,GOCL Corporation Limited,GOCLCORP,GOCL Corporation Ltd,Active,B ,2.00,INE077F01035,Equity,,,,,
506532,Nitta Gelatin India Ltd,NITTAGELA,Nitta Gelatin India Ltd,Active,B ,10.00,INE265B01019,Equity,,,,,
506618,Punjab Chemicals and Crop Protection Ltd.,PUNJABCHEM,Punjab Chemicals & Crop Protection Ltd,Active,B ,10.00,INE277B01014,Equity,,,,,
506680,Tecil Chemicals & Hydro Power Limit,TECILCHEM,Tecil Chemicals & Hydro Power Ltd,Active,B ,10.00,INE014B01011,Equity,,,,,
506685,Ultramarine & Pigments Ltd.,ULTRAMAR,Ultramarine & Pigments Ltd,Active,B ,2.00,INE405A01021,Equity,,,,,
506687,Transpek Industry Ltd.,TRANSPEK,Transpek Industry Ltd,Active,B ,10.00,INE687A01016,Equity,,,,,
506690,Unichem Laboratories Ltd.,UNICHEMLAB,Unichem Laboratories Ltd,Active,B ,2.00,INE351A01035,Equity,,,,,
506852,Primo Chemicals Limited,PRIMO,Primo Chemicals Ltd,Active,B ,2.00,INE607A01022,Equity,,,,,
506854,TANFAC Industries Ltd.,TANFACIND,TANFAC Industries Ltd,Active,B ,5.00,INE639B01023,Equity,,,,,
506879,Gujarat Themis Biosyn Ltd.,GUJTHEM,Gujarat Themis Biosyn Ltd,Active,B ,1.00,INE942C01045,Equity,,,,,
507315,Sakthi Sugars Ltd.,SAKHTISUG,Sakthi Sugars Ltd,Active,B ,10.00,INE623A01011,Equity,,,,,
507410,Walchandnagar Industries Ltd,WALCHANNAG,Walchandnagar Industries Ltd,Active,B ,2.00,INE711A01022,Equity,,,,,
507488,G.M. Breweries Ltd.,GMBREW,GM Breweries Ltd,Active,B ,10.00,INE075D01018,Equity,,,,,
507490,Rana Sugars Ltd.,RANASUG,Rana Sugars Ltd,Active,B ,10.00,INE625B01014,Equity,,,,,
507514,Som Distilleries & Breweries Ltd.,SDBL,Som Distilleries & Breweries Ltd,Active,B ,2.00,INE480C01038,Equity,,,,,
507526,Associated Alcohols & Breweries Ltd,ASALCBR,Associated Alcohols & Breweries Ltd,Active,B ,10.00,INE073G01016,Equity,,,,,
507552,Foods & Inns Ltd.,FOODSIN,Foods & Inns Ltd,Active,B ,1.00,INE976E01023,Equity,,,,,
507717,Dhanuka Agritech Ltd.,DHANUKA,Dhanuka Agritech Ltd,Active,B ,2.00,INE435G01025,Equity,,,,,
507747,TTK Healthcare Ltd.,TTKHLTCARE,TTK Healthcare Ltd,Active,B ,10.00,INE910C01018,Equity,,,,,
507753,TGV SRAAC LIMITED,TGVSL,TGV Sraac Ltd,Active,B ,10.00,INE284B01028,Equity,,,,,
507779,Kanpur Plastipack Limited,KANPRPLA,Kanpur Plastipack Ltd,Active,B ,10.00,INE694E01014,Equity,,,,,
507785,Tainwala Chemicals & Plastics Ltd,TAINWALCHM,Tainwala Chemicals and Plastics (India) Ltd,Active,B ,10.00,INE123C01018,Equity,,,,,
507789,Jagsonpal Pharmaceuticals Limited,JAGSNPHARM,Jagsonpal Pharmaceuticals Ltd,Active,B ,2.00,INE048B01035,Equity,,,,,
507794,Khaitan Chemicals & Fertilizers Ltd,KHAICHEM,Khaitan Chemicals & Fertilizers Ltd,Active,B ,1.00,INE745B01028,Equity,,,,,
507836,Mac Charles (India) Ltd.,MCCHRLS-B,Mac Charles India Ltd,Active,B ,10.00,INE435D01014,Equity,,,,,
507878,Unitech Ltd.,UNITECH,Unitech Ltd,Active,B ,2.00,INE694A01020,Equity,,,,,
507910,FIBERWEB (INDIA) LTD.,FIBERWEB,Fiberweb India Ltd,Active,B ,10.00,INE296C01020,Equity,,,,,
507912,GYFTR LIMITED,GYFTR,Gyftr Ltd,Active,B ,10.00,INE724A01017,Equity,,,,,
507944,Bajaj Steel Industries Ltd.,BAJAJST,Bajaj Steel Industries Ltd,Active,B ,5.00,INE704G01024,Equity,,,,,
508486,Hawkins Cooker Ltd.,HAWKINCOOK,Hawkins Cookers Ltd,Active,B ,10.00,INE979B01015,Equity,,,,,
508670,Neelamalai Agro Industries Ltd.,NEAGI,Neelamalai Agro Industries Ltd,Active,B ,10.00,INE605D01012,Equity,,,,,
508814,Cosmo First Limited,COSMOFIRST,Cosmo First Ltd,Active,B ,10.00,INE757A01017,Equity,,,,,
508933,AYM Syntex Limited,AYMSYNTEX,AYM Syntex Ltd,Active,B ,10.00,INE193B01039,Equity,,,,,
508954,Finkurve Financial Services Limited,FINKURVE,Finkurve Financial Services Ltd,Active,B ,1.00,INE734I01027,Equity,,,,,
508989,Navneet Education Limited,NAVNETEDUL,Navneet Education Ltd,Active,B ,2.00,INE060A01024,Equity,,,,,
509020,Ruchi Infrastructure Ltd,RUCHINFRA,Ruchi Infrastructure Ltd,Active,B ,1.00,INE413B01023,Equity,,,,,
509048,Lancor Holdings Ltd.,LANCORHOL,Lancor Holdings Ltd,Active,B ,2.00,INE572G01025,Equity,,,,,
509055,Visaka Industries Ltd.,VISAKAIND,Visaka Industries Ltd,Active,B ,2.00,INE392A01021,Equity,,,,,
509069,Infomedia Press Limited,INFOMEDIA,Infomedia Press Ltd,Active,B ,10.00,INE669A01022,Equity,,,,,
509079,Gufic BioSciences Ltd.,GUFICBIO,Gufic Biosciences Ltd,Active,B ,1.00,INE742B01025,Equity,,,,,
509152,GRP Limited,GRPLTD,GRP Ltd,Active,B ,10.00,INE137I01015,Equity,,,,,
509220,PTL Enterprises Ltd,PTL,PTL Enterprises Ltd,Active,B ,1.00,INE034D01049,Equity,,,,,
509243,TVS Srichakra Ltd.,TVSSRICHAK,TVS Srichakra Ltd,Active,B ,10.00,INE421C01016,Equity,,,,,
509438,Benares Hotels Ltd,BENARAS,Benares Hotels Ltd,Active,B ,10.00,INE664D01019,Equity,,,,,
509546,GRAVISS HOSPITALITY LIMITED,GRAVISSHO,Graviss Hospitality Ltd,Active,B ,2.00,INE214F01026,Equity,,,,,
509567,Goa Carbon Ltd.,GOACARBON,Goa Carbon Ltd,Active,B ,10.00,INE426D01013,Equity,,,,,
509635,Hindustan Composites Ltd,HINDCOMPOS,Hindustan Composites Ltd,Active,B ,5.00,INE310C01029,Equity,,,,,
509675,BIRLANU LIMITED,BIRLANU,Birlanu Ltd,Active,B ,10.00,INE557A01011,Equity,,,,,
509692,Indian Card Clothing Ltd,INDIANCARD,Indian Card Clothing Company Ltd,Active,B ,10.00,INE061A01014,Equity,,,,,
509709,International Conveyors Ltd.,INTLCONV,International Conveyors Ltd,Active,B ,1.00,INE575C01027,Equity,,,,,
509715,Jay Shree Tea & Industries Ltd.,JAYSREETEA,Jay Shree Tea & Industries Ltd,Active,B ,5.00,INE364A01020,Equity,,,,,
509732,Kothari Industrial Corpn. Ltd.,KOTIC,Kothari Industrial Corporation Ltd,Active,B ,5.00,INE972A01020,Equity,,,,,
509820,HUHTAMAKI INDIA LIMITED,HUHTAMAKI,Huhtamaki India Ltd,Active,B ,2.00,INE275B01026,Equity,,,,,
509874,Shalimar Paints Ltd.,SHALPAINTS,Shalimar Paints Ltd,Active,B ,2.00,INE849C01026,Equity,,,,,
509966,VST Industries Ltd.,VSTIND,VST Industries Ltd,Active,B ,10.00,INE710A01016,Equity,,,,,
511034,Jindal Drilling & Industries Ltd.,JINDRILL,Jindal Drilling & Industries Ltd,Active,B ,5.00,INE742C01031,Equity,,,,,
511076,AEROFLEX ENTERPRISES LIMITED,AEROENTER,Aeroflex Enterprises Ltd,Active,B ,2.00,INE065D01027,Equity,,,,,
511108,Shiva Texyarn Ltd.,SHIVATEX,Shiva Texyarn Ltd,Active,B ,10.00,INE705C01020,Equity,,,,,
511194,ICDS Ltd.,ICDSLTD,ICDS Ltd,Active,B ,10.00,INE613B01010,Equity,,,,,
511208,IL & FS Investment Managers Ltd.,IVC,IL&FS Investment Managers Ltd,Active,B ,2.00,INE050B01023,Equity,,,,,
511333,VLS Finance Limited,VLSFINANCE,VLS Finance Ltd,Active,B ,10.00,INE709A01018,Equity,,,,,
511413,CREST VENTURES LIMITED,CREST,Crest Ventures Ltd,Active,B ,10.00,INE559D01011,Equity,,,,,
511431,Vakrangee Limited,VAKRANGEE,Vakrangee Ltd,Active,B ,1.00,INE051B01021,Equity,,,,,
511473,Indbank Merchant Banking Services L,INDBANK,Indbank Merchant Banking Services Ltd,Active,B ,10.00,INE841B01017,Equity,,,,,
511505,Capital Trust Ltd.,CAPTRUST,Capital Trust Ltd,Active,B ,10.00,INE707C01018,Equity,,,,,
511551,Monarch Networth Capital Limited,MONARCH,Monarch Networth Capital Ltd,Active,B ,10.00,INE903D01011,Equity,,,,,
511559,TEAM INDIA GUARANTY LIMITED,TEAMGTY,Team India Guaranty Ltd,Active,B ,10.00,INE289C01025,Equity,,,,,
511589,Avonmore Capital & Management Services Limited,AVONMORE,Avonmore Capital & Management Services Ltd,Active,B ,1.00,INE323B01024,Equity,,,,,
511605,Arihant Capital Markets Ltd.,ARIHANTCAP,Arihant Capital Markets Ltd,Active,B ,1.00,INE420B01036,Equity,,,,,
511611,DCM Financial Services Ltd.,DCMFINSERV,DCM Financial Services Ltd,Active,B ,10.00,INE891B01012,Equity,,,,,
511628,FEDDERS HOLDING LIMITED,FEDDERSHOL,Fedders Holding Ltd,Active,B ,1.00,INE417D01020,Equity,,,,,
511630,Sambhaav Media Ltd.,SAMBHAAV,Sambhaav Media Ltd,Active,B ,1.00,INE699B01027,Equity,,,,,
511672,Scan Steels Limited,SCANSTL,Scan Steels Ltd,Active,B ,10.00,INE099G01011,Equity,,,,,
511676,GIC Housing Finance Ltd.,GICHSGFIN,GIC Housing Finance Ltd,Active,B ,10.00,INE289B01019,Equity,,,,,
511724,BAID FINSERV LIMITED,BAIDFIN,Baid Finserv Ltd,Active,B ,2.00,INE020D01022,Equity,,,,,
511742,UGRO CAPITAL LIMITED,UGROCAP,Ugro Capital Ltd,Active,B ,10.00,INE583D01011,Equity,,,,,
511754,Shalibhadra Finance Ltd.,SAHLIBHFI,Shalibhadra Finance Ltd,Active,B ,10.00,INE861D01011,Equity,,,,,
511766,Muthoot Capital Services Ltd.,MUTHOOTCAP,Muthoot Capital Services Ltd,Active,B ,10.00,INE296G01013,Equity,,,,,
511768,Master Trust Ltd.,MASTERTR,Master Trust Ltd,Active,B ,1.00,INE677D01037,Equity,,,,,
512008,EFC (I) LIMITED,EFCIL,EFC (I) Ltd,Active,B ,2.00,INE886D01026,Equity,,,,,
512020,Saraswati Commercial (India) Ltd.,ZSARACOM,Saraswati Commercial India Ltd,Active,B ,10.00,INE967G01019,Equity,,,,,
512038,TCC CONCEPT LIMITED,TCC,TCC Concept Ltd,Active,B ,10.00,INE887D01016,Equity,,,,,
512068,Deccan Gold Mines Ltd.,DECNGOLD,Deccan Gold Mines Ltd,Active,B ,1.00,INE945F01025,Equity,,,,,
512131,Signet Industries Limited,SIGIND,Signet Industries Ltd,Active,B ,10.00,INE529F01035,Equity,,,,,
512161,SECUREKLOUD TECHNOLOGIES LIMITED,SECURKLOUD,Securekloud Technologies Ltd,Active,B ,5.00,INE650K01021,Equity,,,,,
512179,Sunteck Realty Ltd,SUNTECK,Sunteck Realty Ltd,Active,B ,1.00,INE805D01034,Equity,,,,,
512237,Jai Corp Limited,JAICORPLTD,Jai Corp Ltd,Active,B ,1.00,INE070D01027,Equity,,,,,
512329,SG MART LIMITED,SGMART,SG Mart Ltd,Active,B ,1.00,INE385F01024,Equity,,,,,
512381,STARTECK FINANCE LIMITED,STARTECK,Starteck Finance Ltd,Active,B ,10.00,INE992I01013,Equity,,,,,
512519,Donear Industries Ltd,DONEAR,Donear Industries Ltd,Active,B ,2.00,INE668D01028,Equity,,,,,
512531,State Trading Corporation of India,STCINDIA,State Trading Corporation of India Ltd,Active,B ,10.00,INE655A01013,Equity,,,,,
512553,Zenith Exports Ltd.,ZENITHEXPO,Zenith Exports Ltd,Active,B ,10.00,INE058B01018,Equity,,,,,
512559,Kohinoor Foods Ltd,KOHINOOR,Kohinoor Foods Ltd,Active,B ,10.00,INE080B01012,Equity,,,,,
512597,KEYNOTE FINANCIAL SERVICES LIMITED,KEYFINSERV,Keynote Financial Services Ltd,Active,B ,10.00,INE681C01015,Equity,,,,,
513097,Shivalik Bimetal Controls Ltd.,SBCL,Shivalik Bimetal Controls Ltd,Active,B ,2.00,INE386D01027,Equity,,,,,
513108,Gandhi Special Tubes Ltd.,GANDHITUBE,Gandhi Special Tubes Ltd,Active,B ,5.00,INE524B01027,Equity,,,,,
513121,Oricon Enterprises Ltd.,ORICONENT,Oricon Enterprises Ltd,Active,B ,2.00,INE730A01022,Equity,,,,,
513250,Jyoti Structures Ltd.,JYOTISTRUC,Jyoti Structures Ltd,Active,B ,2.00,INE197A01024,Equity,,,,,
513262,Steel Strips & Wheels Ltd,SSWL,Steel Strips Wheels Ltd,Active,B ,1.00,INE802C01033,Equity,,,,,
513269,Man Industries (India) Ltd,MANINDS,Man Industries (India) Ltd,Active,B ,5.00,INE993A01026,Equity,,,,,
513337,Gujarat Toolroom Ltd.,GUJTLRM,Gujarat Toolroom Ltd,Active,B ,1.00,INE145J01032,Equity,,,,,
513349,Ajmera Realty & Infra India Limited,AJMERA,Ajmera Realty & Infra India Ltd,Active,B ,2.00,INE298G01035,Equity,,,,,
513377,MMTC Ltd.,MMTC,MMTC Ltd,Active,B ,1.00,INE123F01029,Equity,,,,,
513436,Shah Alloys Limited,SHAHALLOYS,Shah Alloys Ltd,Active,B ,10.00,INE640C01011,Equity,,,,,
513509,Kalyani Forge Ltd.,KALYANIFRG,Kalyani Forge Ltd,Active,B ,10.00,INE314G01014,Equity,,,,,
513517,Steelcast Ltd.,STEELCAS,Steelcast Ltd,Active,B ,1.00,INE124E01038,Equity,,,,,
513519,PITTI ENGINEERING LIMITED,PITTIENG,Pitti Engineering Ltd,Active,B ,5.00,INE450D01021,Equity,,,,,
513536,Gujarat Natural Resources Limited,GNRL,Gujarat Natural Resources Ltd,Active,B ,10.00,INE207H01018,Equity,,,,,
513554,Mahamaya Steel Industries Limited,MAHASTEEL,Mahamaya Steel Industries Ltd,Active,B ,10.00,INE451L01014,Equity,,,,,
513729,Aro Granite Industries Ltd.,AROGRANITE,Aro Granite Industries Ltd,Active,B ,10.00,INE210C01013,Equity,,,,,
514036,Loyal Textiles Mills Ltd,LOYALTEX,Loyal Textile Mills Ltd,Active,B ,10.00,INE970D01010,Equity,,,,,
514043,Himatsingka Seide Ltd.,HIMATSEIDE,Himatsingka Seide Ltd,Active,B ,5.00,INE049A01027,Equity,,,,,
514045,BSL Ltd.,BSL,BSL Ltd,Active,B ,10.00,INE594B01012,Equity,,,,,
514138,Suryalata Spinning Mills Ltd.,SURYALA,Suryalata Spinning Mills Ltd,Active,B ,10.00,INE132C01027,Equity,,,,,
514142,T T Ltd,TTL,T T Ltd,Active,B ,1.00,INE592B01024,Equity,,,,,
514167,Ganesha Ecosphere Limited,GANECOS,Ganesha Ecosphere Ltd,Active,B ,10.00,INE845D01014,Equity,,,,,
514175,Vardhman Polytex Ltd.,VARDMNPOLY,Vardhman Polytex Ltd,Active,B ,1.00,INE835A01029,Equity,,,,,
514211,Sumeet Industries Ltd,SUMEETINDS,Sumeet Industries Ltd,Active,B ,2.00,INE235C01036,Equity,,,,,
514234,Sangam (India) Ltd,SANGAMIND,Sangam India Ltd,Active,B ,10.00,INE495C01010,Equity,,,,,
514274,VARVEE GLOBAL LIMITED,VGL,Varvee Global Ltd,Active,B ,5.00,INE273D01027,Equity,,,,,
514286,Ashima Ltd,ASHIMASYN,Ashima Ltd,Active,B ,10.00,INE440A01010,Equity,,,,,
514300,Pioneer Embroideries Ltd.,PIONEEREMB,Pioneer Embroideries Ltd,Active,B ,10.00,INE156C01018,Equity,,,,,
514354,Premier Polyfilm Ltd.,PREMIERPOL,Premier Polyfilm Ltd,Active,B ,1.00,INE309M01020,Equity,,,,,
514440,Blue Pearl Agriventures Limited,BPAGRI,Blue Pearl Agriventures Ltd,Active,B ,1.00,INE439N01031,Equity,,,,,
514448,Jyoti Resins & Adhesives Ltd,JYOTIRES,Jyoti Resins & Adhesives Ltd,Active,B ,10.00,INE577D01013,Equity,,,,,
514450,Mahalaxmi Rubtech Ltd.,MHLXMIRU,Mahalaxmi Rubtech Ltd,Active,B ,10.00,INE112D01035,Equity,,,,,
515018,Regency Ceramics Ltd,REGENCERAM,Regency Ceramics Ltd,Active,B ,10.00,INE277C01012,Equity,,,,,
515037,Murudeshwar Ceramics Ltd.,MURUDCERA,Murudeshwar Ceramics Ltd,Active,B ,10.00,INE692B01014,Equity,,,,,
515093,Madhav Marbles & Granites Ltd.,MADHAV,Madhav Marbles & Granites Ltd,Active,B ,10.00,INE925C01016,Equity,,,,,
516016,Shreyans Industries Limited.,SHREYANIND,Shreyans Industries Ltd,Active,B ,10.00,INE231C01019,Equity,,,,,
516022,Star Paper Mills Ltd.,STARPAPER,Star Paper Mills Ltd,Active,B ,10.00,INE733A01018,Equity,,,,,
516030,PAKKA LIMITED,PAKKA,Pakka Ltd,Active,B ,10.00,INE551D01018,Equity,,,,,
516072,Vishnu Chemicals Limited,VISHNU,Vishnu Chemicals Ltd,Active,B ,2.00,INE270I01022,Equity,,,,,
516082,N.R.Agarwal Industries Ltd.,NRAIL,NR Agarwal Industries Ltd,Active,B ,10.00,INE740D01017,Equity,,,,,
516092,3P LAND HOLDINGS LTD.,3PLAND,3P Land Holdings Ltd,Active,B ,2.00,INE105C01023,Equity,,,,,
517015,Vindhya Telelinks Ltd.,VINDHYATEL,Vindhya Telelinks Ltd,Active,B ,10.00,INE707A01012,Equity,,,,,
517035,RIR POWER ELECTRONICS LIMITED,RIR,RIR Power Electronics Ltd,Active,B ,2.00,INE302D01024,Equity,,,,,
517041,Ador Welding Ltd.,ADOR,Ador Welding Ltd,Active,B ,10.00,INE045A01017,Equity,,,,,
517059,Salzer Electronics Ltd.,SALZERELEC,Salzer Electronics Ltd,Active,B ,10.00,INE457F01013,Equity,,,,,
517168,Subros Ltd.,SUBROS,Subros Ltd,Active,B ,2.00,INE287B01021,Equity,,,,,
517206,Lumax Industries Ltd.,LUMAXIND,Lumax Industries Ltd,Active,B ,10.00,INE162B01018,Equity,,,,,
517273,S & S Power Switchgears Ltd.,S&SPOWER,S&S Power Switchgear Ltd,Active,B ,10.00,INE902B01017,Equity,,,,,
517300,Gujarat Industries Power Co. Ltd,GIPCL,Gujarat Industries Power Company Ltd,Active,B ,10.00,INE162A01010,Equity,,,,,
517344,Mindteck (India) Ltd,MINDTECK,Mindteck (India) Ltd,Active,B ,10.00,INE110B01017,Equity,,,,,
517380,Igarashi Motors India Ltd.,IGARASHI,Igarashi Motors India Ltd,Active,B ,10.00,INE188B01013,Equity,,,,,
517385,Symphony Limited,SYMPHONY,Symphony Ltd,Active,B ,2.00,INE225D01027,Equity,,,,,
517421,Butterfly Gandhimathi Appliances Limited,BUTTERFLY,Butterfly Gandhimathi Appliances Ltd,Active,B ,10.00,INE295F01017,Equity,,,,,
517467,MARSONS LIMITED,MARSONS,Marsons Ltd,Active,B ,1.00,INE415B01044,Equity,,,,,
517500,Roto Pumps Ltd.,ROTO,Roto Pumps Ltd,Active,B ,1.00,INE535D01037,Equity,,,,,
517506,TTK Prestige Ltd.,TTKPRESTIG,TTK Prestige Ltd,Active,B ,1.00,INE690A01028,Equity,,,,,
517522,Rajratan Global Wire Ltd,RAJRATAN,Rajratan Global Wire Ltd,Active,B ,2.00,INE451D01029,Equity,,,,,
517530,Surana Telecom And Power Limited,SURANAT&P,Surana Telecom and Power Ltd,Active,B ,1.00,INE130B01031,Equity,,,,,
517536,Onward Technologies Ltd.,ONWARDTEC,Onward Technologies Ltd,Active,B ,10.00,INE229A01017,Equity,,,,,
517544,Centum Electronics Ltd,CENTUM,Centum Electronics Ltd,Active,B ,10.00,INE320B01020,Equity,,,,,
517556,PVP Ventures Ltd,PVP,PVP Ventures Ltd,Active,B ,10.00,INE362A01016,Equity,,,,,
517562,Trigyn Technologies Ltd.,TRIGYN,Trigyn Technologies Ltd,Active,B ,10.00,INE948A01012,Equity,,,,,
518091,Anjani Portland Cement Ltd.,APCL,Anjani Portland Cement Ltd,Active,B ,10.00,INE071F01012,Equity,,,,,
519091,Tasty Bite Eatables Ltd.,TASTYBITE,Tasty Bite Eatables Ltd,Active,B ,10.00,INE488B01017,Equity,,,,,
519105,AVT Natural Products Ltd.,AVTNPL,AVT Natural Products Ltd,Active,B ,1.00,INE488D01021,Equity,,,,,
519126,Hindustan Foods Ltd.,HNDFDS,Hindustan Foods Ltd,Active,B ,2.00,INE254N01026,Equity,,,,,
519136,Nahar Industrial Enterprises Ltd,NAHARINDUS,Nahar Industrial Enterprises Ltd,Active,B ,10.00,INE289A01011,Equity,,,,,
519156,Vadilal Industries Ltd.,VADILALIND,Vadilal Industries Ltd,Active,B ,10.00,INE694D01016,Equity,,,,,
519183,ADF Foods Limited.,ADFFOODS,Adf Foods Ltd,Active,B ,2.00,INE982B01027,Equity,,,,,
519224,William Magor & Company Limited,WILLAMAGOR,Williamson Magor & Company Ltd,Active,B ,10.00,INE210A01017,Equity,,,,,
519383,Anik Industries Limited,ANIKINDS,Anik Industries Ltd,Active,B ,10.00,INE087B01017,Equity,,,,,
519397,Sharat Industries Ltd.,SHINDL,Sharat Industries Ltd,Active,B ,10.00,INE220Z01013,Equity,,,,,
519494,N.K.Industries Ltd.,NKIND,NK Industries Ltd,Active,B ,10.00,INE542C01019,Equity,,,,,
519528,Norben Tea & Exports Ltd,NORBTEAEXP,Norben Tea & Exports Ltd,Active,B ,10.00,INE369C01017,Equity,,,,,
519552,Heritage Foods Limited,HERITGFOOD,Heritage Foods Ltd,Active,B ,5.00,INE978A01027,Equity,,,,,
519602,Kellton Tech Solutions Ltd.,KELLTONTEC,Kellton Tech Solutions Ltd,Active,B ,1.00,INE164B01030,Equity,,,,,
520008,RICO Auto Industries Ltd.,RICOAUTO,Rico Auto Industries Ltd,Active,B ,1.00,INE209B01025,Equity,,,,,
520043,Munjal Showa Ltd.,MUNJALSHOW,Munjal Showa Ltd,Active,B ,2.00,INE577A01027,Equity,,,,,
520057,JTEKT India Limited,JTEKTINDIA,Jtekt India Ltd,Active,B ,1.00,INE643A01035,Equity,,,,,
520059,Munjal Auto Industries Ltd.,MUNJALAU,Munjal Auto Industries Ltd,Active,B ,2.00,INE672B01032,Equity,,,,,
520066,Jay Bharat Maruti Ltd.,JAYBARMARU,Jay Bharat Maruti Ltd,Active,B ,2.00,INE571B01036,Equity,,,,,
520073,RACL Geartech Limited,RACLGEAR,RACL Geartech Ltd,Active,B ,10.00,INE704B01017,Equity,,,,,
520086,Sical Logistics Limited,SICALLOG,Sical Logistics Ltd,Active,B ,10.00,INE075B01020,Equity,,,,,
520119,Automotive Stampings and Assemblies Ltd.,ASAL,Automotive Stampings and Assemblies Ltd,Active,B ,10.00,INE900C01027,Equity,,,,,
521034,Soma Textile & Industries Ltd,SOMATEX,Soma Textiles & Industries Ltd,Active,B ,10.00,INE314C01013,Equity,,,,,
521109,Nagreeka Exports Ltd.,NAGREEKEXP,Nagreeka Exports Ltd,Active,B ,5.00,INE123B01028,Equity,,,,,
521163,Zodiac Clothing Co. Ltd.,ZODIACLOTH,Zodiac Clothing Company Ltd,Active,B ,10.00,INE206B01013,Equity,,,,,
521194,SIL Investments Ltd,SILINV,SIL Investments Ltd,Active,B ,10.00,INE923A01015,Equity,,,,,
521200,Suryalakshmi Cotton Mills Ltd.,SURYALAXMI,Suryalakshmi Cotton Mills Ltd,Active,B ,10.00,INE713B01026,Equity,,,,,
521238,BHARAT GLOBAL DEVELOPERS LIMITED,BGDL,Bharat Global Developers Ltd,Active,B ,10.00,INE893C01032,Equity,,,,,
521246,Paras Petrofils Ltd.,PARASPETRO,Paras Petrofils Ltd,Active,B ,1.00,INE162C01024,Equity,,,,,
522004,Batliboi Ltd,BATLIBOI,Batliboi Ltd,Active,B ,5.00,INE177C01022,Equity,,,,,
522029,Windsor Machines Limited,WINDMACHIN,Windsor Machines Ltd,Active,B ,2.00,INE052A01021,Equity,,,,,
522034,Shanthi Gears Ltd.,SHANTIGEAR,Shanthi Gears Ltd,Active,B ,1.00,INE631A01022,Equity,,,,,
522064,HONDA INDIA POWER PRODUCTS LIMITED,HONDAPOWER,Honda India Power Products Ltd,Active,B ,10.00,INE634A01018,Equity,,,,,
522101,Kilburn Engineering Ltd,KLBRENG-B,Kilburn Engineering Ltd,Active,B ,10.00,INE338F01015,Equity,,,,,
522105,Birla Precision Technologies Ltd,BIRLAPREC,Birla Precision Technologies Ltd,Active,B ,2.00,INE372E01025,Equity,,,,,
522108,Yuken India Ltd.,YUKEN,Yuken India Ltd,Active,B ,10.00,INE384C01016,Equity,,,,,
522163,Diamond Power Infrastructure Limited,DIACABS,Diamond Power Infrastructure Ltd,Active,B ,1.00,INE989C01038,Equity,,,,,
522195,Frontier Springs Ltd.,FRONTSP,Frontier Springs Ltd,Active,B ,10.00,INE572D01014,Equity,,,,,
522215,HLE GLASCOAT LIMITED,HLEGLAS,HLE Glascoat Ltd,Active,B ,2.00,INE461D01028,Equity,,,,,
522217,Gujarat Apollo Industries Ltd.,GUJAPOLLO,Gujarat Apollo Industries Ltd,Active,B ,10.00,INE826C01016,Equity,,,,,
522241,M.M.Forgings Ltd.,MMFL,MM Forgings Ltd,Active,B ,10.00,INE227C01017,Equity,,,,,
522249,Mayur Uniquoters ltd.,MAYURUNIQ,Mayur Uniquoters Ltd,Active,B ,5.00,INE040D01038,Equity,,,,,
522261,Dolphin Offshore Enterprises (India) ltd.,DOLPHIN,Dolphin Offshore Enterprises (India) Ltd,Active,B ,1.00,INE920A01037,Equity,,,,,
522281,Ram Ratna Wires Ltd.,RAMRAT,Ram Ratna Wires Ltd,Active,B ,5.00,INE207E01023,Equity,,,,,
522295,CONTROL PRINT LIMITED,CONTROLPR,Control Print Ltd,Active,B ,10.00,INE663B01015,Equity,,,,,
523011,Weizmann Limited.,WEIZMANIND,Weizmann Ltd,Active,B ,10.00,INE080A01014,Equity,,,,,
523023,SINCLAIRS HOTELS LIMITED,SINCLAIR,Sinclairs Hotels Ltd,Active,B ,2.00,INE985A01022,Equity,,,,,
523127,EIH Associated Hotels Ltd.,EIHAHOTELS,EIH Associated Hotels Ltd,Active,B ,10.00,INE276C01014,Equity,,,,,
523207,Kokuyo Camlin Ltd,KOKUYOCMLN,Kokuyo Camlin Ltd,Active,B ,1.00,INE760A01029,Equity,,,,,
523229,Bharat Seats Ltd,BHARATSE,Bharat Seats Ltd,Active,B ,2.00,INE415D01024,Equity,,,,,
523261,Venky's (India) ltd.,VENKEYS,Venkys (India) Ltd,Active,B ,10.00,INE398A01010,Equity,,,,,
523269,Advani Hotels & Resorts (India) Ltd.,ADVANIHOTR,Advani Hotels & Resorts (India) Ltd,Active,B ,2.00,INE199C01026,Equity,,,,,
523283,Superhouse limited,SUPERHOUSE,Superhouse Ltd,Active,B ,10.00,INE712B01010,Equity,,,,,
523301,TCPL Packaging Limited,TCPLPACK,TCPL Packaging Ltd,Active,B ,10.00,INE822C01015,Equity,,,,,
523319,BALMER LAWRIE AND COMPANY LIMITED,BALMLAWRIE,Balmer Lawrie & Company Ltd,Active,B ,10.00,INE164A01016,Equity,,,,,
523323,Kovai Medical Center & Hospital Ltd,KOVAI,Kovai Medical Center & Hospital Ltd,Active,B ,10.00,INE177F01017,Equity,,,,,
523329,Eldeco Housing & Ind. Ltd.,ELDEHSG,Eldeco Housing & Industries Ltd,Active,B ,2.00,INE668G01021,Equity,,,,,
523369,DCM Shriram Industries Ltd.,DCMSRIND,DCM Shriram Industries Ltd,Active,B ,2.00,INE843D01027,Equity,,,,,
523384,Maha Rashtra Apex Corporation Ltd,MAHAPEXLTD,Maha Rashtra Apex Corporation Ltd,Active,B ,10.00,INE843B01013,Equity,,,,,
523385,Nilkamal Limited,NILKAMAL,Nilkamal Ltd,Active,B ,10.00,INE310A01015,Equity,,,,,
523391,Nahar Polyfilms Ltd.,NAHARPOLY,Nahar Polyfilms Ltd,Active,B ,5.00,INE308A01027,Equity,,,,,
523398,BOSCH HOME COMFORT INDIA LIMITED,BOSCH-HCIL,Bosch Home Comfort India Ltd,Active,B ,10.00,INE782A01015,Equity,,,,,
523419,Tamilnadu Telecommunications Ltd.,TNTELE,Tamilnadu Telecommunications Ltd,Active,B ,10.00,INE141D01018,Equity,,,,,
523445,Reliance Industrial Infrastructure,RIIL,Reliance Industrial Infrastructure Ltd,Active,B ,10.00,INE046A01015,Equity,,,,,
523465,Ind Bank Housing Ltd,INDBNK,Ind Bank Housing Ltd,Active,B ,10.00,INE969D01012,Equity,,,,,
523475,Lotus Chocolate Co. Ltd.,LOTUSCHO,Lotus Chocolate Company Ltd,Active,B ,10.00,INE026D01011,Equity,,,,,
523539,Precision Wires India ltd.,PRECWIRE,Precision Wires India Ltd,Active,B ,1.00,INE372C01037,Equity,,,,,
523606,Sika Interplant Systems Ltd.,SIKA,Sika Interplant Systems Ltd,Active,B ,2.00,INE438E01032,Equity,,,,,
523610,ITI Limited (Indian Teleph.Ind.Ltd),ITI,ITI Ltd,Active,B ,10.00,INE248A01017,Equity,,,,,
523618,Dredging Corporation of India Ltd.,DREDGECORP,Dredging Corporation of India Ltd,Active,B ,10.00,INE506A01018,Equity,,,,,
523630,National Fertilizers Ltd.,NFL,National Fertilizers Ltd,Active,B ,10.00,INE870D01012,Equity,,,,,
523648,Plastiblends India Ltd.,PLASTIBLEN,Plastiblends India Ltd,Active,B ,5.00,INE083C01022,Equity,,,,,
523694,Apcotex Industries Limited,APCOTEXIND,Apcotex Industries Ltd,Active,B ,2.00,INE116A01032,Equity,,,,,
523708,EIMCO Elecon India Ltd.,EIMCOELECO,Eimco Elecon (India) Ltd,Active,B ,10.00,INE158B01016,Equity,,,,,
523710,SAYAJI HOTELS LIMITED,SAYAJIHOTL,Sayaji Hotels Ltd,Active,B ,10.00,INE318C01014,Equity,,,,,
523716,Ashiana Housing Limited,ASHIANA,Ashiana Housing Ltd,Active,B ,2.00,INE365D01021,Equity,,,,,
523736,Dhunseri Ventures Limited,DVL,Dhunseri Ventures Ltd,Active,B ,10.00,INE477B01010,Equity,,,,,
523754,MAHINDRA EPC IRRIGATION LIMITED,MAHEPC,Mahindra EPC Irrigation Ltd,Active,B ,10.00,INE215D01010,Equity,,,,,
523836,Gujarat Raffia Ind. Ltd.,GUJRAFFIA,Gujarat Raffia Industries Ltd,Active,B ,10.00,INE610B01024,Equity,,,,,
523838,Simplex Infrastructures Limited,SIMPLEXINF,Simplex Infrastructures Ltd,Active,B ,2.00,INE059B01024,Equity,,,,,
523862,GRAND OAK CANYONS DISTILLERY LIMITED,GRANDOAK,Grand Oak Canyons Distillery Ltd,Active,B ,10.00,INE926B01016,Equity,,,,,
524019,Kingfa Science & Technology (India) Ltd,KINGFA,Kingfa Science & Technology (India) Ltd,Active,B ,10.00,INE473D01015,Equity,,,,,
524037,Rama Phosphates Ltd.,RAMAPHO,Rama Phosphates Ltd,Active,B ,5.00,INE809A01032,Equity,,,,,
524051,Polyplex Corporation Ltd.,POLYPLEX,Polyplex Corporation Ltd,Active,B ,10.00,INE633B01018,Equity,,,,,
524075,Albert David Ltd.,ALBERTDAVD,Albert David Ltd,Active,B ,10.00,INE155C01010,Equity,,,,,
524091,CARYSIL LIMITED,CARYSIL,Carysil Ltd,Active,B ,2.00,INE482D01024,Equity,,,,,
524109,Kabra Extrusion Technik Ltd,KABRAEXTRU,Kabra Extrusiontechnik Ltd,Active,B ,5.00,INE900B01029,Equity,,,,,
524129,Vinyl Chemicals (India) Ltd.,VINYLINDIA,Vinyl Chemicals (India) Ltd,Active,B ,1.00,INE250B01029,Equity,,,,,
524164,IOL Chemicals & Pharmaceuticals Ltd,IOLCP,IOL Chemicals & Pharmaceuticals Ltd,Active,B ,2.00,INE485C01029,Equity,,,,,
524212,Wanbury Limited,WANBURY,Wanbury Ltd,Active,B ,10.00,INE107F01022,Equity,,,,,
524226,Gujarat Ambuja Exports Ltd.,GAEL,Gujarat Ambuja Exports Ltd,Active,B ,1.00,INE036B01030,Equity,,,,,
524330,Jayant Agro-Organics Limited.,JAYAGROGN,Jayant Agro Organics Ltd,Active,B ,5.00,INE785A01026,Equity,,,,,
524332,BCL INDUSTRIES LIMITED,BCLIND,BCL Industries Ltd,Active,B ,1.00,INE412G01024,Equity,,,,,
524342,Indo Borax & Chemicals Ltd.,INDOBORAX,Indo Borax & Chemicals Ltd,Active,B ,1.00,INE803D01021,Equity,,,,,
524348,Aarti Drugs Limited,AARTIDRUGS,Aarti Drugs Ltd,Active,B ,10.00,INE767A01016,Equity,,,,,
524372,Orchid Pharma Limited,ORCHPHARMA,Orchid Pharma Ltd,Active,B ,10.00,INE191A01027,Equity,,,,,
524394,Vimta Labs Ltd.,VIMTALABS,Vimta Labs Ltd,Active,B ,2.00,INE579C01029,Equity,,,,,
524396,Biofil Chemicals & Pharmaceuticals,BIOFILCHEM,Biofil Chemicals & Pharmaceuticals Ltd,Active,B ,10.00,INE829A01014,Equity,,,,,
524470,Syncom Formulations (India) Ltd.,SYNCOMF,Syncom Formulations India Ltd,Active,B ,1.00,INE312C01025,Equity,,,,,
524518,Krebs Biochemicals & Industries Ltd.,KREBSBIO,Krebs Biochemicals & Industries Ltd,Active,B ,10.00,INE268B01013,Equity,,,,,
524520,KMC Speciality Hospitals India Limited,KMCSHIL,KMC Speciality Hospitals (India) Ltd,Active,B ,1.00,INE879K01018,Equity,,,,,
524542,Sukhjit Starch & Chemicals Ltd.,SUKHJITS,Sukhjit Starch & Chemicals Ltd,Active,B ,5.00,INE450E01029,Equity,,,,,
524570,Poddar Pigments Ltd.,PODDARMENT,Poddar Pigments Ltd,Active,B ,10.00,INE371C01013,Equity,,,,,
524632,Shukra Pharmaceuticals Limited,SHUKRAPHAR,Shukra Pharmaceuticals Ltd,Active,B ,1.00,INE551C01044,Equity,,,,,
524654,Natural Capsules Ltd.,NATCAPSUQ,Natural Capsules Ltd,Active,B ,10.00,INE936B01015,Equity,,,,,
524663,Bharat Immunologicals & Biologicals,BIBCL,Bharat Immunologicals & Biologicals Corporation Ltd,Active,B ,10.00,INE994B01014,Equity,,,,,
524667,Savita Oil Technologies Limited,SOTL,Savita Oil Technologies Ltd,Active,B ,2.00,INE035D01020,Equity,,,,,
524669,Hester Biosciences Ltd,HESTERBIO,Hester Biosciences Ltd,Active,B ,10.00,INE782E01017,Equity,,,,,
524709,NACL Industries Limited,NACLIND,NACL Industries Ltd,Active,B ,1.00,INE295D01020,Equity,,,,,
524735,Hikal Ltd.,HIKAL,Hikal Ltd,Active,B ,2.00,INE475B01022,Equity,,,,,
524743,FISCHER MEDICAL VENTURES LIMITED,FISCHER,Fischer Medical Ventures Ltd,Active,B ,1.00,INE771F01041,Equity,,,,,
524774,NGL Fine Chem Ltd.,NGLFINE,NGL Fine Chem Ltd,Active,B ,5.00,INE887E01022,Equity,,,,,
524820,Panama Petrochem Ltd.,PANAMAPET,Panama Petrochem Ltd,Active,B ,2.00,INE305C01029,Equity,,,,,
524824,Bal Pharma Ltd.,BALPHARMA,Bal Pharma Ltd,Active,B ,10.00,INE083D01012,Equity,,,,,
526027,Cubex Tubings Ltd,CUBEXTUB,Cubex Tubings Ltd,Active,B ,10.00,INE144D01012,Equity,,,,,
526173,Andrew Yule & Company Ltd,ANDREWYU,Andrew Yule & Company Ltd,Active,B ,2.00,INE449C01025,Equity,,,,,
526227,Filatex India Ltd.,FILATEX,Filatex India Ltd,Active,B ,1.00,INE816B01035,Equity,,,,,
526263,Mold-Tek Technologies Ltd,MOLDTECH,Mold-Tek Technologies Ltd,Active,B ,2.00,INE835B01035,Equity,,,,,
526325,Orient Press ltd.,ORIENTLTD,Orient Press Ltd,Active,B ,10.00,INE609C01024,Equity,,,,,
526367,GANESH HOUSING LIMITED,GANESHHOU,Ganesh Housing Ltd,Active,B ,10.00,INE460C01014,Equity,,,,,
526397,Alphageo (India)Ltd.,ALPHAGEO,Alphageo (India) Ltd,Active,B ,10.00,INE137C01018,Equity,,,,,
526433,ASM Technologies Ltd.,ASMTEC,ASM Technologies Ltd,Active,B ,10.00,INE867C01010,Equity,,,,,
526550,Country Club Hospitality & Holidays Ltd,CCHHL,Country Club Hospitality & Holidays Ltd,Active,B ,2.00,INE652F01027,Equity,,,,,
526570,MIDWEST ENERGY LIMITED,REMAGNET,Midwest Energy Ltd,Active,B ,10.00,INE519N01014,Equity,,,,,
526582,TPL Plastech Limited,TPLPLASTEH,TPL Plastech Ltd,Active,B ,2.00,INE413G01022,Equity,,,,,
526596,Liberty Shoes Ltd.,LIBERTSHOE,Liberty Shoes Ltd,Active,B ,10.00,INE557B01019,Equity,,,,,
526608,Electrotherm (India) Ltd,ELECTHERM,Electrotherm (India) Ltd,Active,B ,10.00,INE822G01016,Equity,,,,,
526642,Mirza International  Limited,MIRZAINT,Mirza International Ltd,Active,B ,2.00,INE771A01026,Equity,,,,,
526654,Thakker's Developers Ltd.,THAKDEV,Thakkers Developers Ltd,Active,B ,10.00,INE403F01017,Equity,,,,,
526662,Rajdarshan Industries Ltd.,ARENTERP,Rajdarshan Industries Ltd,Active,B ,10.00,INE610C01014,Equity,,,,,
526666,Bhartiya International Ltd.,BIL,Bhartiya International Ltd,Active,B ,10.00,INE828A01016,Equity,,,,,
526668,Kamat Hotels (India) ltd.,KAMATHOTEL,Kamat Hotels (India) Ltd,Active,B ,10.00,INE967C01018,Equity,,,,,
526677,DSJ KEEP LEARNING LIMITED,KEEPLEARN,DSJ keep Learning Ltd,Active,B ,1.00,INE055C01020,Equity,,,,,
526725,Sandesh Ltd.,SANDESH,Sandesh Ltd,Active,B ,10.00,INE583B01015,Equity,,,,,
526783,Dr.Agarwals Eye Hospital Ltd.,DRAGARWQ,Dr Agarwals Eye Hospital Ltd,Active,B ,10.00,INE934C01018,Equity,,,,,
526797,Greenply Industries Ltd,GREENPLY,Greenply Industries Ltd,Active,B ,1.00,INE461C01038,Equity,,,,,
526807,Seamec Ltd,SEAMECLTD,Seamec Ltd,Active,B ,10.00,INE497B01018,Equity,,,,,
526817,Cheviot Co.Ltd.,CHEVIOT,Cheviot Company Ltd,Active,B ,10.00,INE974B01016,Equity,,,,,
526829,Confidence Petroleum India Limited,CONFIPET,Confidence Petroleum India Ltd,Active,B ,1.00,INE552D01024,Equity,,,,,
526849,Banaras Beads Ltd.,BANARBEADS,Banaras Beads Ltd,Active,B ,10.00,INE655B01011,Equity,,,,,
526853,Bilcare Ltd.,BI,Bilcare Ltd,Active,B ,10.00,INE986A01012,Equity,,,,,
526885,Sarla Performance Fibers Ltd,SARLAPOLY,Sarla Performance Fibers Ltd,Active,B ,1.00,INE453D01025,Equity,,,,,
526921,Twentyfirst Century Management Serv,21STCENMGM,Twentyfirst Century Management Services Ltd,Active,B ,10.00,INE253B01015,Equity,,,,,
526947,La Opala RG Ltd.,LAOPALA,La Opala RG Ltd,Active,B ,2.00,INE059D01020,Equity,,,,,
526951,Stylam Industries Limited,STYLAMIND,Stylam Industries Ltd,Active,B ,5.00,INE239C01020,Equity,,,,,
526981,SHRI BAJRANG ALLIANCE LIMITED,SHBAJRG,Shri Bajrang Alliance Ltd,Active,B ,10.00,INE402H01015,Equity,,,,,
526987,Urja Global Limited,URJA,Urja Global Ltd,Active,B ,1.00,INE550C01020,Equity,,,,,
530001,Gujarat Alkalis & Chemicals Ltd.,GUJALKALI,Gujarat Alkalies and Chemicals Ltd,Active,B ,10.00,INE186A01019,Equity,,,,,
530017,Standard Industries Ltd.,SIL,Standard Industries Ltd,Active,B ,5.00,INE173A01025,Equity,,,,,
530023,THE INVESTMENT TRUST OF INDIA LIMITED,THEINVEST,The Investment Trust Of India Ltd,Active,B ,10.00,INE924D01017,Equity,,,,,
530067,CSL Finance Limited,CSLFINANCE,CSL Finance Ltd,Active,B ,10.00,INE718F01018,Equity,,,,,
530073,Sanghvi Movers Ltd.,SANGHVIMOV,Sanghvi Movers Ltd,Active,B ,1.00,INE989A01032,Equity,,,,,
530075,Antelopus Selan Energy Limited,ANTELOPUS,Antelopus Selan Energy Ltd,Active,B ,10.00,INE818A01017,Equity,,,,,
530079,Faze Three Ltd.,FAZE3Q,Faze Three Ltd,Active,B ,10.00,INE963C01033,Equity,,,,,
530129,Nile Ltd.,NILE,Nile Ltd,Active,B ,10.00,INE445D01013,Equity,,,,,
530135,Optiemus Infracom Limited,OPTIEMUS,Optiemus Infracom Ltd,Active,B ,10.00,INE350C01017,Equity,,,,,
530199,Themis Medicare Ltd.,THEMISMED,Themis Medicare Ltd,Active,B ,1.00,INE083B01024,Equity,,,,,
530239,Suven Life Sciences Ltd.,SUVEN,Suven Life Sciences Ltd,Active,B ,1.00,INE495B01038,Equity,,,,,
530299,Kothari Products Ltd.,KOTHARIPRO,Kothari Products Ltd,Active,B ,10.00,INE823A01017,Equity,,,,,
530305,Piccadily Agro Industries ltd.,PICCADIL,Piccadily Agro Industries Ltd,Active,B ,10.00,INE546C01010,Equity,,,,,
530307,CHAMAN LAL SETIA EXPORTS LIMITED,CLSEL,Chaman Lal Setia Exports Ltd,Active,B ,2.00,INE419D01026,Equity,,,,,
530331,Premco Global Ltd.,PREMCO,Premco Global Ltd,Active,B ,10.00,INE001E01012,Equity,,,,,
530355,ASIAN ENERGY SERVICES LTD,ASIANENE,Asian Energy Services Ltd,Active,B ,10.00,INE276G01015,Equity,,,,,
530363,Ugar Sugar Works Ltd.,UGARSUGAR,Ugar Sugar Works Ltd,Active,B ,1.00,INE071E01023,Equity,,,,,
530365,Orient Bell Limited,ORIENTBELL,Orient Bell Ltd,Active,B ,10.00,INE607D01018,Equity,,,,,
530367,NRB Bearings Ltd.,NRBBEARING,NRB Bearings Ltd,Active,B ,2.00,INE349A01021,Equity,,,,,
530377,Nila Infrastructures Ltd,NILAINFRA,Nila Infrastructures Ltd,Active,B ,1.00,INE937C01029,Equity,,,,,
530475,Tinna Rubber and Infrastructure Limited,TINNARUBR,Tinna Rubber and Infrastructure Ltd,Active,B ,10.00,INE015C01016,Equity,,,,,
530499,A.K.Capital Services Ltd.,AKCAPIT,AK Capital Services Ltd,Active,B ,10.00,INE701G01012,Equity,,,,,
530555,Paramount Communications Ltd.,PARACABLES,Paramount Communications Ltd,Active,B ,2.00,INE074B01023,Equity,,,,,
530579,U. Y. FINCORP LIMITED,UYFINCORP,U. Y. Fincorp Ltd,Active,B ,5.00,INE152C01025,Equity,,,,,
530655,Goodluck India Limited,GOODLUCK,Goodluck India Ltd,Active,B ,2.00,INE127I01024,Equity,,,,,
530677,Supreme Holdings & Hospitality (India) Ltd,SUPREME,Supreme Holdings & Hospitality (India) Ltd,Active,B ,10.00,INE822E01011,Equity,,,,,
530745,ACS TECHNOLOGIES LIMITED,ACSTECH,ACS Technologies Ltd,Active,B ,10.00,INE366C01021,Equity,,,,,
530879,CAPITAL INDIA FINANCE LIMITED,CIFL,Capital India Finance Ltd,Active,B ,2.00,INE345H01024,Equity,,,,,
530919,Remsons Industries Ltd.,REMSONSIND,Remsons Industries Ltd,Active,B ,2.00,INE474C01023,Equity,,,,,
530943,Aqylon Nexus Limited,AQYLON,Aqylon Nexus Ltd,Active,B ,1.00,INE416A01051,Equity,,,,,
530961,Vikas EcoTech Limited,VIKASECO,Vikas EcoTech Ltd,Active,B ,1.00,INE806A01020,Equity,,,,,
530999,Balaji Amines Ltd.,BALAMINES,Balaji Amines Ltd,Active,B ,2.00,INE050E01027,Equity,,,,,
531080,Shri Krishna Devcon Limited,SHRIKRISH,Shri Krishna Devcon Ltd,Active,B ,10.00,INE997I01012,Equity,,,,,
531082,Alankit Limited,ALANKIT,Alankit Ltd,Active,B ,1.00,INE914E01040,Equity,,,,,
531092,OM INFRA LIMITED,OMINFRAL,OM Infra Ltd,Active,B ,1.00,INE239D01028,Equity,,,,,
531109,Ishan Dyes and Chemicals Limited,ISHANCH,Ishan Dyes and Chemicals Ltd,Active,B ,10.00,INE561M01018,Equity,,,,,
531146,Medicamen Biotech Ltd.,MEDICAMEQ,Medicamen Biotech Ltd,Active,B ,10.00,INE646B01010,Equity,,,,,
531147,Alicon Castalloy Limited,ALICON,Alicon Castalloy Ltd,Active,B ,5.00,INE062D01024,Equity,,,,,
531161,ABM Knowledgeware Ltd.,ABMKNO,ABM Knowledgeware Ltd,Active,B ,5.00,INE850B01026,Equity,,,,,
531179,Arman Financial Services Limited,ARMANFIN,Arman Financial Services Ltd,Active,B ,10.00,INE109C01017,Equity,,,,,
531201,Shilchar Technologies Ltd.,SHILCTECH,Shilchar Technologies Ltd,Active,B ,10.00,INE024F01011,Equity,,,,,
531209,Nucleus Software Exports Ltd,NUCLEUS,Nucleus Software Exports Ltd,Active,B ,10.00,INE096B01018,Equity,,,,,
531216,Comfort Intech Ltd,COMFINTE,Comfort Intech Ltd,Active,B ,1.00,INE819A01049,Equity,,,,,
531225,XTGLOBAL INFOTECH LIMITED,XTGLOBAL,Xtglobal Infotech Ltd,Active,B ,1.00,INE547B01028,Equity,,,,,
531241,LINC LIMITED,LINC,Linc Ltd,Active,B ,5.00,INE802B01027,Equity,,,,,
531266,V.S.T.Tillers Tractors Ltd.,VSTTILLERS,VST Tillers Tractors Ltd,Active,B ,10.00,INE764D01017,Equity,,,,,
531307,RRIL LIMITED,RRIL,RRIL Ltd,Active,B ,5.00,INE951M01037,Equity,,,,,
531310,Available Finance Ltd.,AVAILFC,Available Finance Ltd,Active,B ,10.00,INE325G01010,Equity,,,,,
531322,SRI HAVISHA HOSPITALITY AND INFRASTRUCTURE LIMITED,HAVISHA,Sri Havisha Hospitality And Infrastructure Ltd,Active,B ,2.00,INE293B01029,Equity,,,,,
531349,Panacea Biotec Ltd.,PANACEABIO,Panacea Biotec Ltd,Active,B ,1.00,INE922B01023,Equity,,,,,
531357,MERCURY EV-TECH LIMITED,MERCURYEV,Mercury Ev-Tech Ltd,Active,B ,1.00,INE763M01028,Equity,,,,,
531381,Arihant Foundations & Housing Ltd.,ARIHANT,Arihant Foundations & Housing Ltd,Active,B ,10.00,INE413D01011,Equity,,,,,
531400,Almondz Global Securities Limited,ALMONDZ,Almondz Global Securities Ltd,Active,B ,1.00,INE326B01035,Equity,,,,,
531426,Tamil Nadu Newsprint And Papers Ltd,TNPL,Tamil Nadu Newsprint & Papers Ltd,Active,B ,10.00,INE107A01015,Equity,,,,,
531449,GRM Overseas Ltd.,GRMOVER,GRM Overseas Ltd,Active,B ,2.00,INE192H01020,Equity,,,,,
531453,Mohit Industries Limited,MOHITIND,Mohit Industries Ltd,Active,B ,10.00,INE954E01012,Equity,,,,,
531508,Eveready Industries India Ltd.,EVEREADY,Eveready Industries India Ltd,Active,B ,5.00,INE128A01029,Equity,,,,,
531543,Jindal Worldwide Ltd.,JINDWORLD,Jindal Worldwide Ltd,Active,B ,1.00,INE247D01039,Equity,,,,,
531548,Somany Ceramics Limited,SOMANYCERA,Somany Ceramics Ltd,Active,B ,2.00,INE355A01028,Equity,,,,,
531556,Coral India Finance And Housing Ltd,CORALFINAC,Coral India Finance & Housing Ltd,Active,B ,2.00,INE558D01021,Equity,,,,,
531599,FDC Ltd.,FDC,FDC Ltd,Active,B ,1.00,INE258B01022,Equity,,,,,
531624,Country Condo's Ltd,COUNCODOS,Country Condos Ltd,Active,B ,1.00,INE695B01025,Equity,,,,,
531633,Lincoln Pharmaceuticals ltd.,LINCOLN,Lincoln Pharmaceuticals Ltd,Active,B ,10.00,INE405C01035,Equity,,,,,
531637,PRAVEG LIMITED,PRAVEG,Praveg Ltd,Active,B ,10.00,INE722B01019,Equity,,,,,
531638,Suraj Ltd.,SURAJLTD,Suraj Ltd,Active,B ,10.00,INE713C01016,Equity,,,,,
531717,Vidhi Specialty Food Ingredients Limited,VIDHIING,Vidhi Specialty Food Ingredients Ltd,Active,B ,1.00,INE632C01026,Equity,,,,,
531719,Bhagiradha Chemicals and Industries,BHAGCHEM,Bhagiradha Chemicals & Industries Ltd,Active,B ,1.00,INE414D01027,Equity,,,,,
531723,GACM Technologies Limited,GATECH,GACM Technologies Ltd,Active,B ,1.00,INE224E01028,Equity,,,,,
531727,Menon Pistons Ltd.,MENNPIS,Menon Pistons Ltd,Active,B ,1.00,INE650G01029,Equity,,,,,
531746,Prajay Engineers Syndicate Ltd.,PRAENG,Prajay Engineers Syndicate Ltd,Active,B ,10.00,INE505C01016,Equity,,,,,
531761,APOLLO PIPES LIMITED,APOLLOPIPE,Apollo Pipes Ltd,Active,B ,10.00,INE126J01016,Equity,,,,,
531795,Atul Auto Limited,ATULAUTO,Atul Auto Ltd,Active,B ,5.00,INE951D01028,Equity,,,,,
531842,Lahoti Overseas Ltd.,LAHOTIOV,Lahoti Overseas Ltd,Active,B ,2.00,INE515C01023,Equity,,,,,
531845,ZENITH STEEL PIPES AND  INDUSTRIES LIMITED,ZENITHSTL,Zenith Steel Pipes & Industries Ltd,Active,B ,10.00,INE318D01020,Equity,,,,,
531847,Asian Star Co. Ltd.,ASTAR,Asian Star Company Ltd,Active,B ,10.00,INE194D01017,Equity,,,,,
531892,Khandwala Securities Ltd.,KHANDSE,Khandwala Securities Ltd,Active,B ,10.00,INE060B01014,Equity,,,,,
531921,Agarwal Industrial Corporation Limited,AGARIND,Agarwal Industrial Corporation Ltd,Active,B ,10.00,INE204E01012,Equity,,,,,
531978,Ambika Cotton Mills Ltd.,AMBIKCO,Ambika Cotton Mills Ltd,Active,B ,10.00,INE540G01014,Equity,,,,,
532019,LCC Infotech Ltd.,LCCINFOTEC,LCC Infotech Ltd,Active,B ,2.00,INE938A01021,Equity,,,,,
532029,Sindhu Trade Links Limited,SINDHUTRAD,Sindhu Trade Links Ltd,Active,B ,1.00,INE325D01025,Equity,,,,,
532051,Swelect Energy Systems Limited,SWELECTES,Swelect Energy Systems Ltd,Active,B ,10.00,INE409B01013,Equity,,,,,
532054,KDDL Ltd,KDDL,KDDL Ltd,Active,B ,10.00,INE291D01011,Equity,,,,,
532067,3B BlackBio Dx Limited,3BBLACKBIO,3B BlackBio Dx Ltd,Active,B ,10.00,INE994E01018,Equity,,,,,
532141,Andhra Cement Ltd.,ACL,Andhra Cements Ltd,Active,B ,10.00,INE666E01020,Equity,,,,,
532143,SKM Egg Products Exports (India) Lt,SKMEGGPROD,SKM Egg Products Export (India) Ltd,Active,B ,5.00,INE411D01023,Equity,,,,,
532156,Vaibhav Global Ltd,VAIBHAVGBL,Vaibhav Global Ltd,Active,B ,2.00,INE884A01027,Equity,,,,,
532160,Gujarat State Financial corporation,GUJSTATFIN,Gujarat State Financial Corporation,Active,B ,10.00,INE944A01011,Equity,,,,,
532172,Adroit Infotech Limited,ADROITINFO,Adroit Infotech Ltd,Active,B ,10.00,INE737B01033,Equity,,,,,
532180,Dhanlaxmi Bank Limited,DHANBANK,Dhanlaxmi Bank Ltd,Active,B ,10.00,INE680A01011,Equity,,,,,
532189,India Tourism Development Corporati,ITDC,India Tourism Development Corporation Ltd,Active,B ,10.00,INE353K01014,Equity,,,,,
532212,Archies Ltd.,ARCHIES,Archies Ltd,Active,B ,2.00,INE731A01020,Equity,,,,,
532219,Energy Development Company Ltd.,ENERGYDEV,Energy Development Company Ltd,Active,B ,10.00,INE306C01019,Equity,,,,,
532240,India Nippon Electricals Ltd,INDNIPPON,India Nippon Electricals Ltd,Active,B ,5.00,INE092B01025,Equity,,,,,
532256,Nalwa Sons Investment Ltd,NSIL,Nalwa Sons Investments Ltd,Active,B ,10.00,INE023A01030,Equity,,,,,
532268,ACCELYA SOLUTIONS INDIA LIMITED,ACCELYA,Accelya Solutions India Ltd,Active,B ,10.00,INE793A01012,Equity,,,,,
532271,ORCHASP LIMITED,ORCHASP,Orchasp Ltd,Active,B ,2.00,INE215B01022,Equity,,,,,
532285,Geojit Financial Services Limited,GEOJITFSL,Geojit Financial Services Ltd,Active,B ,1.00,INE007B01023,Equity,,,,,
532290,BLB Limited,BLBLIMITED,BLB Ltd,Active,B ,1.00,INE791A01024,Equity,,,,,
532305,Ind-Swift Laboratories Ltd.,INDSWFTLAB,Ind-Swift Laboratories Ltd,Active,B ,10.00,INE915B01019,Equity,,,,,
532309,GE Power India Limited,GVPIL,GE Power India Ltd,Active,B ,10.00,INE878A01011,Equity,,,,,
532310,Shree Rama Multi-tech Ltd.,SHREERAMA,Shree Rama Multi-Tech Ltd,Active,B ,5.00,INE879A01019,Equity,,,,,
532324,Cinevista Limited,CINEVISTA,Cinevista Ltd,Active,B ,2.00,INE039B01026,Equity,,,,,
532326,Intense Technologies,INTENTECH,Intense Technologies Ltd,Active,B ,2.00,INE781A01025,Equity,,,,,
532332,Cura Technologies Limited,CURAA,Cura Technologies Ltd,Active,B ,10.00,INE117B01020,Equity,,,,,
532334,HB Estate Developers Ltd.,HBESD,HB Estate Developers Ltd,Active,B ,10.00,INE640B01021,Equity,,,,,
532335,Ambica Agarbathies & Aroma Ind. Ltd.,AMBICAAGAR,Ambica Agarbathies & Aroma Industries Ltd,Active,B ,10.00,INE792B01012,Equity,,,,,
532339,Compucom Software Lt.,COMPUSOFT,Compucom Software Ltd,Active,B ,2.00,INE453B01029,Equity,,,,,
532341,IZMO Limited,IZMO,IZMO Ltd,Active,B ,10.00,INE848A01014,Equity,,,,,
532349,Transport Corporation of India Ltd,TCI,Transport Corporation of India Ltd,Active,B ,2.00,INE688A01022,Equity,,,,,
532365,Dynacons Systems & Solutions Ltd.,DSSL,Dynacons Systems & Solutions Ltd,Active,B ,10.00,INE417B01040,Equity,,,,,
532366,PNB Gilts Ltd,PNBGILTS,PNB Gilts Ltd,Active,B ,10.00,INE859A01011,Equity,,,,,
532368,BRIGHTCOM GROUP LIMITED,BCG,Brightcom Group Ltd,Active,B ,2.00,INE425B01027,Equity,,,,,
532369,Ramco Industries Ltd,RAMCOIND,Ramco Industries Ltd,Active,B ,1.00,INE614A01028,Equity,,,,,
532370,Ramco Systems Ltd,RAMCOSYS,Ramco Systems Ltd,Active,B ,10.00,INE246B01019,Equity,,,,,
532372,Virinchi Limited,VIRINCHI,Virinchi Ltd,Active,B ,10.00,INE539B01017,Equity,,,,,
532376,UMIYA BUILDCON LIMITED,UMIYA-MRO,Umiya Buildcon Ltd,Active,B ,5.00,INE398B01018,Equity,,,,,
532382,Balaji Telefilms Ltd.,BALAJITELE,Balaji Telefilms Ltd,Active,B ,2.00,INE794B01026,Equity,,,,,
532387,Pritish Nandy Communications Ltd,PNC,Pritish Nandy Communications Ltd,Active,B ,10.00,INE392B01011,Equity,,,,,
532390,Taj GVK Hotels & Resorts Ltd.,TAJGVK,Taj Gvk Hotels & Resorts Ltd,Active,B ,2.00,INE586B01026,Equity,,,,,
532392,Creative Eye Ltd.,CREATIVEYE,Creative Eye Ltd,Active,B ,5.00,INE230B01021,Equity,,,,,
532395,AXISCADES TECHNOLOGIES LIMITED,AXISCADES,Axiscades Technologies Ltd,Active,B ,5.00,INE555B01013,Equity,,,,,
532398,Usha Martin Education & Solutions Limited,UMESLTD,Usha Martin Education & Solutions Ltd,Active,B ,1.00,INE240C01028,Equity,,,,,
532416,Next Mediaworks Ltd,NEXTMEDIA,Next Mediaworks Ltd,Active,B ,10.00,INE747B01016,Equity,,,,,
532430,BF Utilities Ltd.,BFUTILITIE,BF Utilities Ltd,Active,B ,5.00,INE243D01012,Equity,,,,,
532440,MPS Limited,MPSLTD,MPS Ltd,Active,B ,10.00,INE943D01017,Equity,,,,,
532457,Gulshan Polyols Ltd.,GULPOLY,Gulshan Polyols Ltd,Active,B ,1.00,INE255D01024,Equity,,,,,
532460,Ponni Sugars (Erode) Ltd.,PONNIERODE,Ponni Sugars (Erode) Ltd,Active,B ,10.00,INE838E01017,Equity,,,,,
532467,Hazoor Multi Projects Limited,HAZOOR,Hazoor Multi Projects Ltd,Active,B ,1.00,INE550F01049,Equity,,,,,
532468,Kama Holdings Limited,KAMAHOLD,Kama Holdings Ltd,Active,B ,10.00,INE411F01010,Equity,,,,,
532485,Balmer Lawrie Investments Ltd.,BLIL,Balmer Lawrie Investments Ltd,Active,B ,1.00,INE525F01025,Equity,,,,,
532486,Pokarna Ltd.,POKARNA,Pokarna Ltd,Active,B ,2.00,INE637C01025,Equity,,,,,
532503,Rajapalayam Mills Limited,RAJPALAYAM,Rajapalayam Mills Ltd,Active,B ,10.00,INE296E01026,Equity,,,,,
532507,B.A.G. Films & Media Ltd,BAGFILMS,B.A.G. Films and Media Ltd,Active,B ,2.00,INE116D01028,Equity,,,,,
532513,TVS Electronics Ltd.,TVSELECT,TVS Electronics Ltd,Active,B ,10.00,INE236G01019,Equity,,,,,
532515,T.V.Today Network Limited,TVTODAY,TV Today Network Ltd,Active,B ,5.00,INE038F01029,Equity,,,,,
532529,New Delhi Television Limited,NDTV,New Delhi Television Ltd,Active,B ,4.00,INE155G01029,Equity,,,,,
532610,Dwarikesh Sugar Industries Ltd.,DWARKESH,Dwarikesh Sugar Industries Ltd,Active,B ,1.00,INE366A01041,Equity,,,,,
532612,Indoco Remedies Ltd.,INDOCO,Indoco Remedies Ltd,Active,B ,2.00,INE873D01024,Equity,,,,,
532616,Xchanging Solutions Limited,XCHANGING,Xchanging Solutions Ltd,Active,B ,10.00,INE692G01013,Equity,,,,,
532624,Jindal Photo Limited,JINDALPHOT,Jindal Photo Ltd,Active,B ,10.00,INE796G01012,Equity,,,,,
532628,3i Infotech limited,3IINFOLTD,3i Infotech Ltd,Active,B ,10.00,INE748C01038,Equity,,,,,
532633,Alldigi Tech Limited,ALLDIGI,Alldigi Tech Ltd,Active,B ,10.00,INE835G01018,Equity,,,,,
532637,Mangalam Drugs and Organics Ltd.,MANGALAM,Mangalam Drugs & Organics Ltd,Active,B ,10.00,INE584F01014,Equity,,,,,
532638,Shoppers Stop Ltd,SHOPERSTOP,Shoppers Stop Ltd,Active,B ,5.00,INE498B01024,Equity,,,,,
532641,Nandan Denim Limited,NDL,Nandan Denim Ltd,Active,B ,1.00,INE875G01048,Equity,,,,,
532650,MSP STEEL & POWER LTD.,MSPL,MSP Steel & Power Ltd,Active,B ,10.00,INE752G01015,Equity,,,,,
532651,SPL INDUSTRIES LIMITED,SPLIL,SPL Industries Ltd,Active,B ,10.00,INE978G01016,Equity,,,,,
532661,Rane (Madras)  Ltd.,RML,Rane (Madras) Ltd,Active,B ,10.00,INE050H01012,Equity,,,,,
532662,HT MEDIA LIMITED,HTMEDIA,HT Media Ltd,Active,B ,2.00,INE501G01024,Equity,,,,,
532663,Sasken Technologies Limited,SASKEN,Sasken Technologies Ltd,Active,B ,10.00,INE231F01020,Equity,,,,,
532666,FCS Software Solutions Ltd.,FCSSOFT,FCS Software Solutions Ltd,Active,B ,1.00,INE512B01022,Equity,,,,,
532673,K. M. Sugar Mills Ltd.,KMSUGAR,K M Sugar Mills Ltd,Active,B ,2.00,INE157H01023,Equity,,,,,
532684,Everest Kanto Cylinders Ltd.,EKC,Everest Kanto Cylinder Ltd,Active,B ,2.00,INE184H01027,Equity,,,,,
532686,Kernex Microsystems (India) Ltd.,KERNEX,Kernex Microsystems India Ltd,Active,B ,10.00,INE202H01019,Equity,,,,,
532687,Repro India Ltd.,REPRO,Repro India Ltd,Active,B ,10.00,INE461B01014,Equity,,,,,
532695,Celebrity Fashions Ltd.,CELEBRITY,Celebrity Fashions Ltd,Active,B ,10.00,INE185H01016,Equity,,,,,
532698,Nitin Spinners Ltd.,NITINSPIN,Nitin Spinners Ltd,Active,B ,10.00,INE229H01012,Equity,,,,,
532699,Royal Orchid Hotels Ltd,ROHLTD,Royal Orchid Hotels Ltd,Active,B ,10.00,INE283H01019,Equity,,,,,
532700,Entertainment Network (India) Ltd,ENIL,Entertainment Network (India) Ltd,Active,B ,10.00,INE265F01028,Equity,,,,,
532705,Jagran Prakashan Limited,JAGRAN,Jagran Prakashan Ltd,Active,B ,2.00,INE199G01027,Equity,,,,,
532707,Dynemic Products Ltd.,DYNPRO,Dynemic Products Ltd,Active,B ,10.00,INE256H01015,Equity,,,,,
532710,Sadbhav Engineering Ltd.,SADBHAV,Sadbhav Engineering Ltd,Active,B ,1.00,INE226H01026,Equity,,,,,
532713,Sakuma Exports Ltd.,SAKUMA,Sakuma Exports Ltd,Active,B ,1.00,INE190H01024,Equity,,,,,
532716,Gillanders Arbuthnot & Co. Ltd.,GILLANDERS,Gillanders Arbuthnot & Company Ltd,Active,B ,10.00,INE047B01011,Equity,,,,,
532719,B L Kashyap and Sons Ltd,BLKASHYAP,B. L. Kashyap and Sons Ltd,Active,B ,1.00,INE350H01032,Equity,,,,,
532722,Nitco Ltd.,NITCO,Nitco Ltd,Active,B ,10.00,INE858F01012,Equity,,,,,
532728,Malu Paper Mills Limited,MALUPAPER,Malu Paper Mills Ltd,Active,B ,10.00,INE383H01017,Equity,,,,,
532729,Uttam Sugar Mills Ltd,UTTAMSUGAR,Uttam Sugar Mills Ltd,Active,B ,10.00,INE786F01031,Equity,,,,,
532730,STL Global Ltd,SGL,STL Global Ltd,Active,B ,10.00,INE353H01010,Equity,,,,,
532732,Kewal Kiran Clothing Ltd.,KKCL,Kewal Kiran Clothing Ltd,Active,B ,10.00,INE401H01017,Equity,,,,,
532735,R Systems International Limited,RSYSTEMS,R Systems International Ltd,Active,B ,1.00,INE411H01032,Equity,,,,,
532737,Emkay Global Financial Services Ltd,EMKAY,Emkay Global Financial Services Ltd,Active,B ,10.00,INE296H01011,Equity,,,,,
532742,PAUSHAK LIMITED (formerly known as Darshak Limited),PAUSHAKLTD,Paushak Ltd,Active,B ,5.00,INE111F01024,Equity,,,,,
532748,Prime Focus Limited,PFOCUS,Prime Focus Ltd,Active,B ,1.00,INE367G01038,Equity,,,,,
532749,Allcargo Logistics Ltd,ALLCARGO,Allcargo Logistics Ltd,Active,B ,2.00,INE418H01029,Equity,,,,,
532759,ATLANTAA LIMITED,ATLANTAA,Atlantaa Ltd,Active,B ,2.00,INE285H01022,Equity,,,,,
532761,HANDSON GLOBAL MANAGEMENT (HGM) LIMITED,HGM,HandsOn Global Management (HGM)Ltd,Active,B ,10.00,INE596H01014,Equity,,,,,
532768,FIEM INDUSTRIES LIMITED,FIEMIND,Fiem Industries Ltd,Active,B ,10.00,INE737H01014,Equity,,,,,
532771,JHS Svendgaard Laboratories Ltd.,JHS,JHS Svendgaard Laboratories Ltd,Active,B ,10.00,INE544H01014,Equity,,,,,
532773,Global Vectra Helicorp Ltd.,GLOBALVECT,Global Vectra Helicorp Ltd,Active,B ,10.00,INE792H01019,Equity,,,,,
532775,GTL Infrastructure Limited,GTLINFRA,GTL Infrastructure Ltd,Active,B ,10.00,INE221H01019,Equity,,,,,
532785,Ruchira Papers Ltd,RUCHIRA,Ruchira Papers Ltd,Active,B ,10.00,INE803H01014,Equity,,,,,
532794,Zee Media Corporation Limited,ZEEMEDIA,Zee Media Corporation Ltd,Active,B ,1.00,INE966H01019,Equity,,,,,
532801,Cambridge Technology Enterprises Ltd.,CTE,Cambridge Technology Enterprises Ltd,Active,B ,10.00,INE627H01017,Equity,,,,,
532804,Technocraft Industries (India) Ltd.,TIIL,Technocraft Industries (India) Ltd,Active,B ,10.00,INE545H01011,Equity,,,,,
532807,Cineline India Limited,CINELINE,Cineline India Ltd,Active,B ,5.00,INE704H01022,Equity,,,,,
532812,Transwarranty Finance Limited,TFL,Transwarranty Finance Ltd,Active,B ,10.00,INE804H01012,Equity,,,,,
532815,SMS Pharmaceuticals Ltd,SMSPHARMA,SMS Pharmaceuticals Ltd,Active,B ,1.00,INE812G01025,Equity,,,,,
532817,Oriental Trimex Limited,ORIENTALTL,Oriental Trimex Ltd,Active,B ,10.00,INE998H01012,Equity,,,,,
532826,Raj Television Network Ltd,RAJTV,Raj Television Network Ltd,Active,B ,5.00,INE952H01027,Equity,,,,,
532828,AMD Industries Ltd,AMDIND,AMD Industries Ltd,Active,B ,10.00,INE005I01014,Equity,,,,,
532834,Camlin Fine Sciences Ltd,CAMLINFINE,Camlin Fine Sciences Ltd,Active,B ,1.00,INE052I01032,Equity,,,,,
532835,ICRA Limited,ICRA,ICRA Ltd,Active,B ,10.00,INE725G01011,Equity,,,,,
532841,SAHYADRI INDUSTRIES LTD.,SAHYADRI,Sahyadri Industries Ltd,Active,B ,10.00,INE280H01015,Equity,,,,,
532842,Sree Rayalaseema Hi-Strength Hypo Limited,SRHHYPOLTD,Sree Rayalaseema Hi-Strength Hypo Ltd,Active,B ,10.00,INE917H01012,Equity,,,,,
532845,TGB Banquets and Hotels Limited,TGBHOTELS,TGB Banquets and Hotels Ltd,Active,B ,10.00,INE797H01018,Equity,,,,,
532848,Delta Corp Limited,DELTACORP,Delta Corp Ltd,Active,B ,1.00,INE124G01033,Equity,,,,,
532851,Insecticides India Ltd.,INSECTICID,Insecticides (India) Ltd,Active,B ,10.00,INE070I01018,Equity,,,,,
532853,Asahi Songwon Colors Ltd.,ASAHISONG,Asahi Songwon Colors Ltd,Active,B ,10.00,INE228I01012,Equity,,,,,
532859,Hinduja Global Solutions Limited,HGS,Hinduja Global Solutions Ltd,Active,B ,10.00,INE170I01016,Equity,,,,,
532864,Nelcast Limited,NELCAST,Nelcast Ltd,Active,B ,2.00,INE189I01024,Equity,,,,,
532867,V2 Retail Limited,V2RETAIL,V2 Retail Ltd,Active,B ,1.00,INE945H01021,Equity,,,,,
532869,Tarmat Limited,TARMAT,Tarmat Ltd,Active,B ,10.00,INE924H01018,Equity,,,,,
532872,Sun Pharma Advanced Research Company Ltd.,SPARC,Sun Pharma Advanced Research Company Ltd,Active,B ,1.00,INE232I01014,Equity,,,,,
532875,Allied Digital Services Limited,ADSL,Allied Digital Services Ltd,Active,B ,5.00,INE102I01027,Equity,,,,,
532878,Alpa Laboratories Limited,ALPA,Alpa Laboratories Ltd,Active,B ,10.00,INE385I01010,Equity,,,,,
532880,OMAXE LIMITED,OMAXE,Omaxe Ltd,Active,B ,10.00,INE800H01010,Equity,,,,,
532886,SEL Manufacturing Company Limited,SELMC,SEL Manufacturing Company Ltd,Active,B ,10.00,INE105I01020,Equity,,,,,
532888,ASIAN GRANITO INDIA LIMITED,ASIANTILES,Asian Granito India Ltd,Active,B ,10.00,INE022I01019,Equity,,,,,
532890,Take Solutions Ltd,TAKE,Take Solutions Ltd,Active,B ,1.00,INE142I01023,Equity,,,,,
532891,Puravankara Limited,PURVA,Puravankara Ltd,Active,B ,5.00,INE323I01011,Equity,,,,,
532895,Nagreeka Capital & Infrastructure Limited,NAGREEKCAP,Nagreeka Capital & Infrastructure Ltd,Active,B ,5.00,INE245I01016,Equity,,,,,
532896,MAGNUM VENTURES LIMITED,MAGNUM,Magnum Ventures Ltd,Active,B ,10.00,INE387I01016,Equity,,,,,
532899,Kaveri Seed Company Ltd,KSCL,Kaveri Seed Company Ltd,Active,B ,2.00,INE455I01029,Equity,,,,,
532902,Consolidated Construction Consortium Ltd,CCCL,Consolidated Construction Consortium Ltd,Active,B ,2.00,INE429I01024,Equity,,,,,
532904,Supreme Infrastructure India Limited,SUPREMEINF,Supreme Infrastructure India Ltd,Active,B ,10.00,INE550H01011,Equity,,,,,
532906,MAAN ALUMINIUM LIMITED,MAANALU,Maan Aluminium Ltd,Active,B ,5.00,INE215I01027,Equity,,,,,
532916,BARAK VALLEY CEMENTS LIMITED,BVCL,Barak Valley Cements Ltd,Active,B ,10.00,INE139I01011,Equity,,,,,
532923,RENAISSANCE GLOBAL LIMITED,RGL,Renaissance Global Ltd,Active,B ,2.00,INE722H01024,Equity,,,,,
532924,Kolte-Patil Developers Ltd,KOLTEPATIL,Kolte-Patil Developers Ltd,Active,B ,10.00,INE094I01018,Equity,,,,,
532932,MANAKSIA LIMITED,MANAKSIA,Manaksia Ltd,Active,B ,2.00,INE015D01022,Equity,,,,,
532935,Aries Agro Limited,ARIES,Aries Agro Ltd,Active,B ,10.00,INE298I01015,Equity,,,,,
532937,Kuantum Papers Limited,KUANTUM,Kuantum Papers Ltd,Active,B ,1.00,INE529I01021,Equity,,,,,
532940,J. Kumar Infraprojects Limited,JKIL,J. Kumar Infraprojects Ltd,Active,B ,5.00,INE576I01022,Equity,,,,,
532945,SEPC LIMITED,SEPC,SEPC Ltd,Active,B ,10.00,INE964H01014,Equity,,,,,
532946,Bang Overseas Ltd,BANG,Bang Overseas Ltd,Active,B ,10.00,INE863I01016,Equity,,,,,
532951,GSS Infotech Ltd,GSS,GSS Infotech Ltd,Active,B ,10.00,INE871H01011,Equity,,,,,
532952,Nahar Capital & Financial Services Ltd.,NAHARCAP,Nahar Capital and Financial Services Ltd,Active,B ,5.00,INE049I01012,Equity,,,,,
532974,Aditya Birla  Money Ltd,BIRLAMONEY,Aditya Birla Money Ltd,Active,B ,1.00,INE865C01022,Equity,,,,,
532980,Gokul Refoils and Solvent Limited,GOKUL,Gokul Refoils & Solvent Ltd,Active,B ,2.00,INE020J01029,Equity,,,,,
532983,RPG Life Sciences Limited,RPGLIFE,RPG Life Sciences Ltd,Active,B ,8.00,INE105J01010,Equity,,,,,
532994,Archidply Industries Limited,ARCHIDPLY,Archidply Industries Ltd,Active,B ,10.00,INE877I01016,Equity,,,,,
532998,Lotus Eye Hospital And Institute Limited,LOTUSEYE,Lotus Eye Hospital And Institute Ltd,Active,B ,10.00,INE947I01017,Equity,,,,,
533001,SOMI CONVEYOR BELTINGS LIMITED,SOMICONVEY,Somi Conveyor Beltings Ltd,Active,B ,10.00,INE323J01019,Equity,,,,,
533012,Landmark Property Development Company Ltd.,LPDC,Landmark Property Development Company Ltd,Active,B ,1.00,INE197J01017,Equity,,,,,
533014,Sicagen India Limited,SICAGEN,Sicagen India Ltd,Active,B ,10.00,INE176J01011,Equity,,,,,
533022,20 Microns Limited,20MICRONS,20 Microns Ltd,Active,B ,5.00,INE144J01027,Equity,,,,,
533033,ISGEC Heavy Engineering Limited,ISGEC,ISGEC Heavy Engineering Ltd,Active,B ,1.00,INE858B01029,Equity,,,,,
533048,Teamo Productions HQ Limited,TPHQ,Teamo Productions HQ Ltd,Active,B ,1.00,INE065J01024,Equity,,,,,
533080,Mold-Tek Packaging Limited,MOLDTKPAC,Mold-Tek Packaging Ltd,Active,B ,5.00,INE893J01029,Equity,,,,,
533088,Mahindra Holidays & Resorts India Limited,MHRIL,Mahindra Holidays & Resorts India Ltd,Active,B ,10.00,INE998I01010,Equity,,,,,
533090,Landsmill Green Limited,LANDSMILL,Landsmill Green Ltd,Active,B ,1.00,INE688J01023,Equity,,,,,
533093,RAJ OIL MILLS LIMITED,ROML,Raj Oil Mills Ltd,Active,B ,10.00,INE294G01026,Equity,,,,,
533095,Bengal & Assam Company Limited,BENGALASM,Bengal & Assam Company Ltd,Active,B ,10.00,INE083K01017,Equity,,,,,
533104,Globus Spirits Limited,GLOBUSSPR,Globus Spirits Ltd,Active,B ,10.00,INE615I01010,Equity,,,,,
533121,EXPLEO SOLUTIONS LIMITED,EXPLEOSOL,Expleo Solutions Ltd,Active,B ,10.00,INE201K01015,Equity,,,,,
533137,DEN Networks Limited,DEN,Den Networks Ltd,Active,B ,10.00,INE947J01015,Equity,,,,,
533138,ASTEC LIFESCIENCES LIMITED,ASTEC,Astec Lifesciences Ltd,Active,B ,10.00,INE563J01010,Equity,,,,,
533146,D-Link (India) Ltd,DLINKINDIA,D-Link (India) Ltd,Active,B ,2.00,INE250K01012,Equity,,,,,
533151,D.B.Corp Limited,DBCORP,D. B. Corp Ltd,Active,B ,10.00,INE950I01011,Equity,,,,,
533162,Hathway Cable & Datacom Limited,HATHWAY,Hathway Cable & Datacom Ltd,Active,B ,2.00,INE982F01036,Equity,,,,,
533164,Texmo Pipes and Products Limited,TEXMOPIPES,Texmo Pipes and Products Ltd,Active,B ,10.00,INE141K01013,Equity,,,,,
533166,Sundaram Multi Pap Ltd.,SUNDARAM,Sundaram Multi Pap Ltd,Active,B ,1.00,INE108E01023,Equity,,,,,
533168,Rossell India Limited,ROSSELLIND,Rossell India Ltd,Active,B ,2.00,INE847C01020,Equity,,,,,
533169,MAN INFRACONSTRUCTION LIMITED,MANINFRA,Man Infraconstruction Ltd,Active,B ,2.00,INE949H01023,Equity,,,,,
533181,Intrasoft Technologies Limited,ISFT,Intrasoft Technologies Ltd,Active,B ,10.00,INE566K01011,Equity,,,,,
533192,K C P SUGAR AND INDUSTRIES CORPORATION LTD.,KCPSUGIND,KCP Sugar & Industries Corporation Ltd,Active,B ,1.00,INE790B01024,Equity,,,,,
533193,KIRLOSKAR ELECTRIC COMPANY LTD.,KECL,Kirloskar Electric Company Ltd,Active,B ,10.00,INE134B01017,Equity,,,,,
533203,TARAPUR TRANSFORMERS LIMITED,TARAPUR,Tarapur Transformers Ltd,Active,B ,10.00,INE747K01017,Equity,,,,,
533210,Kriti Nutrients Ltd,KRITINUT,Kriti Nutrients Ltd,Active,B ,1.00,INE798K01010,Equity,,,,,
533217,Hindustan Media Ventures Limited,HMVL,Hindustan Media Ventures Ltd,Active,B ,10.00,INE871K01015,Equity,,,,,
533227,Asian Hotels (East) Limited,AHLEAST,Asian Hotels (East) Ltd,Active,B ,10.00,INE926K01017,Equity,,,,,
533239,Prakash Steelage Limited,PRAKASHSTL,Prakash Steelage Ltd,Active,B ,1.00,INE696K01024,Equity,,,,,
533257,INDOSOLAR LIMITED,WAAREEINDO,Indosolar Ltd,Active,B ,10.00,INE866K01023,Equity,,,,,
533259,HEALTH X PLATFORM LIMITED,HEALTHX,Health X Platform Ltd,Active,B ,10.00,INE019J01013,Equity,,,,,
533262,Ramky Infrastructure Limited,RAMKY,Ramky Infrastructure Ltd,Active,B ,10.00,INE874I01013,Equity,,,,,
533263,Orient Green Power Company Limited,GREENPOWER,Orient Green Power Company Ltd,Active,B ,10.00,INE999K01014,Equity,,,,,
533267,CANTABIL RETAIL INDIA LIMITED,CANTABIL,Cantabil Retail India Ltd,Active,B ,2.00,INE068L01024,Equity,,,,,
533270,Bedmutha Industries Limited,BEDMUTHA,Bedmutha Industries Ltd,Active,B ,10.00,INE844K01012,Equity,,,,,
533275,SHAH METACORP LIMITED,SHAH,Shah Metacorp Ltd,Active,B ,1.00,INE482J01021,Equity,,,,,
533284,RPP INFRA PROJECTS LIMITED,RPPINFRA,R P P Infra Projects Ltd,Active,B ,10.00,INE324L01013,Equity,,,,,
533285,RDB INFRASTRUCTURE AND POWER LIMITED,RDBIPL,RDB Infrastructure And Power Ltd,Active,B ,1.00,INE245L01028,Equity,,,,,
533292,A2Z Infra Engineering Limited,A2ZINFRA,A2Z Infra Engineering Ltd,Active,B ,10.00,INE619I01012,Equity,,,,,
533294,Ravi Kumar Distilleries Limited,RKDL,Ravi Kumar Distilleries Ltd,Active,B ,10.00,INE722J01012,Equity,,,,,
533295,PUNJAB & SIND BANK,PSB,Punjab & Sind Bank,Active,B ,10.00,INE608A01012,Equity,,,,,
533298,Surana Solar Limited,SURANASOL,Surana Solar Ltd,Active,B ,5.00,INE272L01022,Equity,,,,,
533301,SHEKHAWATI INDUSTRIES LIMITED,SHEKHAWATI,Shekhawati Industries Ltd,Active,B ,10.00,INE268L01046,Equity,,,,,
533302,Kalyani Investment Company Limited,KICL,Kalyani Investment Company Ltd,Active,B ,10.00,INE029L01018,Equity,,,,,
533303,BF Investment Limited,BFINVEST,BF Investment Ltd,Active,B ,5.00,INE878K01010,Equity,,,,,
533306,SUMMIT SECURITIES LTD.,SUMMITSEC,Summit Securities Ltd,Active,B ,10.00,INE519C01017,Equity,,,,,
533316,STEL Holdings Limited,STEL,STEL Holdings Ltd,Active,B ,10.00,INE577L01016,Equity,,,,,
533329,Indian Terrain Fashions Limited,INDTERRAIN,Indian Terrain Fashions Ltd,Active,B ,2.00,INE611L01021,Equity,,,,,
533333,Fineotex Chemical Limited,FCL,Fineotex Chemical Ltd,Active,B ,1.00,INE045J01034,Equity,,,,,
533336,Dhunseri Investments Ltd,DHUNINV,Dhunseri Investments Ltd,Active,B ,10.00,INE320L01011,Equity,,,,,
533343,Lovable Lingerie Limited,LOVABLE,Lovable Lingerie Ltd,Active,B ,10.00,INE597L01014,Equity,,,,,
533344,PTC India Financial Services Limited,PFS,PTC India Financial Services Ltd,Active,B ,10.00,INE560K01014,Equity,,,,,
533451,Karma Energy Limited,KARMAENG,Karma Energy Ltd,Active,B ,10.00,INE725L01011,Equity,,,,,
533470,Rushil Decor Limited,RUSHIL,Rushil Decor Ltd,Active,B ,1.00,INE573K01025,Equity,,,,,
533506,INVENTURE GROWTH & SECURITIES LIMITED,INVENTURE,Inventure Growth & Securities Ltd,Active,B ,1.00,INE878H01024,Equity,,,,,
533540,Tree House Education & Accessories Limited,TREEHOUSE,Tree House Education & Accessories Ltd,Active,B ,10.00,INE040M01013,Equity,,,,,
533552,RUPA & COMPANY LIMITED,RUPA,Rupa & Company Ltd,Active,B ,1.00,INE895B01021,Equity,,,,,
533576,Vaswani Industries Limited,VASWANI,Vaswani Industries Ltd,Active,B ,10.00,INE590L01019,Equity,,,,,
533629,TIJARIA POLYPIPES LIMITED,TIJARIA,Tijaria Polypipes Ltd,Active,B ,10.00,INE440L01017,Equity,,,,,
533644,Ujaas Energy Limited,UEL,Ujaas Energy Ltd,Active,B ,1.00,INE899L01030,Equity,,,,,
533676,Indo Thai Securities Limited,INDOTHAI,Indo Thai Securities Ltd,Active,B ,1.00,INE337M01021,Equity,,,,,
533704,Essar Shipping Ltd,ESSARSHPNG,Essar Shipping Ltd,Active,B ,10.00,INE122M01019,Equity,,,,,
533761,GPT Infraprojects limited,GPTINFRA,GPT Infraprojects Ltd,Active,B ,10.00,INE390G01014,Equity,,,,,
533941,THOMAS SCOTT (INDIA) LIMITED,THOMASCOTT,Thomas Scott (India) Ltd,Active,B ,10.00,INE480M01011,Equity,,,,,
533982,Tera Software Ltd.,TERASOFT,Tera Software Ltd,Active,B ,10.00,INE482B01010,Equity,,,,,
534328,Hexa Tradex Limited,HEXATRADEX,Hexa Tradex Ltd,Active,B ,2.00,INE750M01017,Equity,,,,,
534369,Tribhovandas Bhimji Zaveri Limited,TBZ,Tribhovandas Bhimji Zaveri Ltd,Active,B ,10.00,INE760L01018,Equity,,,,,
534392,Vardhman Special Steels Ltd,VSSL,Vardhman Special Steels Ltd,Active,B ,10.00,INE050M01012,Equity,,,,,
534425,Speciality Restaurants Limited,SPECIALITY,Speciality Restaurants Ltd,Active,B ,10.00,INE247M01014,Equity,,,,,
534532,AURUS GEM CORPORATION LIMITED,AURUS,Aurus Gem Corporation Ltd,Active,B ,10.00,INE142K01011,Equity,,,,,
534597,RATTANINDIA ENTERPRISES LIMITED,RTNINDIA,Rattanindia Enterprises Ltd,Active,B ,2.00,INE834M01019,Equity,,,,,
534598,Sampann Utpadan India Limited,SAMPANN,Sampann Utpadan India Ltd,Active,B ,10.00,INE735M01018,Equity,,,,,
534600,JTL INDUSTRIES LIMITED,JTLIND,JTL Industries Ltd,Active,B ,1.00,INE391J01032,Equity,,,,,
534674,Ducon Infratechnologies Limited,DUCON,Ducon Infratechnologies Ltd,Active,B ,1.00,INE741L01018,Equity,,,,,
534675,PROZONE REALTY LIMITED,PROZONER,Prozone Realty Ltd,Active,B ,2.00,INE195N01013,Equity,,,,,
534680,SRG Housing Finance Limited,SRGHFL,SRG Housing Finance Ltd,Active,B ,10.00,INE559N01010,Equity,,,,,
534742,ZUARI AGRO CHEMICALS LIMITED,ZUARI,Zuari Agro Chemicals Ltd,Active,B ,10.00,INE840M01016,Equity,,,,,
534748,Steel Exchange India Ltd.,STEELXIND,Steel Exchange India Ltd,Active,B ,1.00,INE503B01021,Equity,,,,,
535136,NIBE LIMITED,NIBE,NIBE Ltd,Active,B ,10.00,INE149O01018,Equity,,,,,
535322,Repco Home Finance Limited,REPCOHOME,Repco Home Finance Ltd,Active,B ,10.00,INE612J01015,Equity,,,,,
535431,GCM Securities Limited,GCMSECU,GCM Securities Ltd,Active,B ,1.00,INE168O01026,Equity,,,,,
535458,NRB INDUSTRIAL BEARINGS LIMITED,NIBL,NRB Industrial Bearings Ltd,Active,B ,2.00,INE047O01014,Equity,,,,,
535601,Sreeleathers Limited,SREEL,Sreeleathers Ltd,Active,B ,10.00,INE099F01013,Equity,,,,,
535602,Sharda Motor Industries Ltd,SHARDAMOTR,Sharda Motor Industries Ltd,Active,B ,2.00,INE597I01028,Equity,,,,,
535754,ORIENT CEMENT LIMITED,ORIENTCEM,Orient Cement Ltd,Active,B ,1.00,INE876N01018,Equity,,,,,
535910,Money Masters Leasing & Finance Limited,MMLF,Money Masters Leasing & Finance Ltd,Active,B ,1.00,INE340O01021,Equity,,,,,
535916,Alacrity Securities Limited,ALSL,Alacrity Securities Ltd,Active,B ,10.00,INE030P01017,Equity,,,,,
536773,JINDAL POLY INVESTMENT AND FINANCE COMPANY LIMITED,JPOLYINVST,Jindal Poly Investment and Finance Company Ltd,Active,B ,10.00,INE147P01019,Equity,,,,,
536960,Motilal Oswal Mutual Fund,MOM100,Motilal Oswal Nifty Midcap 100 ETF,Active,B ,10.00,INF247L01023,Equity,,,,,
536974,CAPTAIN POLYPLAST LIMITED,CPL,Captain Polyplast Ltd,Active,B ,2.00,INE536P01021,Equity,,,,,
537007,ICICI Prudential Mutual Fund,NIFTYIETF,ICICI Prudential Nifty 50 ETF,Active,B ,10.00,INF109K012R6,Equity,,,,,
537008,ICICI Prudential Mutual Fund,NIF100IETF,ICICI Prudential Nifty 100 ETF,Active,B ,1.00,INF109KC16V9,Equity,,,,,
537259,Suyog Telematics Limited,SUYOG,Suyog Telematics Ltd,Active,B ,10.00,INE442P01014,Equity,,,,,
537291,Nath Biogene India Ltd.,NATHBIOGEN,Nath Bio-Genes (India) Ltd,Active,B ,10.00,INE448G01010,Equity,,,,,
537483,Nippon India Mutual Fund,NIF100BEES,NIPPON INDIA ETF NIFTY 100,Active,B ,10.00,INF204K014N5,Equity,,,,,
537708,Kotak Mahindra Mutual Fund,NIFTY1,Kotak Nifty 50 ETF,Active,B ,1.00,INF174K014P6,Equity,,,,,
537750,Kiran Vyapar Limited,KIRANVYPAR,Kiran Vyapar Ltd,Active,B ,10.00,INE555P01013,Equity,,,,,
537785,RACE ECO CHAIN LIMITED,RACE,Race Eco Chain Ltd,Active,B ,10.00,INE084Q01012,Equity,,,,,
538119,R&B Denims Limited,RNBDENIMS,R&B Denims Ltd,Active,B ,1.00,INE012Q01039,Equity,,,,,
538268,Wonderla Holidays Limited,WONDERLA,Wonderla Holidays Ltd,Active,B ,10.00,INE066O01014,Equity,,,,,
538365,INCREDIBLE INDUSTRIES LIMITED,INCREDIBLE,Incredible Industries Ltd,Active,B ,10.00,INE452L01012,Equity,,,,,
538446,MONEYBOXX FINANCE LIMITED,MONEYBOXX,Moneyboxx Finance Ltd,Active,B ,10.00,INE296Q01012,Equity,,,,,
538546,Bansal Roofing Products Limited,BRPL,Bansal Roofing Products Ltd,Active,B ,10.00,INE319Q01012,Equity,,,,,
538562,Skipper Limited,SKIPPER,Skipper Ltd,Active,B ,1.00,INE439E01022,Equity,,,,,
538567,Gulf Oil Lubricants India Limited,GULFOILLUB,Gulf Oil Lubricants India Ltd,Active,B ,2.00,INE635Q01029,Equity,,,,,
538598,Vishal Fabrics Limited,VISHAL,Vishal Fabrics Ltd,Active,B ,5.00,INE755Q01025,Equity,,,,,
538635,SNOWMAN LOGISTICS LIMITED,SNOWMAN,Snowman Logistics Ltd,Active,B ,10.00,INE734N01019,Equity,,,,,
538668,Meghna Infracon Infrastructure Limited,MIIL,Meghna Infracon Infrastructure Ltd,Active,B ,10.00,INE898Q01015,Equity,,,,,
538716,Aryaman Capital Markets Limited,ARYACAPM,Aryaman Capital Markets Ltd,Active,B ,10.00,INE229R01011,Equity,,,,,
538730,PDS LIMITED,PDSL,PDS Ltd,Active,B ,2.00,INE111Q01021,Equity,,,,,
538734,CEINSYS TECH LIMITED,CEINSYS,Ceinsys Tech Ltd,Active,B ,10.00,INE016Q01014,Equity,,,,,
538795,Shree Ajit Pulp And Paper Ltd,SAPPL,Shree Ajit Pulp And Paper Ltd,Active,B ,10.00,INE185C01017,Equity,,,,,
538817,Captain Pipes Limited,CAPPIPES,Captain Pipes Ltd,Active,B ,1.00,INE513R01026,Equity,,,,,
538836,Monte Carlo Fashions Limited,MONTECARLO,Monte Carlo Fashions Ltd,Active,B ,10.00,INE950M01013,Equity,,,,,
538891,MAGELLANIC CLOUD LIMITED,MCLOUD,Magellanic Cloud Ltd,Active,B ,2.00,INE613C01026,Equity,,,,,
538902,Dhunseri Tea & Industries Ltd,DTIL,Dhunseri Tea & Industries Ltd,Active,B ,10.00,INE341R01014,Equity,,,,,
538920,VINTAGE COFFEE AND BEVERAGES LIMITED,VINCOFE,Vintage Coffee And Beverages Ltd,Active,B ,10.00,INE498Q01014,Equity,,,,,
538942,Mercantile Ventures Limited,MERCANTILE,Mercantile Ventures Ltd,Active,B ,10.00,INE689O01013,Equity,,,,,
538943,Sonal Mercantile Limited,SONAL,Sonal Mercantile Ltd,Active,B ,10.00,INE321M01017,Equity,,,,,
538961,GENUS PAPER & BOARDS LIMITED,GENUSPAPER,Genus Paper & Boards Ltd,Active,B ,1.00,INE949P01018,Equity,,,,,
538979,Greenlam Industries Ltd,GREENLAM,Greenlam Industries Ltd,Active,B ,1.00,INE544R01021,Equity,,,,,
539018,Beekay Steel Industries Ltd.,BEEKAY,Beekay Steel Industries Ltd,Active,B ,10.00,INE213D01015,Equity,,,,,
539042,AGI Infra Limited,AGIIL,AGI Infra Ltd,Active,B ,1.00,INE976R01033,Equity,,,,,
539044,Manaksia Steels Limited,MANAKSTEEL,Manaksia Steels Ltd,Active,B ,1.00,INE824Q01011,Equity,,,,,
539045,Manaksia Aluminium Company Ltd,MANAKALUCO,Manaksia Aluminium Company Ltd,Active,B ,1.00,INE859Q01017,Equity,,,,,
539046,Manaksia Coated Metals & Industries Ltd,MANAKCOAT,Manaksia Coated Metals & Industries Ltd,Active,B ,1.00,INE830Q01018,Equity,,,,,
539056,IMAGICAAWORLD ENTERTAINMENT LIMITED,IMAGICAA,Imagicaaworld Entertainment Ltd,Active,B ,10.00,INE172N01012,Equity,,,,,
539097,UR SUGAR INDUSTRIES LIMITED,URSUGAR,UR Sugar Industries Ltd,Active,B ,2.00,INE904R01027,Equity,,,,,
539113,Paul Merchants Ltd.,PML,Paul Merchants Ltd,Active,B ,10.00,INE291E01019,Equity,,,,,
539118,VRL Logistics Limited,VRLLOG,VRL Logistics Ltd,Active,B ,10.00,INE366I01010,Equity,,,,,
539141,UFO Moviez India Limited,UFO,UFO Moviez India Ltd,Active,B ,10.00,INE527H01019,Equity,,,,,
539151,Arfin India Limited,ARFIN,Arfin India Ltd,Active,B ,1.00,INE784R01023,Equity,,,,,
539199,SG FINSERVE LIMITED,SGFIN,SG Finserve Ltd,Active,B ,10.00,INE618R01015,Equity,,,,,
539201,SATIA INDUSTRIES LIMITED,SATIA,Satia Industries Ltd,Active,B ,1.00,INE170E01023,Equity,,,,,
539221,Sportking India Ltd.,SPORTKING,Sportking India Ltd,Active,B ,1.00,INE885H01029,Equity,,,,,
539222,GROWINGTON VENTURES INDIA LIMITED,GROWINGTON,Growington Ventures India Ltd,Active,B ,1.00,INE451S01027,Equity,,,,,
539226,RUDRA GLOBAL INFRA PRODUCTS LIMITED,RUDRA,Rudra Global Infra Products Ltd,Active,B ,5.00,INE027T01023,Equity,,,,,
539251,Balkrishna Paper Mills Ltd,BALKRISHNA,Balkrishna Paper Mills Ltd,Active,B ,10.00,INE875R01011,Equity,,,,,
539276,Kaya Limited,KAYA,Kaya Ltd,Active,B ,10.00,INE587G01015,Equity,,,,,
539289,AURUM PROPTECH LIMITED,AURUM,Aurum PropTech Ltd,Active,B ,5.00,INE898S01029,Equity,,,,,
539290,Oswal Greentech Limited,OSWALGREEN,Oswal Greentech Ltd,Active,B ,10.00,INE143A01010,Equity,,,,,
539301,Arvind SmartSpaces Limited,ARVSMART,Arvind SmartSpaces Ltd,Active,B ,10.00,INE034S01021,Equity,,,,,
539313,UTI Mutual Fund,NIFTYBETA,UTI NIFTY 50 ETF,Active,B ,1.00,INF789F1AZC0,Equity,,,,,
539314,Universal Autofoundry Limited,UNIAUTO,Universal Autofoundry Ltd,Active,B ,10.00,INE203T01012,Equity,,,,,
539332,Navkar Corporation Limited,NAVKARCORP,Navkar Corporation Ltd,Active,B ,10.00,INE278M01019,Equity,,,,,
539334,Shree Pushkar Chemicals & Fertilisers Limited,SHREEPUSHK,Shree Pushkar Chemicals & Fertilisers Ltd,Active,B ,10.00,INE712K01011,Equity,,,,,
539398,Vishal Bearings Limited,VISHALBL,Vishal Bearings Ltd,Active,B ,10.00,INE060T01024,Equity,,,,,
539399,Bella Casa Fashion & Retail Limited,BELLACASA,Bella Casa Fashion & Retail Ltd,Active,B ,10.00,INE344T01014,Equity,,,,,
539400,MALLCOM (INDIA) LTD.,MALLCOM,Mallcom (India) Ltd,Active,B ,10.00,INE389C01015,Equity,,,,,
539404,SATIN CREDITCARE NETWORK LIMITED,SATIN,Satin Creditcare Network Ltd,Active,B ,10.00,INE836B01017,Equity,,,,,
539407,Generic Engineering Construction and Projects Limited,GENCON,Generic Engineering Construction and Projects Ltd,Active,B ,5.00,INE854S01022,Equity,,,,,
539450,S H Kelkar and Company Limited,SHK,S H Kelkar and Company Ltd,Active,B ,10.00,INE500L01026,Equity,,,,,
539469,PANORAMA STUDIOS INTERNATIONAL LIMITED ,PANORAMA,Panorama Studios International Ltd,Active,B ,2.00,INE258R01028,Equity,,,,,
539480,LIC Mutual Fund,LICNETFN50,LIC MF EXCHANGE TRADED FUND- NIFTY 50,Active,B ,10.00,INF767K01OS7,Equity,,,,,
539515,Quint Digital Limited,QUINT,Quint Digital Ltd,Active,B ,10.00,INE641R01017,Equity,,,,,
539516,HDFC Mutual Fund,HDFCNIFTY,HDFC NIFTY 50 ETF,Active,B ,76.13,INF179KC1965,Equity,,,,,
539533,ELITECON INTERNATIONAL LIMITED,ELITECON,Elitecon International Ltd,Active,B ,1.00,INE669R01026,Equity,,,,,
539542,LUX Industries Limited,LUXIND,Lux Industries Ltd,Active,B ,2.00,INE150G01020,Equity,,,,,
539562,AARNAV FASHIONS LIMITED,AARNAV,Aarnav Fashions Ltd,Active,B ,10.00,INE750R01016,Equity,,,,,
539607,Blue Cloud Softech Solutions Limited,BLUECLOUDS,Blue Cloud Softech Solutions Ltd,Active,B ,1.00,INE373T01047,Equity,,,,,
539636,Precision Camshafts Limited,PRECAM,Precision Camshafts Ltd,Active,B ,10.00,INE484I01029,Equity,,,,,
539658,TeamLease Services Limited,TEAMLEASE,TeamLease Services Ltd,Active,B ,10.00,INE985S01024,Equity,,,,,
539659,VIKRAM KAMATS HOSPITALITY LIMITED,KAMATS,Vikram Kamats Hospitality Ltd,Active,B ,10.00,INE564S01019,Equity,,,,,
539660,BEST AGROLIFE LIMITED,BESTAGRO,Best Agrolife Ltd,Active,B ,1.00,INE052T01021,Equity,,,,,
539686,K.P. Energy Limited,KPEL,K.P. Energy Ltd,Active,B ,5.00,INE127T01021,Equity,,,,,
539725,Gokul Agro Resources Ltd,GOKULAGRO,Gokul Agro Resources Ltd,Active,B ,1.00,INE314T01033,Equity,,,,,
539760,Relicab Cable Manufacturing Limited,RELICAB,Relicab Cable Manufacturing Ltd,Active,B ,10.00,INE773T01014,Equity,,,,,
539784,LIC Mutual Fund,LICNFNHGP,LIC MF Exchange Traded Fund- NIFTY 100,Active,B ,10.00,INF767K01PC8,Equity,,,,,
539785,Pudumjee Paper Products Limited,PDMJEPAPER,Pudumjee Paper Products Ltd,Active,B ,1.00,INE865T01018,Equity,,,,,
539799,Bharat Wire Ropes Limited,BHARATWIRE,Bharat Wire Ropes Ltd,Active,B ,10.00,INE316L01019,Equity,,,,,
539837,RAGHAV PRODUCTIVITY ENHANCERS LIMITED,RPEL,Raghav Productivity Enhancers Ltd,Active,B ,10.00,INE912T01018,Equity,,,,,
539854,Halder Venture Limited,HALDER,Halder Venture Ltd,Active,B ,10.00,INE115S01010,Equity,,,,,
539872,Bajaj Healthcare Limited,BAJAJHCARE,Bajaj Healthcare Ltd,Active,B ,5.00,INE411U01027,Equity,,,,,
539875,RSD Finance Limited,RSDFIN,RSD Finance Ltd,Active,B ,5.00,INE616F01022,Equity,,,,,
539883,Pilani Investment And Industries Corporation Limited,PILANIINVS,Pilani Investment and Industries Corporation Ltd,Active,B ,10.00,INE417C01014,Equity,,,,,
539894,Madhav Infra Projects Limited,MADHAVIPL,Madhav Infra Projects Ltd,Active,B ,1.00,INE631R01026,Equity,,,,,
539895,SPICE LOUNGE FOOD WORKS LIMITED,SPICELOUNG,Spice Lounge Food Works Ltd,Active,B ,1.00,INE631E01024,Equity,,,,,
539921,Shanti Educational Initiatives Limited,SEIL,Shanti Educational Initiatives Ltd,Active,B ,1.00,INE440T01028,Equity,,,,,
539945,ICICI Prudential Mutual Fund,NV20IETF,ICICI Prudential Nifty50 Value 20 ETF,Active,B ,1.00,INF109KC11V0,Equity,,,,,
539956,TAAL TECH LIMITED,TAALTECH,TAAL Tech Ltd,Active,B ,10.00,INE524T01011,Equity,,,,,
539978,Quess Corp Limited,QUESS,Quess Corp Ltd,Active,B ,10.00,INE615P01015,Equity,,,,,
539979,DIGJAM LIMITED,DIGJAMLMTD,Digjam Ltd,Active,B ,10.00,INE731U01028,Equity,,,,,
539980,ICICI Prudential Mutual Fund,MIDSELIETF,ICICI Prudential BSE Midcap Select ETF,Active,B ,1.00,INF109KC10W0,Equity,,,,,
539986,Commercial Syn Bags Limited,COMSYN,Commercial Syn Bags Ltd,Active,B ,10.00,INE073V01015,Equity,,,,,
539997,Kwality Pharmaceuticals Limited,KPL,Kwality Pharmaceuticals Ltd,Active,B ,10.00,INE552U01010,Equity,,,,,
540025,Advanced Enzyme Technologies Limited,ADVENZYMES,Advanced Enzyme Technologies Ltd,Active,B ,2.00,INE837H01020,Equity,,,,,
540048,S.P. Apparels Limited,SPAL,S.P. Apparels Ltd,Active,B ,10.00,INE212I01016,Equity,,,,,
540061,Bigbloc Construction Limited,BIGBLOC,Bigbloc Construction Ltd,Active,B ,2.00,INE412U01025,Equity,,,,,
540079,Sprayking Limited,SPRAYKING,Sprayking Ltd,Active,B ,1.00,INE537U01037,Equity,,,,,
540081,Sab Events & Governance Now Media Limited,SABEVENTS,SAB Events & Governance Now Media Ltd,Active,B ,10.00,INE860T01019,Equity,,,,,
540083,TV VISION LIMITED,TVVISION,TV Vision Ltd,Active,B ,10.00,INE871L01013,Equity,,,,,
540124,G N A Axles Limited,GNA,G N A Axles Ltd,Active,B ,10.00,INE934S01014,Equity,,,,,
540125,Radhika Jeweltech Limited,RADHIKAJWE,Radhika Jeweltech Ltd,Active,B ,2.00,INE583V01021,Equity,,,,,
540136,HPL Electric & Power Limited,HPL,HPL Electric & Power Ltd,Active,B ,10.00,INE495S01016,Equity,,,,,
540210,Heads UP Ventures Limited,HEADSUP,Heads UP Ventures Ltd,Active,B ,10.00,INE759V01019,Equity,,,,,
540212,TCI Express Limited,TCIEXP,TCI Express Ltd,Active,B ,2.00,INE586V01016,Equity,,,,,
540252,Viram Suvarn Limited,VSL,Viram Suvarn Ltd,Active,B ,2.00,INE607V01028,Equity,,,,,
540268,TruCap Finance Limited,TRU,TruCap Finance Ltd,Active,B ,2.00,INE615R01029,Equity,,,,,
540311,JITF INFRALOGISTICS LIMITED,JITFINFRA,JITF Infralogistics Ltd,Active,B ,2.00,INE863T01013,Equity,,,,,
540358,RMC SWITCHGEARS LIMITED,RMC,RMC Switchgears Ltd,Active,B ,10.00,INE655V01019,Equity,,,,,
540366,Music Broadcast Limited,RADIOCITY,Music Broadcast Ltd,Active,B ,2.00,INE919I01024,Equity,,,,,
540377,IFL ENTERPRISES LIMITED,IFL,IFL Enterprises Ltd,Active,B ,1.00,INE714U01024,Equity,,,,,
540393,Sarthak Metals Limited,SMLT,Sarthak Metals Ltd,Active,B ,10.00,INE017W01010,Equity,,,,,
540395,Chemcrux Enterprises Limited,CHEMCRUX,Chemcrux Enterprises Ltd,Active,B ,10.00,INE298W01016,Equity,,,,,
540396,Manomay Tex India Limited,MANOMAY,Manomay Tex India Ltd,Active,B ,10.00,INE784W01015,Equity,,,,,
540404,PRIME FRESH LIMITED,PRIMEFRESH,Prime Fresh Ltd,Active,B ,10.00,INE442V01012,Equity,,,,,
540425,Shankara Building Products Limited,SHANKARA,Shankara Building Products Ltd,Active,B ,10.00,INE274V01019,Equity,,,,,
540455,Escorp Asset Management Limited,ESCORP,Escorp Asset Management Ltd,Active,B ,10.00,INE953W01016,Equity,,,,,
540492,STARLINEPS ENTERPRISES LIMITED,STARLENT,Starlineps Enterprises Ltd,Active,B ,1.00,INE594W01042,Equity,,,,,
540497,S Chand And Company Limited,SCHAND,S Chand and Company Ltd,Active,B ,5.00,INE807K01035,Equity,,,,,
540544,PSP Projects Limited,PSPPROJECT,PSP Projects Ltd,Active,B ,10.00,INE488V01015,Equity,,,,,
540575,Star Cement Limited,STARCEMENT,Star Cement Ltd,Active,B ,1.00,INE460H01021,Equity,,,,,
540602,GTPL Hathway Limited,GTPL,GTPL Hathway Ltd,Active,B ,10.00,INE869I01013,Equity,,,,,
540612,ICICI Prudential Mutual Fund,LOWVOLIETF,ICICI Prudential Nifty 100 Low Volatility 30 ETF,Active,B ,1.00,INF109KC19U5,Equity,,,,,
540642,Salasar Techno Engineering Limited,SALASAR,Salasar Techno Engineering Ltd,Active,B ,1.00,INE170V01027,Equity,,,,,
540647,Ganges Securities Ltd.,GANGESSECU,Ganges Securities Ltd,Active,B ,10.00,INE335W01016,Equity,,,,,
540648,Palash Securities Limited,PALASHSECU,Palash Securities Ltd,Active,B ,10.00,INE471W01019,Equity,,,,,
540649,AVADH SUGAR & ENERGY LIMITED,AVADHSUGAR,Avadh Sugar & Energy Ltd,Active,B ,10.00,INE349W01017,Equity,,,,,
540650,Magadh Sugar & Energy Limited,MAGADSUGAR,Magadh Sugar & Energy Ltd,Active,B ,10.00,INE347W01011,Equity,,,,,
540669,UTI Mutual Fund,NEXT50BETA,UTI Nifty Next 50 ETF,Active,B ,1.00,INF789F1AUW9,Equity,,,,,
540673,SIS LIMITED,SIS,SIS Ltd,Active,B ,5.00,INE285J01028,Equity,,,,,
540679,HALEOS LABS LIMITED,HALEOSLABS,Haleos Labs Ltd,Active,B ,10.00,INE320X01016,Equity,,,,,
540680,KIOCL Limited,KIOCL,KIOCL Ltd,Active,B ,10.00,INE880L01014,Equity,,,,,
540692,Apex Frozen Foods Limited,APEX,Apex Frozen Foods Ltd,Active,B ,10.00,INE346W01013,Equity,,,,,
540700,Bharat Road Network Limited,BRNL,Bharat Road Network Ltd,Active,B ,10.00,INE727S01012,Equity,,,,,
540701,Dishman Carbogen Amcis Limited,DCAL,Dishman Carbogen Amcis Ltd,Active,B ,2.00,INE385W01011,Equity,,,,,
540702,Lasa Supergenerics Limited,LASA,Lasa Supergenerics Ltd,Active,B ,10.00,INE670X01014,Equity,,,,,
540704,Matrimony.com Limited,MATRIMONY,Matrimony.com Ltd,Active,B ,5.00,INE866R01028,Equity,,,,,
540710,Capacite Infraprojects Limited,CAPACITE,Capacite Infraprojects Ltd,Active,B ,10.00,INE264T01014,Equity,,,,,
540724,Prataap Snacks Limited,DIAMONDYD,Prataap Snacks Ltd,Active,B ,5.00,INE393P01035,Equity,,,,,
540725,Share India Securities Limited,SHAREINDIA,Share India Securities Ltd,Active,B ,2.00,INE932X01026,Equity,,,,,
540727,Poojawestern Metaliks Limited,POOJA,Poojawestern Metaliks Ltd,Active,B ,10.00,INE973X01012,Equity,,,,,
540735,IRIS RegTech Solutions Limited,IRIS,IRIS RegTech Solutions Ltd,Active,B ,10.00,INE864K01010,Equity,,,,,
540738,Shreeji Translogistics Limited,STL,Shreeji Translogistics Ltd,Active,B ,2.00,INE402Y01028,Equity,,,,,
540749,MAS Financial Services Limited,MASFIN,MAS Financial Services Ltd,Active,B ,10.00,INE348L01012,Equity,,,,,
540757,SHEETAL COOL PRODUCTS LIMITED,SCPL,Sheetal Cool Products Ltd,Active,B ,10.00,INE501Y01019,Equity,,,,,
540768,Mahindra Logistics Limited,MAHLOG,Mahindra Logistics Ltd,Active,B ,10.00,INE766P01016,Equity,,,,,
540774,IFGL Refractories Limited,IFGLEXPOR,IFGL Refractories Ltd,Active,B ,10.00,INE133Y01011,Equity,,,,,
540776,5paisa Capital Limited,5PAISA,5paisa Capital Ltd,Active,B ,10.00,INE618L01018,Equity,,,,,
540789,Diligent Media Corporation Limited,DNAMEDIA,Diligent Media Corporation Ltd,Active,B ,1.00,INE016M01021,Equity,,,,,
540795,Dynamic Cables Limited,DYCL,Dynamic Cables Ltd,Active,B ,10.00,INE600Y01019,Equity,,,,,
540796,Ratnabhumi Developers Limited,RATNABHUMI,Ratnabhumi Developers Ltd,Active,B ,10.00,INE821Y01011,Equity,,,,,
540797,Shalby Limited,SHALBY,Shalby Ltd,Active,B ,10.00,INE597J01018,Equity,,,,,
540809,MRC AGROTECH LIMITED,MRCAGRO,MRC Agrotech Ltd,Active,B ,10.00,INE333Y01017,Equity,,,,,
540923,Ashoka Metcast Limited,ASHOKAMET,Ashoka Metcast Ltd,Active,B ,10.00,INE760Y01011,Equity,,,,,
540935,Galaxy Surfactants Limited,GALAXYSURF,Galaxy Surfactants Ltd,Active,B ,10.00,INE600K01018,Equity,,,,,
540937,MEDICO REMEDIES LIMITED,MEDICO,Medico Remedies Ltd,Active,B ,2.00,INE630Y01024,Equity,,,,,
540952,LORENZINI APPARELS LIMITED,LAL,Lorenzini Apparels Ltd,Active,B ,1.00,INE740X01023,Equity,,,,,
540953,Kenvi Jewels Limited,KENVI,Kenvi Jewels Ltd,Active,B ,1.00,INE923Y01023,Equity,,,,,
540954,The Indian Wood Products Co. Ltd.,IWP,The Indian Wood Products Company Ltd,Active,B ,2.00,INE586E01020,Equity,,,,,
541019,H.G. Infra Engineering Limited,HGINFRA,H.G. Infra Engineering Ltd,Active,B ,10.00,INE926X01010,Equity,,,,,
541144,Active Clothing Co  Limited,ACTIVE,Active Clothing Co Ltd,Active,B ,10.00,INE380Z01015,Equity,,,,,
541152,GOYAL ALUMINIUMS LIMITED,GOYALALUM,Goyal Aluminiums Ltd,Active,B ,1.00,INE705X01026,Equity,,,,,
541163,Sandhar Technologies Limited,SANDHAR,Sandhar Technologies Ltd,Active,B ,10.00,INE278H01035,Equity,,,,,
541167,YASHO INDUSTRIES LIMITED,YASHO,Yasho Industries Ltd,Active,B ,10.00,INE616Z01012,Equity,,,,,
541206,OBCL Limited,OBCL,OBCL Ltd,Active,B ,10.00,INE426Z01016,Equity,,,,,
541228,Taylormade Renewables Limited,TRL,Taylormade Renewables Ltd,Active,B ,10.00,INE459Z01017,Equity,,,,,
541276,HARDWYN INDIA LIMITED,HARDWYN,Hardwyn India Ltd,Active,B ,1.00,INE626Z01029,Equity,,,,,
541301,Orient Electric Limited,ORIENTELEC,Orient Electric Ltd,Active,B ,1.00,INE142Z01019,Equity,,,,,
541303,Akshar Spintex Limited,AKSHAR,Akshar Spintex Ltd,Active,B ,1.00,INE256Z01025,Equity,,,,,
541304,Indo US Bio-Tech Limited,INDOUS,Indo Us Bio-Tech Ltd,Active,B ,10.00,INE250Z01010,Equity,,,,,
541336,IndoStar Capital Finance Limited,INDOSTAR,Indostar Capital Finance Ltd,Active,B ,10.00,INE896L01010,Equity,,,,,
541338,U. H. ZAVERI LIMITED,UHZAVERI,U. H. Zaveri Ltd,Active,B ,10.00,INE556Z01010,Equity,,,,,
541352,Megastar Foods Limited,MEGASTAR,Megastar Foods Ltd,Active,B ,10.00,INE00EM01016,Equity,,,,,
541403,Dollar Industries Limited,DOLLAR,Dollar Industries Ltd,Active,B ,2.00,INE325C01035,Equity,,,,,
541540,SOLARA ACTIVE PHARMA SCIENCES LIMITED,SOLARA,Solara Active Pharma Sciences Ltd,Active,B ,10.00,INE624Z01016,Equity,,,,,
541546,GAYATRI HIGHWAYS LTD,GAYAHWS,Gayatri Highways Ltd,Active,B ,2.00,INE287Z01012,Equity,,,,,
541601,Rajnish Wellness Limited,RAJNISH,Rajnish Wellness Ltd,Active,B ,1.00,INE685Z01033,Equity,,,,,
541634,Raw Edge Industrial Solutions Limited,RAWEDGE,Raw Edge Industrial Solutions Ltd,Active,B ,10.00,INE960Z01014,Equity,,,,,
541809,ICICI Prudential Mutual Fund,NEXT50IETF,ICICI Prudential Nifty Next 50 ETF,Active,B ,1.00,INF109KC1NS5,Equity,,,,,
541929,Synergy Green Industries Limited,SGIL,Synergy Green Industries Ltd,Active,B ,10.00,INE00QT01015,Equity,,,,,
542012,A-1 LIMITED,A1L,A-1 Ltd,Active,B ,1.00,INE911Z01025,Equity,,,,,
542013,Dolfin Rubbers Limited,DOLFIN,Dolfin Rubbers Ltd,Active,B ,10.00,INE666Y01010,Equity,,,,,
542020,AKI India Limited,AKI,AKI India Ltd,Active,B ,2.00,INE642Z01026,Equity,,,,,
542034,S. M. Gold Limited,SMGOLD,S. M. Gold Ltd,Active,B ,10.00,INE00Q901014,Equity,,,,,
542046,VIVID MERCANTILE LIMITED,VIVIDM,Vivid Mercantile Ltd,Active,B ,1.00,INE647Z01025,Equity,,,,,
542057,BCPL Railway Infrastructure Limited,BCPL,BCPL Railway Infrastructure Ltd,Active,B ,10.00,INE00SW01015,Equity,,,,,
542131,Mirae Asset Mutual Fund,NIFTYETF,MIRAE ASSET NIFTY 50 ETF (MAN50ETF),Active,B ,100.00,INF769K01EG9,Equity,,,,,
542230,Aditya Birla Sun Life Mutual Fund,ABSLNN50ET,Aditya Birla Sun Life Nifty Next 50 ETF,Active,B ,1.00,INF209KB16D7,Equity,,,,,
542231,Nila Spaces Ltd,NILASPACES,Nila Spaces Ltd,Active,B ,1.00,INE00S901012,Equity,,,,,
542232,Shankar Lal Rampal Dye-Chem Limited,SRD,Shankar Lal Rampal Dye-Chem Ltd,Active,B ,10.00,INE01NE01012,Equity,,,,,
542233,Trejhara Solutions Limited,TREJHARA,Trejhara Solutions Ltd,Active,B ,10.00,INE00CA01015,Equity,,,,,
542285,Axita Cotton Limited,AXITA,Axita Cotton Ltd,Active,B ,1.00,INE02EZ01022,Equity,,,,,
542333,RPSG VENTURES LIMITED,RPSGVENT,RPSG Ventures Ltd,Active,B ,10.00,INE425Y01011,Equity,,,,,
542337,Spencer's Retail Limited,SPENCERS,Spencers Retail Ltd,Active,B ,5.00,INE020801028,Equity,,,,,
542351,Gloster Ltd,GLOSTERLTD,Gloster Ltd,Active,B ,10.00,INE350Z01018,Equity,,,,,
542367,Xelpmoc Design and Tech Limited,XELPMOC,Xelpmoc Design and Tech Ltd,Active,B ,10.00,INE01P501012,Equity,,,,,
542383,Ritco Logistics Limited,RITCO,Ritco Logistics Ltd,Active,B ,10.00,INE01EG01016,Equity,,,,,
542437,Anmol India Limited,ANMOL,Anmol India Ltd,Active,B ,10.00,INE02AR01019,Equity,,,,,
542459,Kranti Industries Limited,KRANTI,Kranti Industries Ltd,Active,B ,10.00,INE911T01010,Equity,,,,,
542460,The Anup Engineering Ltd,ANUP,The Anup Engineering Ltd,Active,B ,10.00,INE294Z01018,Equity,,,,,
542579,Ashapuri Gold Ornament Limited,AGOL,Ashapuri Gold Ornament Ltd,Active,B ,1.00,INE05FR01029,Equity,,,,,
542597,MSTC Limited,MSTCLTD,MSTC Ltd,Active,B ,10.00,INE255X01014,Equity,,,,,
542628,Northern Spirits Limited,NSL,Northern Spirits Ltd,Active,B ,10.00,INE01BL01012,Equity,,,,,
542654,V R FILMS & STUDIOS LIMITED,VRFILMS,V R Films & Studios Ltd,Active,B ,10.00,INE06LG01010,Equity,,,,,
542655,VIKAS LIFECARE LIMITED,VIKASLIFE,Vikas Lifecare Ltd,Active,B ,1.00,INE161L01027,Equity,,,,,
542665,Neogen Chemicals Limited,NEOGEN,Neogen Chemicals Ltd,Active,B ,10.00,INE136S01016,Equity,,,,,
542666,G. K. P. Printing & Packaging Limited,GKP,G. K. P. Printing & Packaging Ltd,Active,B ,10.00,INE05QJ01015,Equity,,,,,
542670,Artemis Electricals and Projects Limited,AEPL,Artemis Electricals and Projects Ltd,Active,B ,1.00,INE757T01025,Equity,,,,,
542685,Digicontent Limited,DGCONTENT,Digicontent Ltd,Active,B ,2.00,INE03JI01017,Equity,,,,,
542694,Parshva Enterprises Limited,PARSHVA,Parshva Enterprises Ltd,Active,B ,10.00,INE05MV01019,Equity,,,,,
542721,Anand Rayons Limited,ARL,Anand Rayons Ltd,Active,B ,10.00,INE02GA01012,Equity,,,,,
542725,SBC EXPORTS LIMITED,SBC,SBC Exports Ltd,Active,B ,1.00,INE04AK01028,Equity,,,,,
542730,ICICI Prudential Mutual Fund,BANKIETF,ICICI Prudential Nifty Bank ETF,Active,B ,1.00,INF109KC15I8,Equity,,,,,
542758,ICICI Prudential Mutual Fund,PVTBANIETF,ICICI Prudential Nifty Private Bank ETF,Active,B ,1.00,INF109KC18U7,Equity,,,,,
542759,Spandana Sphoorty Financial Limited,SPANDANA,Spandana Sphoorty Financial Ltd,Active,B ,10.00,INE572J01011,Equity,,,,,
542760,STERLING AND WILSON RENEWABLE ENERGY LIMITED,SWSOLAR,Sterling and Wilson Renewable Energy Ltd,Active,B ,1.00,INE00M201021,Equity,,,,,
542770,Alphalogic Techsys Limited,ALPHALOGIC,Alphalogic Techsys Ltd,Active,B ,5.00,INE08E401029,Equity,,,,,
542774,MUFIN GREEN FINANCE LIMITED,MUFIN,Mufin Green Finance Ltd,Active,B ,1.00,INE08KJ01020,Equity,,,,,
542802,Galactico Corporate Services Limited,GALACTICO,Galactico Corporate Services Ltd,Active,B ,1.00,INE906Y01028,Equity,,,,,
542852,Vishwaraj Sugar Industries Limited,VISHWARAJ,Vishwaraj Sugar Industries Ltd,Active,B ,2.00,INE430N01022,Equity,,,,,
542857,Greenpanel Industries Limited,GREENPANEL,Greenpanel Industries Ltd,Active,B ,1.00,INE08ZM01014,Equity,,,,,
542863,Aditya Birla Sun Life Mutual Fund,ABSLBANETF,Aditya Birla Sun Life Nifty Bank ETF,Active,B ,1.00,INF209KB17D5,Equity,,,,,
542865,Anuroop Packaging Limited,ANUROOP,Anuroop Packaging Ltd,Active,B ,10.00,INE490Z01012,Equity,,,,,
542905,Hindware Home Innovation Limited,HINDWAREAP,Hindware Home Innovation Ltd,Active,B ,2.00,INE05AN01011,Equity,,,,,
542907,Prince Pipes and Fittings Limited,PRINCEPIPE,Prince Pipes and Fittings Ltd,Active,B ,10.00,INE689W01016,Equity,,,,,
542919,Artemis Medicare Services Limited,ARTEMISMED,Artemis Medicare Services Ltd,Active,B ,1.00,INE025R01021,Equity,,,,,
542921,ICICI Prudential Mutual Fund,MIDCAPIETF,ICICI Prudential Nifty Midcap 150 ETF,Active,B ,1.00,INF109KC11W8,Equity,,,,,
542922,Mirae Asset Mutual Fund,NEXT50,Mirae Asset Nifty Next 50 ETF (MANXT50ETF),Active,B ,275.00,INF769K01FN2,Equity,,,,,
543144,Nippon India Mutual Fund,08MPD,NIPPON INDIA EQUITY SAVINGS FUND -  SEGREGATED PORTFOLIO 2 - MONTHLY DIVIDEND PLAN(Issue Price: 0.01),Active,B ,10.00,INF204KB11T5,Equity,,,,,
543145,Nippon India Mutual Fund,08ADR,NIPPON INDIA EQUITY SAVINGS FUND -  SEGREGATED PORTFOLIO 2 - DIRECT DIVIDEND PLAN(Issue Price: 0.01),Active,B ,10.00,INF204KB12S5,Equity,,,,,
543146,Nippon India Mutual Fund,08MPR,NIPPON INDIA EQUITY SAVINGS FUND -  SEGREGATED PORTFOLIO 2 - MONTHLY DIVIDEND PLAN(Issue Price: 0.01),Active,B ,10.00,INF204KB12T3,Equity,,,,,
543147,Nippon India Mutual Fund,08AMD,NIPPON INDIA EQUITY SAVINGS FUND -  SEGREGATED PORTFOLIO 2 - DIRECT MONTHLY DIVIDEND PLAN(Issue Price: 0.01),Active,B ,10.00,INF204KB13S3,Equity,,,,,
543148,Nippon India Mutual Fund,08AMR,NIPPON INDIA EQUITY SAVINGS FUND -  SEGREGATED PORTFOLIO 2 - DIRECT MONTHLY DIVIDEND PLAN(Issue Price: 0.01),Active,B ,10.00,INF204KB14S1,Equity,,,,,
543149,Nippon India Mutual Fund,08BPB,NIPPON INDIA EQUITY SAVINGS FUND -  SEGREGATED PORTFOLIO 2 - BONUS PLAN(Issue Price: 0.01),Active,B ,10.00,INF204KB15S8,Equity,,,,,
543150,Nippon India Mutual Fund,08GPG,NIPPON INDIA EQUITY SAVINGS FUND -  SEGREGATED PORTFOLIO 2 - GROWTH PLAN(Issue Price: 0.01),Active,B ,10.00,INF204KB16S6,Equity,,,,,
543151,Nippon India Mutual Fund,08ABB,NIPPON INDIA EQUITY SAVINGS FUND -  SEGREGATED PORTFOLIO 2 - DIRECT BONUS PLAN(Issue Price: 0.01),Active,B ,10.00,INF204KB17R6,Equity,,,,,
543152,Nippon India Mutual Fund,08QPD,NIPPON INDIA EQUITY SAVINGS FUND -  SEGREGATED PORTFOLIO 2 - QUARTERLY DIVIDEND PLAN(Issue Price: 0.01),Active,B ,10.00,INF204KB17S4,Equity,,,,,
543153,Nippon India Mutual Fund,08AGG,NIPPON INDIA EQUITY SAVINGS FUND -  SEGREGATED PORTFOLIO 2 - DIRECT GROWTH PLAN(Issue Price: 0.01),Active,B ,10.00,INF204KB18R4,Equity,,,,,
543154,Nippon India Mutual Fund,08QPR,NIPPON INDIA EQUITY SAVINGS FUND -  SEGREGATED PORTFOLIO 2 - QUARTERLY DIVIDEND PLAN(Issue Price: 0.01),Active,B ,10.00,INF204KB18S2,Equity,,,,,
543155,Nippon India Mutual Fund,08AQD,NIPPON INDIA EQUITY SAVINGS FUND -  SEGREGATED PORTFOLIO 2 - DIRECT QUARTERLY DIVIDEND PLAN(Issue Price: 0.01),Active,B ,10.00,INF204KB19R2,Equity,,,,,
543156,Nippon India Mutual Fund,08DPD,NIPPON INDIA EQUITY SAVINGS FUND -  SEGREGATED PORTFOLIO 2 - DIVIDEND PLAN(Issue Price: 0.01),Active,B ,10.00,INF204KB19S0,Equity,,,,,
543168,Nippon India Mutual Fund,08AQR,NIPPON INDIA EQUITY SAVINGS FUND -  SEGREGATED PORTFOLIO 2 - DIRECT QUARTERLY DIVIDEND PLAN(Issue Price: 0.01),Active,B ,10.00,INF204KB10S9,Equity,,,,,
543169,Nippon India Mutual Fund,08DPR,NIPPON INDIA EQUITY SAVINGS FUND -  SEGREGATED PORTFOLIO 2 - DIVIDEND PLAN(Issue Price: 0.01),Active,B ,10.00,INF204KB10T7,Equity,,,,,
543170,Nippon India Mutual Fund,08ADD,NIPPON INDIA EQUITY SAVINGS FUND -  SEGREGATED PORTFOLIO 2 - DIRECT DIVIDEND PLAN(Issue Price: 0.01),Active,B ,10.00,INF204KB11S7,Equity,,,,,
543171,RO Jewels Limited,ROJL,RO Jewels Ltd,Active,B ,2.00,INE0BDU01028,Equity,,,,,
543173,Nippon India Mutual Fund,11DPR,NIPPON INDIA EQUITY HYBRID FUND -  SEGREGATED PORTFOLIO 2DIVIDEND PLANDIVIDEND REINVESTMENT,Active,B ,10.00,INF204KB14U7,Equity,,,,,
543174,Nippon India Mutual Fund,11GPG,NIPPON INDIA EQUITY HYBRID FUND -  SEGREGATED PORTFOLIO 2GROWTH PLAN GROWTH OPTIONGROWTH,Active,B ,10.00,INF204KB10U5,Equity,,,,,
543175,Nippon India Mutual Fund,11MPD,NIPPON INDIA EQUITY HYBRID FUND -  SEGREGATED PORTFOLIO 2MONTHLY DIVIDEND PLANDIVIDEND PAYOUT,Active,B ,10.00,INF204KB15U4,Equity,,,,,
543176,Nippon India Mutual Fund,11MPR,NIPPON INDIA EQUITY HYBRID FUND -  SEGREGATED PORTFOLIO 2MONTHLY DIVIDEND PLANREINVESTMENT,Active,B ,10.00,INF204KB16U2,Equity,,,,,
543177,Nippon India Mutual Fund,11QPD,NIPPON INDIA EQUITY HYBRID FUND -  SEGREGATED PORTFOLIO 2QUARTERLY DIVIDEND PLANDIVIDEND PAYOUT,Active,B ,10.00,INF204KB11U3,Equity,,,,,
543178,Nippon India Mutual Fund,11QPR,NIPPON INDIA EQUITY HYBRID FUND -  SEGREGATED PORTFOLIO 2QUARTERLY DIVIDEND PLANREINVESTMENT,Active,B ,10.00,INF204KB12U1,Equity,,,,,
543179,Nippon India Mutual Fund,11ADD,NIPPON INDIA EQUITY HYBRID FUND -  SEGREGATED PORTFOLIO 2DIRECT PLAN DIVIDEND PLANDIVIDEND PAYOUT,Active,B ,10.00,INF204KB16T4,Equity,,,,,
543180,Nippon India Mutual Fund,11ADR,NIPPON INDIA EQUITY HYBRID FUND -  SEGREGATED PORTFOLIO 2DIRECT PLAN DIVIDEND PLANDIVIDEND REINVESTMENT,Active,B ,10.00,INF204KB17T2,Equity,,,,,
543181,Nippon India Mutual Fund,11AGG,NIPPON INDIA EQUITY HYBRID FUND -  SEGREGATED PORTFOLIO 2DIRECT GROWTH PLAN GROWTH OPTIONGROWTH,Active,B ,10.00,INF204KB13T1,Equity,,,,,
543182,Nippon India Mutual Fund,11AMD,NIPPON INDIA EQUITY HYBRID FUND -  SEGREGATED PORTFOLIO 2DIRECT MONTHLY DIVIDEND PLANDIVIDEND PAYOUT,Active,B ,10.00,INF204KB18T0,Equity,,,,,
543183,Nippon India Mutual Fund,11AMR,NIPPON INDIA EQUITY HYBRID FUND -  SEGREGATED PORTFOLIO 2DIRECT MONTHLY DIVIDEND PLANREINVESTMENT,Active,B ,10.00,INF204KB19T8,Equity,,,,,
543184,Nippon India Mutual Fund,11AQD,NIPPON INDIA EQUITY HYBRID FUND -  SEGREGATED PORTFOLIO 2DIRECT QUARTERLY DIVIDEND PLANDIVIDEND PAYOUT,Active,B ,10.00,INF204KB14T9,Equity,,,,,
543185,Nippon India Mutual Fund,11AQR,NIPPON INDIA EQUITY HYBRID FUND -  SEGREGATED PORTFOLIO 2DIRECT QUARTERLY DIVIDEND PLANREINVESTMENT,Active,B ,10.00,INF204KB15T6,Equity,,,,,
543186,Nippon India Mutual Fund,11DPD,NIPPON INDIA EQUITY HYBRID FUND -  SEGREGATED PORTFOLIO 2DIVIDEND PLANDIVIDEND PAYOUT,Active,B ,10.00,INF204KB13U9,Equity,,,,,
543193,DJ Mediaprint & Logistics Limited,DJML,DJ Mediaprint & Logistics Ltd,Active,B ,10.00,INE0B1K01014,Equity,,,,,
543210,Aarti Surfactants Limited,AARTISURF,Aarti Surfactants Ltd,Active,B ,10.00,INE09EO01013,Equity,,,,,
543211,BONLON INDUSTRIES LIMITED,BONLON,Bonlon Industries Ltd,Active,B ,10.00,INE0B9A01018,Equity,,,,,
543212,Borosil Limited,BOROLTD,Borosil Ltd,Active,B ,1.00,INE02PY01013,Equity,,,,,
543213,ROSSARI BIOTECH LIMITED,ROSSARI,Rossari Biotech Ltd,Active,B ,2.00,INE02A801020,Equity,,,,,
543214,NDR Auto Components Limited,NDRAUTO,NDR Auto Components Ltd,Active,B ,10.00,INE07OG01012,Equity,,,,,
543218,SURATWWALA BUSINESS GROUP LIMITED,SBGLP,Suratwwala Business Group Ltd,Active,B ,1.00,INE05ST01028,Equity,,,,,
543219,ICICI Prudential Mutual Fund,ALPL30IETF,ICICI Prudential Nifty Alpha Low- Volatility 30 ETF,Active,B ,1.00,INF109KC17V7,Equity,,,,,
543221,ICICI Prudential Mutual Fund,ITIETF,ICICI Prudential Nifty IT ETF,Active,B ,1.00,INF109KC16I6,Equity,,,,,
543223, Max India Limited,MAXIND,Max India Ltd,Active,B ,10.00,INE0CG601016,Equity,,,,,
543224,HDFC Mutual Fund,HDFCNIFBAN,HDFC Nifty Banking ETF,Active,B ,22.33,INF179KC1HY0,Equity,,,,,
543226,UTI Mutual Fund,BANKBETA,UTI NIFTY BANK ETF,Active,B ,1.00,INF789F1AUV1,Equity,,,,,
543228,Route Mobile Limited,ROUTE,Route Mobile Ltd,Active,B ,10.00,INE450U01017,Equity,,,,,
543230,ADVAIT ENERGY TRANSITIONS LIMITED,ADVAIT,Advait Energy Transitions Ltd,Active,B ,10.00,INE0ALI01010,Equity,,,,,
543231,Archidply Decor Limited,ADL,Archidply Decor Ltd,Active,B ,10.00,INE0CHO01012,Equity,,,,,
543234,Secmark Consultancy Limited,SECMARK,SecMark Consultancy Ltd,Active,B ,10.00,INE0BTM01013,Equity,,,,,
543236,Atam Valves Limited,ATAM,Atam Valves Ltd,Active,B ,10.00,INE09KD01013,Equity,,,,,
543240,Likhitha Infrastructure Limited,LIKHITHA,Likhitha Infrastructure Ltd,Active,B ,5.00,INE060901027,Equity,,,,,
543242,Hemisphere Properties India Limited,HEMIPROP,Hemisphere Properties India Ltd,Active,B ,10.00,INE0AJG01018,Equity,,,,,
543246,Mirae Asset Mutual Fund,ESG,Mirae Asset Nifty 100 ESG Sector Leaders ETF,Active,B ,17.50,INF769K01GS9,Equity,,,,,
543249,TARC LIMITED,TARC,Tarc Ltd,Active,B ,2.00,INE0EK901012,Equity,,,,,
543251,Ravinder Heights Limited,RVHL,Ravinder Heights Ltd,Active,B ,1.00,INE09E501017,Equity,,,,,
543253,Mrs. Bectors Food Specialities Limited,BECTORFOOD,Mrs. Bectors Food Specialities Ltd,Active,B ,2.00,INE495P01020,Equity,,,,,
543254,Antony Waste Handling Cell Limited,AWHCL,Antony Waste Handling Cell Ltd,Active,B ,5.00,INE01BK01022,Equity,,,,,
543255,Nippon India Mutual Fund,INFRABEES,Nippon India ETF Nifty Infrastructure BeES,Active,B ,10.00,INF732E01268,Equity,,,,,
543260,STOVE KRAFT LIMITED,STOVEKRAFT,Stove Kraft Ltd,Active,B ,10.00,INE00IN01015,Equity,,,,,
543263,SMC Global Securities Limited,SMCGLOBAL,SMC Global Securities Ltd,Active,B ,2.00,INE103C01036,Equity,,,,,
543264,Nureca Limited,NURECA,Nureca Ltd,Active,B ,10.00,INE0DSF01015,Equity,,,,,
543266,Heranba Industries Limited,HERANBA,Heranba Industries Ltd,Active,B ,10.00,INE694N01015,Equity,,,,,
543267,Davangere Sugar Company Limited,DAVANGERE,Davangere Sugar Company Ltd,Active,B ,1.00,INE179G01029,Equity,,,,,
543268,DRC Systems India Limited,DRCSYSTEMS,DRC Systems India Ltd,Active,B ,1.00,INE03RS01027,Equity,,,,,
543272,Easy Trip Planners Limited,EASEMYTRIP,Easy Trip Planners Ltd,Active,B ,1.00,INE07O001026,Equity,,,,,
543273,Knowledge Marine & Engineering Works Limited,KMEW,Knowledge Marine & Engineering Works Ltd,Active,B ,5.00,INE0CJD01029,Equity,,,,,
543277,Laxmi Organic Industries Limited,LXCHEM,Laxmi Organic Industries Ltd,Active,B ,2.00,INE576O01020,Equity,,,,,
543279,Suryoday Small Finance Bank Limited,SURYODAY,Suryoday Small Finance Bank Ltd,Active,B ,10.00,INE428Q01011,Equity,,,,,
543281,Suvidhaa Infoserve Limited,SUVIDHAA,Suvidhaa Infoserve Ltd,Active,B ,1.00,INE018401013,Equity,,,,,
543283,UNITED FOODBRANDS LIMITED,UFBL,United Foodbrands Ltd,Active,B ,5.00,INE382M01027,Equity,,,,,
543284,EKI Energy Services Limited,EKI,EKI Energy Services Ltd,Active,B ,10.00,INE0CPR01018,Equity,,,,,
543288,Deep Industries Limited,DEEPINDS,Deep Industries Ltd,Active,B ,5.00,INE0FHS01024,Equity,,,,,
543291,Mirae Asset Mutual Fund,MAFANG,Mirae Asset NYSE FANG+ ETF,Active,B ,40.00,INF769K01HF4,Equity,,,,,
543292,ICICI Prudential Mutual Fund,HEALTHIETF,ICICI Prudential Nifty Healthcare ETF,Active,B ,10.00,INF109KC1Q72,Equity,,,,,
543311,India Pesticides Limited,IPL,India Pesticides Ltd,Active,B ,1.00,INE0D6701023,Equity,,,,,
543317,G R Infraprojects Limited,GRINFRA,G R Infraprojects Ltd,Active,B ,5.00,INE201P01022,Equity,,,,,
543321,Tatva Chintan Pharma Chem Limited,TATVA,Tatva Chintan Pharma Chem Ltd,Active,B ,10.00,INE0GK401011,Equity,,,,,
543323,Mirae Asset Mutual Fund,BFSI,Mirae Asset Nifty Financial Services ETF,Active,B ,10.00,INF769K01HI8,Equity,,,,,
543324,Gretex Corporate Services Limited,GCSL,Gretex Corporate Services Ltd,Active,B ,10.00,INE199P01028,Equity,,,,,
543325,Rolex Rings Limited,ROLEXRINGS,Rolex Rings Ltd,Active,B ,1.00,INE645S01024,Equity,,,,,
543326,ICICI Prudential Mutual Fund,FMCGIETF,ICICI Prudential Nifty FMCG ETF,Active,B ,1.00,INF109KC19V3,Equity,,,,,
543327,Exxaro Tiles Limited,EXXARO,Exxaro Tiles Ltd,Active,B ,1.00,INE0GFE01026,Equity,,,,,
543328,Krsnaa Diagnostics Limited,KRSNAA,Krsnaa Diagnostics Ltd,Active,B ,5.00,INE08LI01020,Equity,,,,,
543329,Windlas Biotech Limited,WINDLAS,Windlas Biotech Ltd,Active,B ,5.00,INE0H5O01029,Equity,,,,,
543331,Meghmani Organics Limited,MOL,Meghmani Organics Ltd,Active,B ,1.00,INE0CT101020,Equity,,,,,
543332,Epigral Limited,EPIGRAL,Epigral Ltd,Active,B ,10.00,INE071N01016,Equity,,,,,
543336,Chemplast Sanmar Limited,CHEMPLASTS,Chemplast Sanmar Ltd,Active,B ,5.00,INE488A01050,Equity,,,,,
543347,Axis Mutual Fund,ITAXIS,Axis NIFTY IT ETF,Active,B ,100.00,INF846K01Y96,Equity,,,,,
543348,Axis Mutual Fund,HEALTHAXIS,Axis NIFTY Healthcare ETF,Active,B ,10.00,INF846K01Z12,Equity,,,,,
543357,Axis Mutual Fund,CONSUMAXIS,Axis NIFTY India Consumption ETF,Active,B ,10.00,INF846K016C7,Equity,,,,,
543364,Markolines Pavement Technologies Limited,MARKOLINES,Markolines Pavement Technologies Ltd,Active,B ,10.00,INE0FW001016,Equity,,,,,
543365,Mirae Asset Mutual Fund,MASPTOP50,Mirae Asset S&P 500 Top 50 ETF,Active,B ,20.00,INF769K01HP3,Equity,,,,,
543376,Samor Reality Limited,SAMOR,Samor Reality Ltd,Active,B ,10.00,INE0GD201014,Equity,,,,,
543383,ICICI Prudential Mutual Fund,CONSUMIETF,ICICI Prudential Nifty India Consumption ETF,Active,B ,10.00,INF109KC1V42,Equity,,,,,
543386,Fino Payments Bank Limited,FINOPB,Fino Payments Bank Ltd,Active,B ,10.00,INE02NC01014,Equity,,,,,
543388,DSP Mutual Fund,EQUAL50ADD,DSP Nifty 50 Equal Weight ETF,Active,B ,10.00,INF740KA1QK2,Equity,,,,,
543399,Tarsons Products Limited,TARSONS,Tarsons Products Ltd,Active,B ,2.00,INE144Z01023,Equity,,,,,
543401,Go Fashion (India) Limited,GOCOLORS,Go Fashion (India) Ltd,Active,B ,10.00,INE0BJS01011,Equity,,,,,
543411,HI-TECH PIPES LIMITED,HITECH,Hi-Tech Pipes Ltd,Active,B ,1.00,INE106T01025,Equity,,,,,
543414,Mirae Asset Mutual Fund,MAHKTECH,Mirae Asset Hang Seng TECH ETF,Active,B ,10.00,INF769K01HS7,Equity,,,,,
543419,Shriram Properties Limited,SHRIRAMPPS,Shriram Properties Ltd,Active,B ,10.00,INE217L01019,Equity,,,,,
543420,Jet Freight Logistics Limited,JETFREIGHT,Jet Freight Logistics Ltd,Active,B ,5.00,INE982V01025,Equity,,,,,
543433,HP Adhesives Limited,HPAL,HP Adhesives Ltd,Active,B ,2.00,INE0GSL01024,Equity,,,,,
543434,Supriya Lifescience Limited,SUPRIYA,Supriya Lifescience Ltd,Active,B ,2.00,INE07RO01027,Equity,,,,,
543437,Motilal Oswal Mutual Fund,MONQ50,Motilal Oswal Nasdaq Q 50 ETF,Active,B ,10.00,INF247L01AU3,Equity,,,,,
543438,DSP Mutual Fund,MIDQ50ADD,DSP Nifty Midcap 150 Quality 50 ETF,Active,B ,1.00,INF740KA1ZF3,Equity,,,,,
543440,DSP Mutual Fund,NIFTYADD,DSP Nifty 50 ETF,Active,B ,10.00,INF740KA1CL0,Equity,,,,,
543442,Brand Concepts Limited,BCONCEPTS,Brand Concepts Ltd,Active,B ,10.00,INE977Y01011,Equity,,,,,
543449,WONDER ELECTRICALS LIMITED,WEL,Wonder Electricals Ltd,Active,B ,1.00,INE02WG01024,Equity,,,,,
543450,ICICI Prudential Mutual Fund,AUTOIETF,ICICI Prudential Nifty Auto ETF,Active,B ,1.00,INF109KC10V2,Equity,,,,,
543454,Mirae Asset Mutual Fund,MAKEINDIA,Mirae Asset Nifty India Manufacturing ETF,Active,B ,50.00,INF769K01IB1,Equity,,,,,
543462,DEV INFORMATION TECHNOLOGY LIMITED,DEVIT,Dev Information Technology Ltd,Active,B ,2.00,INE060X01034,Equity,,,,,
543465,Motilal Oswal Mutual Fund,MOMOMENTUM,Motilal Oswal Nifty 200 Momentum 30 ETF,Active,B ,2.00,INF247L01BK2,Equity,,,,,
543472,Aditya Birla Sun Life Mutual Fund,TECH,Aditya Birla Sunlife Nifty IT ETF,Active,B ,1.00,INF209KB11D8,Equity,,,,,
543473,Aditya Birla Sun Life Mutual Fund,HEALTHY,Aditya Birla Sun Life Nifty Healthcare ETF,Active,B ,1.00,INF209KB10C2,Equity,,,,,
543474,Aditya Birla Sun Life Mutual Fund,BSLNIFTY,Aditya Birla Sun Life Nifty 50 ETF,Active,B ,1.00,INF209KB19D1,Equity,,,,,
543481,Mirae Asset Mutual Fund,MIDCAPETF,Mirae Asset Nifty Midcap 150 ETF,Active,B ,5.00,INF769K01IC9,Equity,,,,,
543489,Gateway Distriparks Limited,GATEWAY,Gateway Distriparks Ltd,Active,B ,10.00,INE079J01017,Equity,,,,,
543501,Motilal Oswal Mutual Fund,MOLOWVOL,Motilal Oswal BSE Low Volatility ETF,Active,B ,2.00,INF247L01BL0,Equity,,,,,
543512,Avro India Limited,AVROIND,Avro India Ltd,Active,B ,1.00,INE652Z01025,Equity,,,,,
543514,Veranda Learning Solutions Limited,VERANDA,Veranda Learning Solutions Ltd,Active,B ,10.00,INE0IQ001011,Equity,,,,,
543517,Hariom Pipe Industries Limited,HARIOMPIPE,Hariom Pipe Industries Ltd,Active,B ,10.00,INE00EV01017,Equity,,,,,
543525,Silver Touch Technologies Limited,SILVERTUC,Silver Touch Technologies Ltd,Active,B ,2.00,INE625X01026,Equity,,,,,
543528,Venus Pipes & Tubes Limited,VENUSPIPES,Venus Pipes & Tubes Ltd,Active,B ,10.00,INE0JA001018,Equity,,,,,
543533,eMudhra Limited,EMUDHRA,eMudhra Ltd,Active,B ,5.00,INE01QM01018,Equity,,,,,
543539,MODI’S NAVNIRMAN LIMITED,MODIS,Modis Navnirman Ltd,Active,B ,10.00,INE0L0L01012,Equity,,,,,
543547,DDEV PLASTIKS INDUSTRIES LIMITED,DDEVPLSTIK,Ddev Plastiks Industries Ltd,Active,B ,1.00,INE0HR601026,Equity,,,,,
543563,Motilal Oswal Mutual Fund,MOHEALTH,Motilal Oswal BSE Healthcare ETF,Active,B ,10.00,INF247L01BB1,Equity,,,,,
543568,ICICI Prudential Mutual Fund,MOM30IETF,ICICI Prudential Nifty 200 Momentum 30 ETF,Active,B ,10.00,INF109KC17C7,Equity,,,,,
543569,HDFC Mutual Fund,HDFCNIF100,HDFC NIFTY 100 ETF,Active,B ,17.73,INF179KC1HR4,Equity,,,,,
543570,HDFC Mutual Fund,HDFCNEXT50,HDFC Mutual Fund,Active,B ,41.82,INF179KC1HS2,Equity,,,,,
543571,ICICI Prudential Mutual Fund,INFRAIETF,ICICI Prudential Nifty Infrastructure ETF,Active,B ,10.00,INF109KC16E5,Equity,,,,,
543574,Aditya Birla Sun Life Mutual Fund,NIFTYQLITY,Aditya Birla Sun Life Nifty 200 Quality 30 ETF,Active,B ,1.00,INF209KB15K4,Equity,,,,,
543575,Aditya Birla Sun Life Mutual Fund,MOMENTUM,Aditya Birla Sun Life Nifty 200 Momentum 30 ETF,Active,B ,1.00,INF209KB14K7,Equity,,,,,
543576,Motilal Oswal Mutual Fund,MOVALUE,Motilal Oswal BSE Enhanced Value ETF,Active,B ,10.00,INF247L01BE5,Equity,,,,,
543577,Motilal Oswal Mutual Fund,MOQUALITY,Motilal Oswal BSE Quality ETF,Active,B ,10.00,INF247L01BH8,Equity,,,,,
543590,Rhetan TMT Limited,RHETAN,Rhetan TMT Ltd,Active,B ,1.00,INE0KKN01029,Equity,,,,,
543591,DREAMFOLKS SERVICES LIMITED,DREAMFOLKS,Dreamfolks Services Ltd,Active,B ,2.00,INE0JS101016,Equity,,,,,
543593,Dhampur Bio Organics Limited,DBOL,Dhampur Bio Organics Ltd,Active,B ,10.00,INE0I3401014,Equity,,,,,
543597,Virtuoso Optoelectronics Limited,VOEPL,Virtuoso Optoelectronics Ltd,Active,B ,10.00,INE0I0T01010,Equity,,,,,
543599,Ksolves India Limited,KSOLVES,Ksolves India Ltd,Active,B ,5.00,INE0D6I01023,Equity,,,,,
543600,Harsha Engineers International Limited,HARSHA,Harsha Engineers International Ltd,Active,B ,10.00,INE0JUS01029,Equity,,,,,
543605,HDFC Mutual Fund,HDFCQUAL,HDFC NIFTY100 Quality 30 ETF,Active,B ,38.59,INF179KC1DL6,Equity,,,,,
543607,HDFC Mutual Fund,HDFCGROWTH,HDFC NIFTY Growth Sectors 15 ETF,Active,B ,89.04,INF179KC1DJ0,Equity,,,,,
543608,HDFC Mutual Fund,HDFCVALUE,HDFC NIFTY50 Value 20 ETF,Active,B ,86.07,INF179KC1DK8,Equity,,,,,
543614,Tips Films Limited,TIPSFILMS,Tips Films Ltd,Active,B ,10.00,INE0LQS01015,Equity,,,,,
543620,INSOLATION ENERGY LIMITED,INA,Insolation Energy Ltd,Active,B ,1.00,INE0LGX01024,Equity,,,,,
543626,Electronics Mart India Limited,EMIL,Electronics Mart India Ltd,Active,B ,10.00,INE02YR01019,Equity,,,,,
543627,HDFC Mutual Fund,HDFCLOWVOL,HDFC NIFTY100 Low Volatility 30 ETF,Active,B ,12.62,INF179KC1HU8,Equity,,,,,
543628,HDFC Mutual Fund,HDFCMOMENT,HDFC NIFTY200 Momentum 30 ETF,Active,B ,19.06,INF179KC1HV6,Equity,,,,,
543636,Dc Infotech and Communication Limited,DCI,Dc Infotech and Communication Ltd,Active,B ,10.00,INE0A1101019,Equity,,,,,
543638,Tracxn Technologies Limited,TRACXN,Tracxn Technologies Ltd,Active,B ,1.00,INE0HMF01019,Equity,,,,,
543643,Narmada Agrobase Limited,NARMADA,Narmada Agrobase Ltd,Active,B ,10.00,INE117Z01011,Equity,,,,,
543644,InfoBeans Technologies Limited,INFOBEAN,Infobeans Technologies Ltd,Active,B ,10.00,INE344S01016,Equity,,,,,
543645,HINDPRAKASH INDUSTRIES LIMITED,HPIL,Hindprakash Industries Ltd,Active,B ,10.00,INE05X901010,Equity,,,,,
543650,DCX Systems Limited,DCXINDIA,DCX Systems Ltd,Active,B ,2.00,INE0KL801015,Equity,,,,,
543652,FUSION FINANCE LIMITED,FUSION,Fusion Finance Ltd,Active,B ,10.00,INE139R01012,Equity,,,,,
543665,HDFC Mutual Fund,HDFCNIFIT,HDFC NIFTY IT ETF,Active,B ,29.99,INF179KC1IA8,Equity,,,,,
543666,HDFC Mutual Fund,HDFCPVTBAN,HDFC NIFTY Private Bank ETF,Active,B ,21.68,INF179KC1HZ7,Equity,,,,,
543668,B&B Triplewall Containers Limited,BBTCL,B&B Triplewall Containers Ltd,Active,B ,10.00,INE01EE01011,Equity,,,,,
543669,Keystone Realtors Limited,RUSTOMJEE,Keystone Realtors Ltd,Active,B ,10.00,INE263M01029,Equity,,,,,
543670,VINNY OVERSEAS LIMITED,VINNY,Vinny Overseas Ltd,Active,B ,1.00,INE01KI01027,Equity,,,,,
543671,AAA TECHNOLOGIES LIMITED,AAATECH,AAA Technologies Ltd,Active,B ,10.00,INE0D0U01013,Equity,,,,,
543677,ICICI Prudential Mutual Fund,FINIETF,ICICI Prudential Nifty Financial Services Ex-Bank ETF,Active,B ,10.00,INF109KC17L8,Equity,,,,,
543686,Sirca Paints India Limited,SIRCA,Sirca Paints India Ltd,Active,B ,10.00,INE792Z01011,Equity,,,,,
543687,Dharmaj Crop Guard Limited,DHARMAJ,Dharmaj Crop Guard Ltd,Active,B ,10.00,INE00OQ01016,Equity,,,,,
543688,Sarveshwar Foods Limited,SARVESHWAR,Sarveshwar Foods Ltd,Active,B ,1.00,INE324X01026,Equity,,,,,
543689,Uniparts India Limited,UNIPARTS,Uniparts India Ltd,Active,B ,10.00,INE244O01017,Equity,,,,,
543710,ICICI Prudential Mutual Fund,COMMOIETF,ICICI Prudential Nifty Commodities ETF,Active,B ,10.00,INF109KC19O8,Equity,,,,,
543711,Sula Vineyards Limited,SULA,Sula Vineyards Ltd,Active,B ,2.00,INE142Q01026,Equity,,,,,
543712,ABANS FINANCIAL SERVICES LIMITED,AFSL,Abans Financial Services Ltd,Active,B ,2.00,INE00ZE01026,Equity,,,,,
543714,LANDMARK CARS LIMITED,LANDMARK,Landmark Cars Ltd,Active,B ,5.00,INE559R01029,Equity,,,,,
543725,Elin Electronics Limited,ELIN,Elin Electronics Ltd,Active,B ,5.00,INE050401020,Equity,,,,,
543732,Radiant Cash Management Services Limited,RADIANTCMS,Radiant Cash Management Services Ltd,Active,B ,1.00,INE855R01021,Equity,,,,,
543738,DSP Mutual Fund,BANKADD,DSP Nifty Bank ETF,Active,B ,10.00,INF740KA1RX3,Equity,,,,,
543743,Aeroflex Neu Limited,AERONEU,Aeroflex Neu Ltd,Active,B ,10.00,INE035801013,Equity,,,,,
543747,Kamdhenu Ventures Limited,KAMOPAINTS,Kamdhenu Ventures Ltd,Active,B ,1.00,INE0BTI01037,Equity,,,,,
543766,Ashika Global Securities Limited,ASHIKAG,Ashika Global Securities Ltd,Active,B ,10.00,INE094B01013,Equity,,,,,
543767,BODHI TREE MULTIMEDIA LIMITED,BTML,Bodhi Tree Multimedia Ltd,Active,B ,1.00,INE0EEJ01023,Equity,,,,,
543774,HDFC Mutual Fund,HDFCBSE500,HDFC BSE 500 ETF,Active,B ,23.86,INF179KC1EZ4,Equity,,,,,
543775,HDFC Mutual Fund,HDFCSML250,HDFC NIFTY Smallcap 250 ETF,Active,B ,91.31,INF179KC1FB2,Equity,,,,,
543776,HDFC Mutual Fund,HDFCMID150,HDFC NIFTY Midcap 150 ETF,Active,B ,11.60,INF179KC1HT0,Equity,,,,,
543811,AIRAN LIMITED,AIRAN,Airan Ltd,Active,B ,2.00,INE645W01026,Equity,,,,,
543812,DIVGI TORQTRANSFER SYSTEMS LIMITED,DIVGIITTS,DIVGI TORQTRANSFER SYSTEMS Ltd,Active,B ,5.00,INE753U01022,Equity,,,,,
543819,ICICI Prudential Mutual Fund,PSUBNKIETF,ICICI Prudential Nifty PSU Bank ETF,Active,B ,10.00,INF109KC10S8,Equity,,,,,
543829,Global Surfaces Limited,GSLSU,Global Surfaces Ltd,Active,B ,10.00,INE0JSX01015,Equity,,,,,
543853,Axis Mutual Fund,SENSEXAXIS,AXIS BSE SENSEX ETF,Active,B ,10.00,INF846K010Q0,Equity,,,,,
543858,Mirae Asset Mutual Fund,LOWVOL,Mirae Asset Nifty 100 Low Volatility 30 ETF,Active,B ,100.00,INF769K01JU9,Equity,,,,,
543861,Udayshivakumar infra Limited,USK,Udayshivakumar Infra Ltd,Active,B ,10.00,INE0N0Y01013,Equity,,,,,
543898,BEML Land Assets Limited,BLAL,BEML Land Assets Ltd,Active,B ,10.00,INE0N7W01012,Equity,,,,,
543901,ROBUST HOTELS LIMITED,RHL,Robust Hotels Ltd,Active,B ,10.00,INE508K01013,Equity,,,,,
543911,Atal Realtech Limited,ATALREAL,Atal Realtech Ltd,Active,B ,2.00,INE0ALR01029,Equity,,,,,
543912,Power & Instrumentation (Gujarat) Limited,PIGL,Power and Instrumentation (Gujarat) Ltd,Active,B ,10.00,INE557Z01018,Equity,,,,,
543915,Pavna Industries Limited,PAVNAIND,Pavna Industries Ltd,Active,B ,1.00,INE07S101038,Equity,,,,,
543917,SIGMA SOLVE LIMITED,SIGMA,Sigma Solve Ltd,Active,B ,1.00,INE0A0S01028,Equity,,,,,
543918,GHCL Textiles Limited,GHCLTEXTIL,GHCL Textiles Ltd,Active,B ,2.00,INE0PA801013,Equity,,,,,
543919,M.K.Proteins Limited,MKPL,M. K. Proteins Ltd,Active,B ,1.00,INE964W01021,Equity,,,,,
543923,IKIO Technologies Limited,IKIO,IKIO Technologies Ltd,Active,B ,10.00,INE0LOJ01019,Equity,,,,,
543929,HMA Agro Industries Limited,HMAAGRO,HMA Agro Industries Ltd,Active,B ,1.00,INE0ECP01024,Equity,,,,,
543933,Cyient DLM Limited,CYIENTDLM,Cyient DLM Ltd,Active,B ,10.00,INE055S01018,Equity,,,,,
543935,DSP Mutual Fund,ITADD,DSP Nifty IT ETF,Active,B ,10.00,INF740KA1SX1,Equity,,,,,
543942,UTKARSH SMALL FINANCE BANK LIMITED,UTKARSHBNK,Utkarsh Small Finance Bank Ltd,Active,B ,10.00,INE735W01017,Equity,,,,,
543944,Mirae Asset Mutual Fund,BANKETF,Mirae Asset Nifty Bank ETF,Active,B ,400.00,INF769K01KR3,Equity,,,,,
543948,DSP Mutual Fund,PSUBANKADD,DSP Nifty PSU Bank ETF,Active,B ,10.00,INF740KA1SY9,Equity,,,,,
543949,DSP Mutual Fund,PVTBANKADD,DSP Nifty Private Bank ETF,Active,B ,10.00,INF740KA1TA7,Equity,,,,,
543952,NIIT Learning Systems Limited,NIITMTS,NIIT Learning Systems Ltd,Active,B ,2.00,INE342G01023,Equity,,,,,
543954,Allcargo Terminals Limited,ATL,Allcargo Terminals Ltd,Active,B ,2.00,INE0NN701020,Equity,,,,,
543955,Transindia Real Estate Limited,TREL,Transindia Real Estate Ltd,Active,B ,2.00,INE0O3901029,Equity,,,,,
543956,ICICI Prudential Mutual Fund,QUAL30IETF,ICICI Prudential Nifty 200 Quality 30 ETF,Active,B ,1.00,INF109KC18V5,Equity,,,,,
543957,REDTAPE Limited,REDTAPE,Redtape Ltd,Active,B ,2.00,INE0LXT01019,Equity,,,,,
543965,TVS Supply Chain Solutions Limited,TVSSCS,TVS Supply Chain Solutions Ltd,Active,B ,1.00,INE395N01027,Equity,,,,,
543969,Pyramid Technoplast Limited,PYRAMID,Pyramid Technoplast Ltd,Active,B ,10.00,INE0MIS01010,Equity,,,,,
543972,Aeroflex Industries Limited,AEROFLEX,Aeroflex Industries Ltd,Active,B ,2.00,INE024001021,Equity,,,,,
543975,UTI Mutual Fund,MIDCAPBETA,UTI NIFTY MIDCAP 150 ETF,Active,B ,10.00,INF789F1AYX9,Equity,,,,,
543977,Rishabh Instruments Limited,RISHABH,Rishabh Instruments Ltd,Active,B ,10.00,INE0N2P01017,Equity,,,,,
543978,Ratnaveer Precision Engineering Limited,RATNAVEER,Ratnaveer Precision Engineering Ltd,Active,B ,10.00,INE05CZ01011,Equity,,,,,
543983,EMS LIMITED,EMSLIMITED,EMS Ltd,Active,B ,10.00,INE0OV601013,Equity,,,,,
543986,South West Pinnacle Exploration Limited,SOUTHWEST,South West Pinnacle Exploration Ltd,Active,B ,10.00,INE980Y01015,Equity,,,,,
543989,Sai Silks (Kalamandir) Limited,KALAMANDIR,Sai Silks (Kalamandir) Ltd,Active,B ,2.00,INE438K01021,Equity,,,,,
543992,YATRA ONLINE LIMITED,YATRA,Yatra Online Ltd,Active,B ,1.00,INE0JR601024,Equity,,,,,
543995,MANOJ VAIBHAV GEMS 'N' JEWELLERS LIMITED,MVGJL,Manoj Vaibhav Gems N Jewellers Ltd,Active,B ,10.00,INE0KNT01012,Equity,,,,,
543996,Updater Services Limited,UDS,Updater Services Ltd,Active,B ,10.00,INE851I01011,Equity,,,,,
544004,IRM ENERGY LIMITED,IRMENERGY,IRM Energy Ltd,Active,B ,10.00,INE07U701015,Equity,,,,,
544006,Mirae Asset Mutual Fund,ITETF,Mirae Asset Nifty IT ETF,Active,B ,10.00,INF769K01KV5,Equity,,,,,
544007,Mirae Asset Mutual Fund,ALPHAETF,Mirae Asset Nifty 200 Alpha 30 ETF,Active,B ,10.00,INF769K01KU7,Equity,,,,,
544008,Max Estates Limited,MAXESTATES,Max Estates Ltd,Active,B ,10.00,INE03EI01018,Equity,,,,,
544020,ESAF Small Finance Bank Ltd,ESAFSFB,ESAF Small Finance Bank Ltd,Active,B ,10.00,INE818W01011,Equity,,,,,
544022,ASK Automotive Limited,ASKAUTOLTD,ASK Automotive Ltd,Active,B ,2.00,INE491J01022,Equity,,,,,
544027,Fedbank Financial Services Limited,FEDFINA,Fedbank Financial Services Ltd,Active,B ,10.00,INE007N01010,Equity,,,,,
544029,Gandhar Oil Refinery (India) Limited,GANDHAR,Gandhar Oil Refinery (India) Ltd,Active,B ,2.00,INE717W01049,Equity,,,,,
544030,Flair Writing Industries Limited,FLAIR,Flair Writing Industries Ltd,Active,B ,5.00,INE00Y201027,Equity,,,,,
544042,Bajel Projects Limited,BAJEL,Bajel Projects Ltd,Active,B ,2.00,INE0KQN01018,Equity,,,,,
544053,Motisons Jewellers Limited,MOTISONS,Motisons Jewellers Ltd,Active,B ,1.00,INE0FRK01020,Equity,,,,,
544054,Suraj Estate Developers Limited,SURAJEST,Suraj Estate Developers Ltd,Active,B ,5.00,INE843S01025,Equity,,,,,
544055,Muthoot Microfin Limited,MUTHOOTMF,Muthoot Microfin Ltd,Active,B ,10.00,INE046W01019,Equity,,,,,
544057,Happy Forgings Limited,HAPPYFORGE,Happy Forgings Ltd,Active,B ,2.00,INE330T01021,Equity,,,,,
544058,Credo Brands Marketing Limited,MUFTI,Credo Brands Marketing Ltd,Active,B ,2.00,INE220Q01020,Equity,,,,,
544060,RBZ Jewellers Limited,RBZJEWEL,RBZ Jewellers Ltd,Active,B ,10.00,INE0PEQ01016,Equity,,,,,
544066,SUNDARAM-CLAYTON LIMITED,SUNCLAY,Sundaram-Clayton Ltd,Active,B ,5.00,INE0Q3R01026,Equity,,,,,
544067,INNOVA CAPTAB LIMITED,INNOVACAP,Innova Captab Ltd,Active,B ,10.00,INE0DUT01020,Equity,,,,,
544079,DIGIDRIVE DISTRIBUTORS LIMITED,DIGIDRIVE,Digidrive Distributors Ltd,Active,B ,10.00,INE0PSC01024,Equity,,,,,
544092,Bajaj Finserv Mutual Fund,NIFTYBETF,Bajaj Finserv Nifty 50 ETF,Active,B ,10.00,INF0QA701722,Equity,,,,,
544093,Bajaj Finserv Mutual Fund,BANKBETF,Bajaj Finserv Nifty Bank ETF,Active,B ,10.00,INF0QA701714,Equity,,,,,
544095,EPACK Durable Limited,EPACK,EPACK Durable Ltd,Active,B ,10.00,INE0G5901015,Equity,,,,,
544102,UTI Mutual Fund,ITBETA,UTI NIFTY IT ETF,Active,B ,10.00,INF789F1AZD8,Equity,,,,,
544107,BLS E-Services Limited,BLSE,BLS E-Services Ltd,Active,B ,10.00,INE0NLT01010,Equity,,,,,
544109,DSP Mutual Fund,HEALTHADD,DSP Nifty Healthcare ETF,Active,B ,1.00,INF740KA1ZG1,Equity,,,,,
544110,HDFC Mutual Fund,HDFCPSUBK,HDFC Nifty PSU Bank ETF,Active,B ,62.78,INF179KC1HW4,Equity,,,,,
544111,Apeejay Surrendra Park Hotels Limited,PARKHOTELS,Apeejay Surrendra Park Hotels Ltd,Active,B ,1.00,INE988S01028,Equity,,,,,
544117,Signpost India Limited,SIGNPOST,Signpost India Ltd,Active,B ,2.00,INE0KGZ01021,Equity,,,,,
544119,Rashi Peripherals Limited,RPTECH,Rashi Peripherals Ltd,Active,B ,5.00,INE0J1F01024,Equity,,,,,
544120,Capital Small Finance Bank Ltd,CAPITALSFB,Capital Small Finance Bank Ltd,Active,B ,10.00,INE646H01017,Equity,,,,,
544122,Entero Healthcare Solutions Limited,ENTERO,Entero Healthcare Solutions Ltd,Active,B ,10.00,INE010601016,Equity,,,,,
544123,LIC Mutual Fund,LICNMID100,LIC MF Nifty Midcap 100 ETF,Active,B ,10.00,INF767K01RN1,Equity,,,,,
544124,VIBHOR STEEL TUBES LIMITED,VSTL,Vibhor Steel Tubes Ltd,Active,B ,10.00,INE0QTF01015,Equity,,,,,
544129,Juniper Hotels Limited,JUNIPER,Juniper Hotels Ltd,Active,B ,10.00,INE696F01016,Equity,,,,,
544130,Mirae Asset Mutual Fund,SMALLCAP,Mirae Asset Nifty Smallcap 250 Momentum Quality 100 ETF,Active,B ,10.00,INF769K01LC3,Equity,,,,,
544131,GPT Healthcare Limited,GPTHEALTH,GPT Healthcare Ltd,Active,B ,10.00,INE486R01017,Equity,,,,,
544133,EXICOM TELE-SYSTEMS LIMITED,EXICOM,Exicom Tele-Systems Ltd,Active,B ,10.00,INE777F01014,Equity,,,,,
544134,Platinum Industries Limited,PLATIND,Platinum Industries Ltd,Active,B ,10.00,INE0PT501018,Equity,,,,,
544135,Mukka Proteins Limited,MUKKA,Mukka Proteins Ltd,Active,B ,1.00,INE0CG401037,Equity,,,,,
544136,R K Swamy Limited,RKSWAMY,R K Swamy Ltd,Active,B ,5.00,INE0NQ801033,Equity,,,,,
544138,J.G.Chemicals Limited,JGCHEM,J.G.Chemicals Ltd,Active,B ,10.00,INE0MB501011,Equity,,,,,
544140,Gopal Snacks Limited,GOPAL,Gopal Snacks Ltd,Active,B ,1.00,INE0L9R01028,Equity,,,,,
544142,Shipping Corporation of India Land and Assets Limited,SCILAL,Shipping Corporation of India Land and Assets Ltd,Active,B ,10.00,INE0PB301013,Equity,,,,,
544144,Popular Vehicles and Services Limited,PVSL,Popular Vehicles and Services Ltd,Active,B ,2.00,INE772T01024,Equity,,,,,
544149,KRYSTAL INTEGRATED SERVICES LIMITED,KRYSTAL,Krystal Integrated Services Ltd,Active,B ,10.00,INE0QN801017,Equity,,,,,
544158,SRM CONTRACTORS LIMITED,SRM,SRM Contractors Ltd,Active,B ,10.00,INE0R6Z01013,Equity,,,,,
544161,D P ABHUSHAN LIMITED,DPABHUSHAN,D.P. Abhushan Ltd,Active,B ,10.00,INE266Y01019,Equity,,,,,
544167,JNK India Limited,JNKINDIA,JNK India Ltd,Active,B ,2.00,INE0OAF01028,Equity,,,,,
544180,Mirae Asset Mutual Fund,MIDSMALL,Mirae Asset Nifty Midsmallcap400 Momentum Quality 100 ETF,Active,B ,10.00,INF769K01LJ8,Equity,,,,,
544184,Borosil Scientific Limited,BOROSCI,Borosil Scientific Ltd,Active,B ,1.00,INE02L001032,Equity,,,,,
544187,KRONOX LAB SCIENCES LIMITED,KRONOX,Kronox Lab Sciences Ltd,Active,B ,10.00,INE0ATZ01017,Equity,,,,,
544193,Zerodha Mutual Fund,MID150CASE,ZERODHA NIFTY MIDCAP 150 ETF,Active,B ,10.00,INF0R8F01059,Equity,,,,,
544194,Zerodha Mutual Fund,TOP100CASE,ZERODHA NIFTY 100 ETF,Active,B ,10.00,INF0R8F01067,Equity,,,,,
544196,BARODA BNP PARIBAS MUTUAL FUND,BBNPNBETF,Baroda BNP Paribas Nifty Bank ETF,Active,B ,10.00,INF251K01TL6,Equity,,,,,
544197,JHS SVENDGAARD RETAIL VENTURES LIMITED,RETAIL,JHS Svendgaard Retail Ventures Ltd,Active,B ,10.00,INE03DD01011,Equity,,,,,
544200,Akme Fintrade (India) Limited,AFIL,Akme Fintrade (India) Ltd,Active,B ,1.00,INE916Y01027,Equity,,,,,
544202,STANLEY LIFESTYLES LIMITED,STANLEY,Stanley Lifestyles Ltd,Active,B ,2.00,INE01A001028,Equity,,,,,
544204,VRAJ IRON AND STEEL LIMITED,VRAJ,Vraj Iron And Steel Ltd,Active,B ,10.00,INE0S2V01010,Equity,,,,,
544207,Reliable Data Services Limited,RELIABLE,Reliable Data Services Ltd,Active,B ,10.00,INE375Y01018,Equity,,,,,
544209,Bansal Wire Industries Limited,BANSALWIRE,Bansal Wire Industries Ltd,Active,B ,5.00,INE0B9K01025,Equity,,,,,
544212,Mirae Asset Mutual Fund,EVINDIA,Mirae Asset Nifty EV and New Age Automotive ETF,Active,B ,10.00,INF769K01LQ3,Equity,,,,,
544215,SBI Mutual Fund,SBINEQWETF,SBI NIFTY50 EQUAL WEIGHT ETF,Active,B ,10.00,INF200KB1282,Equity,,,,,
544216,ICICI Prudential Mutual Fund,OILIETF,ICICI Prudential Nifty Oil & Gas ETF,Active,B ,10.00,INF109KC18W3,Equity,,,,,
544217,SANSTAR LIMITED,SANSTAR,Sanstar Ltd,Active,B ,2.00,INE08NE01025,Equity,,,,,
544218,Aditya Birla Sun Life Mutual Fund,ABSLPSE,Aditya Birla Sun Life Nifty PSE ETF,Active,B ,1.00,INF209KB19Z4,Equity,,,,,
544222,Akums Drugs and Pharmaceuticals Limited,AKUMS,Akums Drugs and Pharmaceuticals Ltd,Active,B ,2.00,INE09XN01023,Equity,,,,,
544223,Ceigall India Limited,CEIGALL,Ceigall India Ltd,Active,B ,5.00,INE0AG901020,Equity,,,,,
544227,UNICOMMERCE ESOLUTIONS LIMITED,UNIECOM,Unicommerce Esolutions Ltd,Active,B ,1.00,INE00U401027,Equity,,,,,
544229,ICICI Prudential Mutual Fund,METALIETF,ICICI Prudential Nifty Metal ETF,Active,B ,10.00,INF109KC19W1,Equity,,,,,
544230,SARASWATI SAREE DEPOT LIMITED,SSDL,Saraswati Saree Depot Ltd,Active,B ,10.00,INE0PQ101010,Equity,,,,,
544232,Interarch Building Solutions Limited,INTERARCH,Interarch Building Solutions Ltd,Active,B ,10.00,INE00M901018,Equity,,,,,
544233,Mahalaxmi Fabric Mills Limited,MFML,Mahalaxmi Fabric Mills Ltd,Active,B ,10.00,INE0US801024,Equity,,,,,
544235,Orient Technologies Limited,ORIENTTECH,Orient Technologies Ltd,Active,B ,10.00,INE0PPK01015,Equity,,,,,
544241,Mirae Asset Mutual Fund,MULTICAP,Mirae Asset Nifty500 Multicap 50:25:25 ETF,Active,B ,10.00,INF769K01LX9,Equity,,,,,
544244,Gala Precision Engineering Limited,GALAPREC,Gala Precision Engineering Ltd,Active,B ,10.00,INE0RE001014,Equity,,,,,
544246,Revathi Equipment India Limited,RVTH,Revathi Equipment India Ltd,Active,B ,10.00,INE0DAB01012,Equity,,,,,
544247,DSP Mutual Fund,TOP10ADD,DSP Nifty Top 10 Equal Weight ETF,Active,B ,10.00,INF740KA1UR9,Equity,,,,,
544249,SHREE TIRUPATI BALAJEE AGRO TRADING COMPANY LIMITED,BALAJEE,Shree Tirupati Balajee Agro Trading Company Ltd,Active,B ,10.00,INE0S2G01011,Equity,,,,,
544250,Sanofi Consumer Healthcare India Limited,SANOFICONR,Sanofi Consumer Healthcare India Ltd,Active,B ,10.00,INE0UOS01011,Equity,,,,,
544253,Kross Limited,KROSS,Kross Ltd,Active,B ,5.00,INE0O6601022,Equity,,,,,
544254,Tolins Tyres Limited,TOLINS,Tolins Tyres Ltd,Active,B ,5.00,INE0RWQ01014,Equity,,,,,
544256,P N GADGIL JEWELLERS LIMITED,PNGJL,P N Gadgil Jewellers Ltd,Active,B ,10.00,INE953R01016,Equity,,,,,
544258,Western Carriers (India) Limited,WCIL,Western Carriers (India) Ltd,Active,B ,5.00,INE0CJF01024,Equity,,,,,
544261,ARKADE DEVELOPERS LIMITED,ARKADE,Arkade Developers Ltd,Active,B ,10.00,INE0QRL01017,Equity,,,,,
544262,Manba Finance Limited,MANBA,Manba Finance Ltd,Active,B ,10.00,INE939X01013,Equity,,,,,
544264,Diffusion Engineers Limited,DIFFNKG,Diffusion Engineers Ltd,Active,B ,10.00,INE184O01015,Equity,,,,,
544266,Mirae Asset Mutual Fund,BANKPSU,Mirae Asset Nifty PSU Bank ETF,Active,B ,10.00,INF769K01LZ4,Equity,,,,,
544268,Mirae Asset Mutual Fund,METAL,Mirae Asset Nifty Metal ETF,Active,B ,10.00,INF769K01LY7,Equity,,,,,
544271,Garuda Construction and Engineering Limited,GARUDA,Garuda Construction and Engineering Ltd,Active,B ,5.00,INE0JVO01026,Equity,,,,,
544275,ICICI Prudential Mutual Fund,VAL30IETF,ICICI Prudential Nifty200 Value 30 ETF,Active,B ,10.00,INF109KC16X5,Equity,,,,,
544279,Godavari Biorefineries Limited,GODAVARIB,Godavari Biorefineries Ltd,Active,B ,10.00,INE497S01012,Equity,,,,,
544281,A B INFRABUILD LIMITED,ABINFRA,A B Infrabuild Ltd,Active,B ,1.00,INE00YB01025,Equity,,,,,
544290,ENVIRO INFRA ENGINEERS LIMITED,EIEL,Enviro Infra Engineers Ltd,Active,B ,10.00,INE0LLY01014,Equity,,,,,
544293,SURAKSHA DIAGNOSTIC LIMITED,SURAKSHA,Suraksha Diagnostic Ltd,Active,B ,2.00,INE877V01027,Equity,,,,,
544294,Rossell Techsys Limited,ROSSTECH,Rossell Techsys Ltd,Active,B ,2.00,INE0OJW01016,Equity,,,,,
544302,Innovana Thinklabs Limited,INNOVANA,Innovana Thinklabs Ltd,Active,B ,10.00,INE403Y01018,Equity,,,,,
544305,One Mobikwik Systems Limited,MOBIKWIK,One Mobikwik Systems Ltd,Active,B ,2.00,INE0HLU01028,Equity,,,,,
544314,Sanathan Textiles Limited,SANATHAN,Sanathan Textiles Ltd,Active,B ,10.00,INE0JPD01013,Equity,,,,,
544315,Concord Enviro Systems Limited,CEWATER,Concord Enviro Systems Ltd,Active,B ,5.00,INE037Z01029,Equity,,,,,
544316,DAM Capital Advisors Limited,DAMCAPITAL,DAM Capital Advisors Ltd,Active,B ,2.00,INE284H01025,Equity,,,,,
544318,MAMATA MACHINERY LIMITED,MAMATA,Mamata Machinery Ltd,Active,B ,10.00,INE0TO701015,Equity,,,,,
544320,CARRARO INDIA LIMITED,CARRARO,Carraro India Ltd,Active,B ,10.00,INE0V7W01012,Equity,,,,,
544321,Ventive Hospitality Limited,VENTIVE,Ventive Hospitality Ltd,Active,B ,1.00,INE781S01027,Equity,,,,,
544322,Unimech Aerospace and Manufacturing Limited,UNIMECH,Unimech Aerospace and Manufacturing Ltd,Active,B ,5.00,INE0U3I01011,Equity,,,,,
544323,Mirae Asset Mutual Fund,CONSUMER,Mirae Asset Nifty India New Age Consumption ETF,Active,B ,10.00,INF769K01NS5,Equity,,,,,
544326,Edelweiss Mutual Fund,ECAPINSURE,Edelweiss BSE Capital Markets & Insurance ETF,Active,B ,10.00,INF754K01TX4,Equity,,,,,
544328,INDO FARM EQUIPMENT LIMITED,INDOFARM,Indo Farm Equipment Ltd,Active,B ,10.00,INE622H01018,Equity,,,,,
544333,STANDARD ENGINEERING TECHNOLOGY LIMITED,SETL,Standard Engineering Technology Ltd,Active,B ,10.00,INE0M4D01010,Equity,,,,,
544336,Quadrant Future Tek Limited,QUADFUTURE,Quadrant Future Tek Ltd,Active,B ,10.00,INE0LRY01011,Equity,,,,,
544339,Laxmi Dental Limited,LAXMIDENTL,Laxmi Dental Ltd,Active,B ,2.00,INE0WO601020,Equity,,,,,
544342,Stallion India Fluorochemicals Limited,STALLION,Stallion India Fluorochemicals Ltd,Active,B ,10.00,INE0RYC01010,Equity,,,,,
544345,Denta Water and Infra Solutions Limited,DENTA,Denta Water and Infra Solutions Ltd,Active,B ,10.00,INE0R4L01018,Equity,,,,,
544352,DSP Mutual Fund,NEXT30ADD,DSP BSE Sensex Next 30 ETF,Active,B ,10.00,INF740KA1VE5,Equity,,,,,
544355,Jubilant Agri and Consumer Products Limited,JUBLCPL,Jubilant Agri and Consumer Products Ltd,Active,B ,10.00,INE03CC01015,Equity,,,,,
544356,AJAX Engineering Limited,AJAXENGG,AJAX Engineering Ltd,Active,B ,1.00,INE274Y01021,Equity,,,,,
544364,Indef Manufacturing Limited,BAJAJINDEF,Indef Manufacturing Ltd,Active,B ,1.00,INE0O9T01021,Equity,,,,,
544376,Mirae Asset Mutual Fund,SELECTIPO,Mirae Asset BSE Select IPO ETF,Active,B ,10.00,INF769K01ON4,Equity,,,,,
544377,Mirae Asset Mutual Fund,EQUAL200,Mirae Asset BSE 200 Equal Weight ETF,Active,B ,10.00,INF769K01OA1,Equity,,,,,
544379,Prabha Energy Limited,PRABHA,Prabha Energy Ltd,Active,B ,1.00,INE0I0M01023,Equity,,,,,
544382,Axis Mutual Fund,VALUEAXIS,Axis Nifty500 Value 50 ETF,Active,B ,10.00,INF846KA1119,Equity,,,,,
544385,SBI Mutual Fund,SBIBPB,SBI BSE PSU BANK ETF,Active,B ,10.00,INF200KB1712,Equity,,,,,
544386,Spectrum Electrical Industries Limited,SPECTRUM,Spectrum Electrical Industries Ltd,Active,B ,10.00,INE01EO01010,Equity,,,,,
544394,ICICI Prudential Mutual Fund,EVIETF,ICICI Prudential Nifty EV & New Age Automotive ETF,Active,B ,10.00,INF109K1A153,Equity,,,,,
544396,Network People Services Technologies Limited,NPST,Network People Services Technologies Ltd,Active,B ,10.00,INE0FFK01017,Equity,,,,,
544401,Mirae Asset Mutual Fund,EQUAL50,Mirae Asset Nifty50 Equal Weight ETF,Active,B ,10.00,INF769K01OO2,Equity,,,,,
544402,JASH ENGINEERING LIMITED,JASH,Jash Engineering Ltd,Active,B ,2.00,INE039O01029,Equity,,,,,
544404,BORANA WEAVES LIMITED,BORANA,Borana Weaves Ltd,Active,B ,10.00,INE16SF01016,Equity,,,,,
544410,PROSTARM INFO SYSTEMS LIMITED,PROSTARM,Prostarm Info Systems Ltd,Active,B ,10.00,INE0BX301013,Equity,,,,,
544411,Scoda Tubes Limited,SCODATUBES,Scoda Tubes Ltd,Active,B ,10.00,INE090501011,Equity,,,,,
544413,Digitide Solutions Limited,DIGITIDE,Digitide Solutions Ltd,Active,B ,10.00,INE0U4701011,Equity,,,,,
544414,Bluspring Enterprises Limited,BLUSPRING,Bluspring Enterprises Ltd,Active,B ,10.00,INE0U4101014,Equity,,,,,
544415,Nippon India Mutual Fund,SNXT30BEES,Nippon India BSE Sensex Next 30 ETF,Active,B ,10.00,INF204KC1EZ3,Equity,,,,,
544416,KRISHIVAL FOODS LIMITED,KRISHIVAL,Krishival Foods Ltd,Active,B ,10.00,INE0GGO01015,Equity,,,,,
544418,Oswal Pumps Limited,OSWALPUMPS,Oswal Pumps Ltd,Active,B ,1.00,INE0BYP01024,Equity,,,,,
544419,ArisInfra Solutions Limited,ARIS,ArisInfra Solutions Ltd,Active,B ,2.00,INE0H9P01028,Equity,,,,,
544420,Raymond Realty Limited,RAYMONDREL,Raymond Realty Ltd,Active,B ,10.00,INE1SY401010,Equity,,,,,
544421,ELLENBARRIE INDUSTRIAL GASES LIMITED,ELLEN,Ellenbarrie Industrial Gases Ltd,Active,B ,2.00,INE236E01022,Equity,,,,,
544423,Kalpataru Limited,KALPATARU,Kalpataru Ltd,Active,B ,10.00,INE227J01012,Equity,,,,,
544424,GLOBE CIVIL PROJECTS LIMITED,GLOBECIVIL,Globe Civil Projects Ltd,Active,B ,10.00,INE0V3U01015,Equity,,,,,
544427,ICICI Prudential Mutual Fund,TOP15IETF,ICICI Prudential Nifty Top 15 Equal Weight ETF,Active,B ,10.00,INF109K1A344,Equity,,,,,
544430,SAMBHV STEEL TUBES LIMITED,SAMBHV,Sambhv Steel Tubes Ltd,Active,B ,10.00,INE12NJ01018,Equity,,,,,
544432,Indogulf Cropsciences Limited,IGCL,Indogulf Cropsciences Ltd,Active,B ,10.00,INE05J901018,Equity,,,,,
544438,Mirae Asset Mutual Fund,INTERNET,Mirae Asset Nifty India Internet ETF,Active,B ,10.00,INF769K01PB6,Equity,,,,,
544439,CRIZAC LIMITED,CRIZAC,Crizac Ltd,Active,B ,2.00,INE0S4R01014,Equity,,,,,
544443,TRAVEL FOOD SERVICES LIMITED,TRAVELFOOD,Travel Food Services Ltd,Active,B ,1.00,INE103V01028,Equity,,,,,
544446,Advent Hotels International Limited,ADVENTHTL,Advent Hotels International Ltd,Active,B ,10.00,INE28GN01010,Equity,,,,,
544447,SMARTWORKS COWORKING SPACES LIMITED,SMARTWORKS,Smartworks Coworking Spaces Ltd,Active,B ,10.00,INE0NAZ01010,Equity,,,,,
544448,Pashupati Cotspin Limited,PASHUPATI,Pashupati Cotspin Ltd,Active,B ,1.00,INE124Y01028,Equity,,,,,
544454,INDIQUBE SPACES LIMITED,INDIQUBE,Indiqube Spaces Ltd,Active,B ,1.00,INE06ST01018,Equity,,,,,
544455,GNG Electronics Limited,EBGNG,GNG Electronics Ltd,Active,B ,2.00,INE18JU01028,Equity,,,,,
544456,R M DRIP AND SPRINKLERS SYSTEMS LIMITED,RMDRIP,R M Drip and Sprinklers Systems Ltd,Active,B ,1.00,INE219Y01026,Equity,,,,,
544457,Brigade Hotel Ventures Limited,BRIGHOTEL,Brigade Hotel Ventures Ltd,Active,B ,10.00,INE03NU01014,Equity,,,,,
544459,SHANTI GOLD INTERNATIONAL LIMITED,SHANTIGOLD,Shanti Gold International Ltd,Active,B ,10.00,INE06ZD01017,Equity,,,,,
544461,Euro Panel Products Limited,EUROBOND,Euro Panel Products Ltd,Active,B ,10.00,INE505V01016,Equity,,,,,
544469,Sri Lotus Developers and Realty Limited,LOTUSDEV,Sri Lotus Developers and Realty Ltd,Active,B ,1.00,INE0V9Q01010,Equity,,,,,
544470,M & B ENGINEERING LIMITED,MBEL,M & B Engineering Ltd,Active,B ,10.00,INE08N601015,Equity,,,,,
544473,Groww Mutual Fund,GROWWPOWER,Groww BSE Power ETF,Active,B ,10.00,INF666M01LM6,Equity,,,,,
544477,Highway Infrastructure Limited,HILINFRA,Highway Infrastructure Ltd,Active,B ,5.00,INE00RL01028,Equity,,,,,
544479,ALL TIME PLASTICS LIMITED,ALLTIME,All Time Plastics Ltd,Active,B ,2.00,INE0GV601021,Equity,,,,,
544487,PATEL RETAIL LIMITED,PATELRMART,Patel Retail Ltd,Active,B ,10.00,INE0R8B01010,Equity,,,,,
544490,Shreeji Shipping Global Limited,SHREEJISPG,Shreeji Shipping Global Ltd,Active,B ,10.00,INE1B6101010,Equity,,,,,
544491,Gem Aromatics Limited,GEMAROMA,Gem Aromatics Ltd,Active,B ,2.00,INE06XZ01023,Equity,,,,,
544492,MANGAL ELECTRICAL INDUSTRIES LIMITED,MEIL,Mangal Electrical Industries Ltd,Active,B ,10.00,INE0PKD01011,Equity,,,,,
544493,Nippon India Mutual Fund,MANUFGBEES,Nippon India Nifty India Manufacturing ETF,Active,B ,10.00,INF204KC1GH6,Equity,,,,,
544496,Vikran Engineering Limited,VIKRAN,Vikran Engineering Ltd,Active,B ,1.00,INE01R501028,Equity,,,,,
544497,ANLON HEALTHCARE LIMITED,AHCL,Anlon Healthcare Ltd,Active,B ,2.00,INE0Y8W01025,Equity,,,,,
544499,Career Point Edutech Limited,CPEDU,Career Point Edutech Ltd,Active,B ,10.00,INE0P6P01016,Equity,,,,,
544507,Zerodha Mutual Fund,SML100CASE,Zerodha Nifty Smallcap 100 ETF,Active,B ,10.00,INF0R8F01141,Equity,,,,,
544512,SHRINGAR HOUSE OF MANGALSUTRA LIMITED,SHRINGARMS,Shringar House of Mangalsutra Ltd,Active,B ,10.00,INE1B3L01017,Equity,,,,,
544513,Dev Accelerator Limited,DEVX,Dev Accelerator Ltd,Active,B ,2.00,INE0VOV01021,Equity,,,,,
544517,Shankara Buildpro Limited,BUILDPRO,Shankara Buildpro Ltd,Active,B ,10.00,INE24OJ01011,Equity,,,,,
544519,EURO PRATIK SALES LIMITED,EUROPRATIK,Euro Pratik Sales Ltd,Active,B ,1.00,INE198501012,Equity,,,,,
544522,A B Cotspin India Limited,ABCOTS,A B Cotspin India Ltd,Active,B ,10.00,INE08PH01015,Equity,,,,,
544523,IVALUE INFOSOLUTIONS LIMITED,IVALUE,Ivalue Infosolutions Ltd,Active,B ,2.00,INE056801025,Equity,,,,,
544525,GK ENERGY LIMITED,GKENERGY,GK Energy Ltd,Active,B ,2.00,INE1AG301022,Equity,,,,,
544526,Saatvik Green Energy Limited,SAATVIKGL,Saatvik Green Energy Ltd,Active,B ,2.00,INE13B501022,Equity,,,,,
544527,Atlanta Electricals Limited,ATLANTAELE,Atlanta Electricals Ltd,Active,B ,2.00,INE0Z4F01028,Equity,,,,,
544528,Ganesh Consumer Products Limited,GANESHCP,Ganesh Consumer Products Ltd,Active,B ,10.00,INE652V01016,Equity,,,,,
544530,ANAND RATHI SHARE AND STOCK BROKERS LIMITED,ARSSBL,Anand Rathi Share And Stock Brokers Ltd,Active,B ,5.00,INE549H01021,Equity,,,,,
544532,Solarworld Energy Solutions Limited,SOLARWORLD,Solarworld Energy Solutions Ltd,Active,B ,5.00,INE0TY101024,Equity,,,,,
544533,Seshaasai Technologies Limited,STYL,Seshaasai Technologies Ltd,Active,B ,10.00,INE04VU01023,Equity,,,,,
544534,Jaro Institute of Technology Management and Research Limited,JARO,Jaro Institute of Technology Management and Research Ltd,Active,B ,10.00,INE00YJ01010,Equity,,,,,
544536,Wealth First Portfolio Managers Limited,WEALTH,Wealth First Portfolio Managers Ltd,Active,B ,10.00,INE658T01017,Equity,,,,,
544537,Jain Resource Recycling Limited,JAINREC,Jain Resource Recycling Ltd,Active,B ,2.00,INE0YD401026,Equity,,,,,
544540,Epack Prefab Technologies Limited,EPACKPEB,Epack Prefab Technologies Ltd,Active,B ,2.00,INE0MLS01022,Equity,,,,,
544543,BMW VENTURES LIMITED,BMWVENTLTD,BMW Ventures Ltd,Active,B ,10.00,INE965W01036,Equity,,,,,
544545,TRUALT BIOENERGY LIMITED,TRUALT,Trualt Bioenergy Ltd,Active,B ,10.00,INE0MWH01014,Equity,,,,,
544550,Pace Digitek Limited,PACEDIGITK,Pace Digitek Ltd,Active,B ,2.00,INE0S3G01027,Equity,,,,,
544558,Fabtech Technologies Limited,FABTECH,Fabtech Technologies Ltd,Active,B ,10.00,INE0HF201011,Equity,,,,,
544562,Advance Agrolife Limited,ADVANCE,Advance Agrolife Ltd,Active,B ,10.00,INE1B0W01010,Equity,,,,,
544569,Tata Motors Limited,TMCV,Tata Motors Ltd,Active,B ,2.00,INE1TAE01010,Equity,,,,,
544570,WeWork India Management Limited,WEWORK,WeWork India Management Ltd,Active,B ,10.00,INE085001019,Equity,,,,,
544572,SKF INDIA (INDUSTRIAL) LIMITED,SKFINDUS,SKF India (Industrial) Ltd,Active,B ,10.00,INE2J8701016,Equity,,,,,
544576,LG Electronics India Limited,LGEINDIA,LG Electronics India Ltd,Active,B ,10.00,INE324D01010,Equity,,,,,
544577,Worth Peripherals Limited,WORTHPERI,Worth Peripherals Ltd,Active,B ,10.00,INE196Y01018,Equity,,,,,
544578,RUBICON RESEARCH LIMITED,RUBICON,Rubicon Research Ltd,Active,B ,1.00,INE506V01022,Equity,,,,,
544580,Canara Robeco Asset Management Company Limited,CRAMC,Canara Robeco Asset Management Company Ltd,Active,B ,10.00,INE218I01013,Equity,,,,,
544581,DSP Mutual Fund,FLEXIADD,DSP Nifty500 Flexicap Quality 30 ETF,Active,B ,10.00,INF740KA1WU9,Equity,,,,,
544583,Canara HSBC Life Insurance Company Limited,CANHLIFE,Canara HSBC Life Insurance Company Ltd,Active,B ,10.00,INE01TY01017,Equity,,,,,
544586,Zerodha Mutual Fund,NIFTYCASE,Zerodha Nifty 50 ETF,Active,B ,10.00,INF0R8F01166,Equity,,,,,
544587,Midwest Limited,MIDWESTLTD,Midwest Ltd,Active,B ,5.00,INE0XAD01024,Equity,,,,,
544588,SBI Mutual Fund,MHLSRG,SBI Mutual Fund,Active,B ,10.00,INF200K30015,Equity,,,,,
544589,SBI Mutual Fund,MHLSRD,SBI Mutual Fund,Active,B ,10.00,INF200K30023,Equity,,,,,
544590,SBI Mutual Fund,MHLSRDR,SBI Mutual Fund,Active,B ,10.00,INF200K30031,Equity,,,,,
544591,SBI Mutual Fund,MHLSDG,SBI Mutual Fund,Active,B ,10.00,INF200K30049,Equity,,,,,
544592,SBI Mutual Fund,MHLSDD,SBI Mutual Fund,Active,B ,10.00,INF200K30056,Equity,,,,,
544593,SBI Mutual Fund,MHLSDDR,SBI Mutual Fund,Active,B ,10.00,INF200K30064,Equity,,,,,
544595,Orkla India Limited,ORKLAINDIA,Orkla India Ltd,Active,B ,1.00,INE16NZ01023,Equity,,,,,
544597,Piramal Finance Limited,PIRAMALFIN,Piramal Finance Ltd,Active,B ,2.00,INE202B01038,Equity,,,,,
544599,Studds Accessories Limited,STUDDS,Studds Accessories Ltd,Active,B ,5.00,INE00Q601028,Equity,,,,,
544600,Lenskart Solutions Limited,LENSKART,Lenskart Solutions Ltd,Active,B ,2.00,INE956O01016,Equity,,,,,
544602,Allcargo Global Limited,AGL,Allcargo Global Ltd,Active,B ,2.00,INE1YPB01014,Equity,,,,,
544603,Billionbrains Garage Ventures Limited,GROWW,Billionbrains Garage Ventures Ltd,Active,B ,2.00,INE0HOQ01053,Equity,,,,,
544604,Mirae Asset Mutual Fund,ENERGY,Mirae Asset Nifty Energy ETF,Active,B ,10.00,INF769K01PR2,Equity,,,,,
544605,Mirae Asset Mutual Fund,SMALL250,Mirae Asset Nifty Smallcap 250 ETF,Active,B ,10.00,INF769K01PQ4,Equity,,,,,
544606,Pine Labs Limited,PINELABS,Pine Labs Ltd,Active,B ,1.00,INE15B701018,Equity,,,,,
544608,Emmvee Photovoltaic Power Limited,EMMVEE,Emmvee Photovoltaic Power Ltd,Active,B ,2.00,INE1C6T01020,Equity,,,,,
544609,Physicswallah Limited,PWL,Physicswallah Ltd,Active,B ,1.00,INE0LP301011,Equity,,,,,
544612,Tenneco Clean Air India Limited,TENNIND,Tenneco Clean Air India Ltd,Active,B ,10.00,INE19RI01016,Equity,,,,,
544613,Fujiyama Power Systems Limited,UTLSOLAR,Fujiyama Power Systems Ltd,Active,B ,1.00,INE12UR01024,Equity,,,,,
544614,Capillary Technologies India Limited,CAPILLARY,Capillary Technologies India Ltd,Active,B ,2.00,INE0ILV01024,Equity,,,,,
544615,KSR Footwear Limited,KSR,KSR Footwear Ltd,Active,B ,10.00,INE1SPP01016,Equity,,,,,
544617,Excelsoft Technologies Limited,EXCELSOFT,Excelsoft Technologies Ltd,Active,B ,10.00,INE606N01019,Equity,,,,,
544618,Edelweiss Mutual Fund,ESENSEX,Edelweiss BSE Sensex ETF,Active,B ,10.00,INF754K01VY8,Equity,,,,,
544619,Sudeep Pharma Limited,SUDEEPPHRM,Sudeep Pharma Ltd,Active,B ,1.00,INE0QPI01025,Equity,,,,,
544620,DSP Mutual Fund,MSCIADD,DSP MSCI India ETF,Active,B ,10.00,INF740KA1WV7,Equity,,,,,
544622,Kwality Wall’s (India) Limited,KWIL,Kwality Walls (India) Ltd,Active,B ,1.00,INE2KCE01013,Equity,,,,,
544631,CREATIVE NEWTECH LIMITED,CNL,Creative Newtech Ltd,Active,B ,10.00,INE985W01018,Equity,,,,,
544632,Meesho Limited,MEESHO,Meesho Ltd,Active,B ,1.00,INE0VDM01015,Equity,,,,,
544633,VIDYA WIRES LIMITED,VIDYAWIRES,Vidya Wires Ltd,Active,B ,1.00,INE14UN01029,Equity,,,,,
544634,Aequs Limited,AEQUS,Aequs Ltd,Active,B ,10.00,INE947N01017,Equity,,,,,
544642,Wakefit Innovations Limited,WAKEFIT,Wakefit Innovations Ltd,Active,B ,1.00,INE0E7301029,Equity,,,,,
544644,Corona Remedies Limited ,CORONA,Corona Remedies Ltd,Active,B ,10.00,INE02ZQ01018,Equity,,,,,
544645,PARK MEDI WORLD LIMITED,PARKHOSPS,Park Medi World Ltd,Active,B ,2.00,INE119201023,Equity,,,,,
544647,Nephrocare Health Services Limited,NEPHROPLUS,Nephrocare Health Services Ltd,Active,B ,2.00,INE428V01029,Equity,,,,,
544649,Tata Mutual Fund,TSIFDG,Titanium Hybrid Long-Short Fund Direct Plan Growth,Active,B ,10.00,INF277K30047,Equity,,,,,
544650,Tata Mutual Fund,TSIFDIR,Titanium Hybrid Long-Short Fund Direct Plan IDCW Reinvestment,Active,B ,10.00,INF277K30054,Equity,,,,,
544651,Tata Mutual Fund,TSIFRG,Titanium Hybrid Long-Short Fund Regular Plan Growth,Active,B ,10.00,INF277K30013,Equity,,,,,
544652,Tata Mutual Fund,TSIFRIP,Titanium Hybrid Long-Short Fund Regular Plan IDCW Payout,Active,B ,10.00,INF277K30039,Equity,,,,,
544653,Tata Mutual Fund,TSIFRIR,Titanium Hybrid Long-Short Fund Regular Plan IDCW Reinvestment,Active,B ,10.00,INF277K30021,Equity,,,,,
544654,DSP Mutual Fund,SMALLADD,DSP Nifty Smallcap 250 ETF,Active,B ,10.00,INF740KA1WX3,Equity,,,,,
544655,DSP Mutual Fund,MIDCAPADD,DSP Nifty Midcap 150 ETF,Active,B ,10.00,INF740KA1WW5,Equity,,,,,
544660,Mirae Asset Mutual Fund,TOP20,Mirae Asset Nifty Top 20 Equal Weight ETF,Active,B ,10.00,INF769K01PZ5,Equity,,,,,
544661,Mirae Asset Mutual Fund,DIVIDEND,Mirae Asset BSE 500 Dividend Leaders 50 ETF,Active,B ,10.00,INF769K01PY8,Equity,,,,,
544664,KSH INTERNATIONAL LIMITED,KSHINTL,KSH International Ltd,Active,B ,5.00,INE987S01020,Equity,,,,,
544666,GUJARAT KIDNEY AND SUPER SPECIALITY LIMITED,GKSL,Gujarat Kidney and Super Speciality Ltd,Active,B ,2.00,INE0V0W01025,Equity,,,,,
544674,DSP Mutual Fund,NEXT50ADD,DSP Nifty Next 50 ETF,Active,B ,10.00,INF740KA1XU7,Equity,,,,,
544678,BHARAT COKING COAL LIMITED,BHARATCOAL,Bharat Coking Coal Ltd,Active,B ,10.00,INE05XR01022,Equity,,,,,
544679,Amagi Media Labs Limited,AMAGI,Amagi Media Labs Ltd,Active,B ,5.00,INE121R01077,Equity,,,,,
544685,SHADOWFAX TECHNOLOGIES LIMITED,SHADOWFAX,Shadowfax Technologies Ltd,Active,B ,10.00,INE12UN01015,Equity,,,,,
544689,Bandhan Mutual Fund,ARSIFHRG,Arudha Hybrid Long- Short Fund Regular Plan-Growth,Active,B ,10.00,INF194K30010,Equity,,,,,
544690,Bandhan Mutual Fund,ARSIFHRMD,Arudha Hybrid Long- Short Fund Regular Plan-Monthly IDCW,Active,B ,10.00,INF194K30051,Equity,,,,,
544691,Bandhan Mutual Fund,ARSIFHDG,Arudha Hybrid Long- Short Fund Direct Plan-Growth,Active,B ,10.00,INF194K30184,Equity,,,,,
544692,Bandhan Mutual Fund,ARSIFHRHD,Arudha Hybrid Long- Short Fund Direct Plan-Half yearly IDCW,Active,B ,10.00,INF194K30242,Equity,,,,,
544696,ICICI Prudential Mutual Fund,ISIFHLSG,iSIF Hybrid Long-Short Fund - Growth,Active,B ,10.00,INF109K30018,Equity,,,,,
544697,ICICI Prudential Mutual Fund,ISIFHLSDG,iSIF Hybrid Long-Short Fund - Direct Plan - Growth,Active,B ,10.00,INF109K30026,Equity,,,,,
544699,Aye Finance Limited,AYE,Aye Finance Ltd,Active,B ,2.00,INE501X01029,Equity,,,,,
544700,Fractal Analytics Limited,FRACTAL,Fractal Analytics Ltd,Active,B ,1.00,INE212S01015,Equity,,,,,
544701,Mirae Asset Mutual Fund,HEALTHCARE,Mirae Asset Nifty 500 Healthcare ETF,Active,B ,10.00,INF769K01QA6,Equity,,,,,
544704,Mirae Asset Mutual Fund,INFRA,Mirae Asset Nifty India Infrastructure & LogisticsETF,Active,B ,10.00,INF769K01QB4,Equity,,,,,
544705,Mirae Asset Mutual Fund,DEFENCE,Mirae Asset BSE India Defence ETF,Active,B ,10.00,INF769K01QC2,Equity,,,,,
544706,Aditya Birla Sun Life Mutual Fund,ABSLMSCIN,Aditya Birla Sun Life MSCI India ETF,Active,B ,10.00,INF209KC1662,Equity,,,,,
544716,SHREE RAM TWISTEX LIMITED,SRTL,Shree Ram Twistex Ltd,Active,B ,10.00,INE19GK01015,Equity,,,,,
544717,Clean Max Enviro Energy Solutions Limited,CLEANMAX,Clean Max Enviro Energy Solutions Ltd,Active,B ,1.00,INE647U01026,Equity,,,,,
544718,PNGS Reva Diamond Jewellery Limited,PNGSREVA,PNGS Reva Diamond Jewellery Ltd,Active,B ,10.00,INE1RDG01013,Equity,,,,,
544719,Aditya Birla Sun Life Mutual Fund,ABSL10BANK,Aditya Birla Sun Life BSE Top 10 Banks ETF,Active,B ,10.00,INF209KC1670,Equity,,,,,
544720,Omnitech Engineering Limited,OMNI,Omnitech Engineering Ltd,Active,B ,5.00,INE0UH301010,Equity,,,,,
544721,Groww Mutual Fund,GROWWHOSPI,Groww BSE Hospitals ETF,Active,B ,10.00,INF666M01OD9,Equity,,,,,
544722,SBI Mutual Fund,SBIMIDMOM,SBI Nifty Midcap 150 Momentum 50 ETF,Active,B ,10.00,INF200KB1AJ0,Equity,,,,,
544723,SEDEMAC MECHATRONICS LIMITED,SEDEMAC,Sedemac Mechatronics Ltd,Active,B ,10.00,INE00XB01019,Equity,,,,,
544725,DSP Mutual Fund,BANK10ADD,DSP BSE Top 10 Banks ETF,Active,B ,10.00,INF740KA1YH2,Equity,,,,,
544731,RAJPUTANA STAINLESS LIMITED,RSL,Rajputana Stainless Ltd,Active,B ,10.00,INE313L01016,Equity,,,,,
544732,Innovision Limited,INNOVISION,Innovision Ltd,Active,B ,10.00,INE0ADB01012,Equity,,,,,
544733,GSP CROP SCIENCE LIMITED,GSPCROP,GSP Crop Science Ltd,Active,B ,10.00,INE713R01022,Equity,,,,,
544737,Mirae Asset Mutual Fund,VALUE,Mirae Asset Nifty 500 Value 50 ETF,Active,B ,10.00,INF769K01QV2,Equity,,,,,
544739,Central Mine Planning & Design Institute Limited,CMPDI,Central Mine Planning & Design Institute Ltd,Active,B ,2.00,INE05HV01027,Equity,,,,,
544742,Sai Parenteral's Limited,SAIPARENT,Sai Parenterals Ltd,Active,B ,5.00,INE0H9F01037,Equity,,,,,
544743,Amir Chand Jagdish Kumar (Exports) Limited,AEROPLANE,Amir Chand Jagdish Kumar (Exports) Ltd,Active,B ,10.00,INE05TO01019,Equity,,,,,
544744,Powerica Ltd.,POWERICA,Powerica Ltd,Active,B ,5.00,INE921L01032,Equity,,,,,
544745,SBI Mutual Fund,SBINMID150,SBI Nifty Midcap 150 ETF,Active,B ,10.00,INF200KB1AK8,Equity,,,,,
544748,ONE POINT ONE SOLUTIONS LIMITED,ONEPOINT,One Point One Solutions Ltd,Active,B ,2.00,INE840Y01029,Equity,,,,,
544749,Bandhan Mutual Fund,ARSIFHDAD,Arudha Hybrid Long- Short Fund Direct Plan-Annual IDCW,Active,B ,10.00,INF194K30259,Equity,,,,,
544750,OM POWER TRANSMISSION LIMITED,OMPOWER,Om Power Transmission Ltd,Active,B ,10.00,INE25E901019,Equity,,,,,
544754,OnEMI Technology Solutions Limited,KISSHT,OnEMI Technology Solutions Ltd,Active,B ,1.00,INE12F801023,Equity,,,,,
544760,DSP Mutual Fund,FMCGADD,DSP Nifty FMCG ETF,Active,B ,10.00,INF740KA1ZA4,Equity,,,,,
544761,Edelweiss Mutual Fund,ENEXT50,Edelweiss Nifty Next 50 ETF,Active,B ,10.00,INF754K01XF3,Equity,,,,,
544762,SBI Mutual Fund,SBIVALETF,SBI Nifty200 Value 30 ETF,Active,B ,10.00,INF200KB1AX1,Equity,,,,,
544763,SBI Mutual Fund,SBISMLETF,SBI Nifty Smallcap 250 ETF,Active,B ,10.00,INF200KB1AY9,Equity,,,,,
544764,Mangalam Worldwide Limited,MWL,Mangalam Worldwide Ltd,Active,B ,1.00,INE0JYY01029,Equity,,,,,
544766,360 ONE Mutual Fund,MSCI360,360 ONE MSCI India ETF,Active,B ,10.00,INF579M01BP5,Equity,,,,,
544775,ICICI Prudential Mutual Fund,ISIFAAFG,iSIF Active Asset Allocator Long-Short Fund - Growth,Active,B ,10.00,INF109K30059,Equity,,,,,
544776,ICICI Prudential Mutual Fund,ISIFAAFDG,iSIF Active Asset Allocator Long-Short Fund - Direct Plan - Growth,Active,B ,10.00,INF109K30067,Equity,,,,,
544777,CMR Green Technologies Limited,CMRGREEN,CMR Green Technologies Ltd,Active,B ,2.00,INE00WV01027,Equity,,,,,
544780,Vedanta Aluminium Metal Limited,VAML,Vedanta Aluminium Metal Ltd,Active,B ,1.00,INE1CDF01017,Equity,,,,,
544781,Vedanta Power Limited,VEDPOWER,Vedanta Power Ltd,Active,B ,10.00,INE694L01019,Equity,,,,,
544782,Vedanta Oil and Gas Limited,VOGL,Vedanta Oil and Gas Ltd,Active,B ,1.00,INE704J01044,Equity,,,,,
544783,E2E Networks Limited,E2E,E2E Networks Ltd,Active,B ,1.00,INE255Z01027,Equity,,,,,
544784,Vedanta Iron and Steel Limited,VISL,Vedanta Iron And Steel Ltd,Active,B ,1.00,INE1CLE01013,Equity,,,,,
544786,Schneider Electric President Systems Ltd,SELECTRIC,Schneider Electric President Systems Ltd,Active,B ,10.00,INE155D01018,Equity,,,,,
544787,Mirae Asset Mutual Fund,PHLSRG,Platinum Hybrid Long-Short Fund- Regular plan growth,Active,B ,10.00,INF769K30019,Equity,,,,,
544788,Mirae Asset Mutual Fund,PHLSRDI,Platinum Hybrid Long-Short Fund- Regular plan IDCW reinvestments,Active,B ,10.00,INF769K30027,Equity,,,,,
544789,Mirae Asset Mutual Fund,PHLSRDP,Platinum Hybrid Long-Short Fund – Regular plan IDCW payout,Active,B ,10.00,INF769K30035,Equity,,,,,
544790,Mirae Asset Mutual Fund,PHLSDG,Platinum Hybrid Long-Short Fund – Direct Plan growth,Active,B ,10.00,INF769K30043,Equity,,,,,
544791,Mirae Asset Mutual Fund,PHLSDDI,Platinum Hybrid Long-Short Fund – Direct Plan IDCW reinvestments,Active,B ,10.00,INF769K30050,Equity,,,,,
544792,Mirae Asset Mutual Fund,PHLSDDP,Platinum Hybrid Long-Short Fund – Direct Plan IDCW payout,Active,B ,10.00,INF769K30068,Equity,,,,,
544795,ICICI Prudential Mutual Fund,SMALLIETF,ICICI Prudential Nifty Smallcap 250 ETF,Active,B ,10.00,INF109K1A476,Equity,,,,,
544799,Turtlemint Fintech Solutions Limited,TURTLEMINT,Turtlemint Fintech Solutions Ltd,Active,B ,1.00,INE0OC301013,Equity,,,,,
544802,Waterways Leisure Tourism Limited,CORDELIA,Waterways Leisure Tourism Ltd,Active,B ,10.00,INE0LZF01013,Equity,,,,,
544803,Advit Jewels Limited,RAMBHAJO,Advit Jewels Ltd,Active,B ,10.00,INE1SJO01012,Equity,,,,,
544806,CSM TECHNOLOGIES LIMITED,CSM,CSM Technologies Ltd,Active,B ,10.00,INE0ZK601013,Equity,,,,,
544808,AASTHA SPINTEX LIMITED,AASTHA,Aastha Spintex Ltd,Active,B ,10.00,INE2FMX01012,Equity,,,,,
544814,KNACK PACKAGING LIMITED,KNACK,Knack Packaging Ltd,Active,B ,10.00,INE17QZ01016,Equity,,,,,
544815,Kotak Mahindra Mutual Fund,INSIFHLSDG,Infinity Hybrid Long-Short Fund Direct Growth,Active,B ,10.00,INF174K30012,Equity,,,,,
544817,Kotak Mahindra Mutual Fund,INSIFHLSDR,Infinity Hybrid Long-Short Fund-Direct- IDCW Reinvestment,Active,B ,10.00,INF174K30038,Equity,,,,,
544818,Kotak Mahindra Mutual Fund,INSIFHLSRG,Infinity Hybrid Long-Short Fund-Regular-Growth,Active,B ,10.00,INF174K30046,Equity,,,,,
544819,Kotak Mahindra Mutual Fund,INSIFHLSRD,Infinity Hybrid Long-Short Fund-Regular - IDCW Payout,Active,B ,10.00,INF174K30053,Equity,,,,,
544820,Kotak Mahindra Mutual Fund,INSIFHLSRR,Infinity Hybrid Long-Short Fund-Regular-IDCW Reinvestment,Active,B ,10.00,INF174K30061,Equity,,,,,
544821,Kusumgar Limited,KUSUMGAR,Kusumgar Ltd,Active,B ,1.00,INE0ISX01025,Equity,,,,,
544822,Laser Power & Infra Limited,LASERPOWER,Laser Power & Infra Ltd,Active,B ,5.00,INE17IR01028,Equity,,,,,
544827,Bajaj Finserv Mutual Fund,BANK10BETF,Bajaj Finserv BSE Top 10 Banks ETF,Active,B ,10.00,INF0QA701CI0,Equity,,,,,
544830,Mirae Asset Mutual Fund,MOMMIDCAP,Mirae Asset BSE Midcap 150 Momentum 30 ETF,Active,B ,10.00,INF769K01RC0,Equity,,,,,
544833,CALIBER MINING AND LOGISTICS LIMITED,CMLL,Caliber Mining And Logistics Ltd,Active,B ,10.00,INE11XY01018,Equity,,,,,
570004,Jain Irrigation Systems Ltd.,JISLDVREQS,Jain Irrigation Systems Ltd_DVR,Active,B ,2.00,IN9175A01010,Equity,,,,,
570005,GACM Technologies Limited,GATECHDVR,GACM Technologies Ltd,Active,B ,1.00,INE224E01036,Equity,,,,,
590003,Karur Vysya Bank Ltd.,KARURVYSYA,Karur Vysya Bank Ltd,Active,B ,2.00,INE036D01028,Equity,,,,,
590005,VEEDOL CORPORATION LIMITED,VEEDOL,Veedol Corporation Ltd,Active,B ,2.00,INE484C01030,Equity,,,,,
590006,Amrutanjan Health Care Limited,AMRUTANJAN,Amrutanjan Health Care Ltd,Active,B ,1.00,INE098F01031,Equity,,,,,
590013,Xpro India Ltd.,XPROINDIA,Xpro India Ltd,Active,B ,10.00,INE445C01015,Equity,,,,,
590018,Hisar Metal Industries Ltd.,HISARMETAL,Hisar Metal Industries Ltd,Active,B ,10.00,INE598C01011,Equity,,,,,
590021,Bharat Rasayan Limited,BHARATRAS,Bharat Rasayan Ltd,Active,B ,5.00,INE838B01021,Equity,,,,,
590024,Fertilizers and Chemicals Travancore Limited,FACT,Fertilizers and Chemicals Travancore Ltd,Active,B ,10.00,INE188A01015,Equity,,,,,
590030,Southern Petrochemical Industries Corporation Limited,SPIC,Southern Petrochemicals Industries Corporation Ltd,Active,B ,10.00,INE147A01011,Equity,,,,,
590031,De Nora India Limited,DENORA,De Nora India Ltd,Active,B ,10.00,INE244A01016,Equity,,,,,
590041,Kavveri Defence & Wireless Technologies Limited,KAVDEFENCE,Kavveri Defence & Wireless Technologies Ltd,Active,B ,10.00,INE641C01019,Equity,,,,,
590051,Saksoft Limited,SAKSOFT,Saksoft Ltd,Active,B ,1.00,INE667G01023,Equity,,,,,
590056,Salona Cotspin Ltd.,SALONA,Salona Cotspin Ltd,Active,B ,10.00,INE498E01010,Equity,,,,,
590062,The Andhra Sugars Ltd.,ANDHRSUGAR,Andhra Sugars Ltd,Active,B ,2.00,INE715B01021,Equity,,,,,
590065,INDIA MOTOR PARTS & ACCESSORIES LTD,IMPAL,India Motor Parts & Accessories Ltd,Active,B ,10.00,INE547E01014,Equity,,,,,
590066,K.C.P. LTD,KCP,KCP Ltd,Active,B ,1.00,INE805C01028,Equity,,,,,
590070,RADAAN MEDIAWORKS (I) LIMITED,RADAAN,Radaan Mediaworks India Ltd,Active,B ,2.00,INE874F01027,Equity,,,,,
590071,SUNDARAM FINANCE LTD,SUNDARMFIN,Sundaram Finance Ltd,Active,B ,10.00,INE660A01013,Equity,,,,,
590073,WHEELS INDIA LTD,WHEELS,Wheels India Ltd,Active,B ,10.00,INE715A01015,Equity,,,,,
590075,Lambodhara Textiles Ltd.,LAMBODHARA,Lambodhara Textile Ltd,Active,B ,5.00,INE112F01022,Equity,,,,,
590078,Maithan Alloys Limited,MAITHANALL,Maithan Alloys Ltd,Active,B ,10.00,INE683C01011,Equity,,,,,
590086,Orissa Minerals Development Company Limited,ORISSAMINE,Orissa Minerals Development Company Ltd,Active,B ,1.00,INE725E01024,Equity,,,,,
590103,Reliance Mutual Fund-Permitted,NIFTYBEES,Nippon India ETF Nifty 50 BeES,Active,B ,1.00,INF204KB14I2,Equity,,,,,
590104,Reliance Mutual Fund-Permitted,JUNIORBEES,Nippon India ETF Nifty Next 50 Junior BeES,Active,B ,1.25,INF732E01045,Equity,,,,,
590106,Reliance Mutual Fund-Permitted,BANKBEES,Nippon India ETF Nifty Bank BeES,Active,B ,1.00,INF204KB15I9,Equity,,,,,
590107,Kotak Mahindra Mutual Fund - Permitted,PSUBANK,Kotak Nifty PSU Bank ETF,Active,B ,1.00,INF174KA1A86,Equity,,,,,
590108,Reliance Mutual Fund-Permitted,PSUBNKBEES,Nippon India ETF Nifty PSU Bank BeES,Active,B ,1.00,INF204KB16I7,Equity,,,,,
590109,Reliance Mutual Fund-Permitted,SHARIABEES,Nippon India ETF Nifty 50 Shariah BeES,Active,B ,10.00,INF732E01128,Equity,,,,,
590110,Quantum Asset Management Co. Pvt. Ltd.,QNIFTY,Quantum Nifty 50 ETF,Active,B ,1.00,INF082J01499,Equity,,,,,
590115,Motilal Oswal Mutual Fund-Permitted,MOM50,Motilal Oswal Nifty 50 ETF,Active,B ,7.00,INF247L01536,Equity,,,,,
590134,Madras Fertilizers Ltd,MADRASFERT,Madras Fertilizers Ltd,Active,B ,10.00,INE414A01015,Equity,,,,,
590136,Kotak Mahindra Mutual Fund - Permitted,BANKNIFTY1,Kotak Nifty Bank ETF,Active,B ,1.00,INF174KA1ZB7,Equity,,,,,
590137,SBI Mutual Fund-Permitted,SETFNIFBK,SBI-ETF NIFTY BANK,Active,B ,10.00,INF200KA1580,Equity,,,,,
590138,SBI Mutual Fund-Permitted,SETFNIF50,SBI-ETF NIFTY 50,Active,B ,10.00,INF200KA1FS1,Equity,,,,,
590139,Kotak Mahindra Mutual Fund - Permitted,LIQUID1,Kotak Nifty 1D Rate Liquid ETF,Active,B ,1000.00,INF174KA1LV5,Equity,,,,,
590141,Nippon India Mutual Fund - Permitted,ITBEES,Nippon India ETF Nifty IT,Active,B ,10.00,INF204KB15V2,Equity,,,,,
590142,Nippon India Mutual Fund - Permitted,PHARMABEES,Nippon India Nifty Pharma ETF,Active,B ,10.00,INF204KC1089,Equity,,,,,
590144,Nippon India Mutual Fund - Permitted,MID150BEES,Nippon India ETF Nifty Midcap 150,Active,B ,10.00,INF204KB1V68,Equity,,,,,
590148,Motilal Oswal Mutual Fund-Permitted,MOSMALL250,Motilal Oswal Nifty Smallcap 250 ETF,Active,B ,10.00,INF247L01CH6,Equity,,,,,
590149,Motilal Oswal Mutual Fund-Permitted,MOCAPITAL,Motilal Oswal Nifty Capital Market ETF,Active,B ,10.00,INF247L01EV3,Equity,,,,,
590150,Motilal Oswal Mutual Fund-Permitted,MOREALTY,Motilal Oswal Nifty Realty ETF,Active,B ,10.00,INF247L01CI4,Equity,,,,,
590151,Motilal Oswal Mutual Fund-Permitted,MOMENTUM50,Motilal Oswal Nifty 500 Momentum 50 ETF,Active,B ,10.00,INF247L01DK8,Equity,,,,,
590152,Motilal Oswal Mutual Fund-Permitted,MODEFENCE,Motilal Oswal Nifty India Defence ETF,Active,B ,10.00,INF247L01DJ0,Equity,,,,,
590153,Motilal Oswal Mutual Fund-Permitted,MONIFTY500,Motilal Oswal Nifty 500 ETF,Active,B ,10.00,INF247L01BU1,Equity,,,,,
590154,Kotak Mahindra Mutual Fund - Permitted,ALPHA,Kotak Nifty Alpha 50 ETF,Active,B ,10.00,INF174KA1IA5,Equity,,,,,
590157,GROWW MUTUAL FUND  PERMITTED,GROWWDEFNC,Groww Nifty India Defence ETF,Active,B ,10.00,INF666M01IO8,Equity,,,,,
590158,GROWW MUTUAL FUND  PERMITTED,GROWWRAIL,Groww Nifty India Railways PSU ETF,Active,B ,10.00,INF666M01JJ6,Equity,,,,,
590160,Tata Mutual Fund - Permitted,NETF,Tata Nifty 50 Exchange Traded Fund,Active,B ,10.00,INF277K015R5,Equity,,,,,
890221,Spandana Sphoorty Financial Limited,SSFLPP,Spandana Sphoorty Financial Ltd,Active,B ,10.00,IN9572J01019,Equity,,,,,
890228,Allcargo Terminals Limited,ATLPP,Allcargo Terminals Ltd,Active,B ,2.00,IN90NN701011,Equity,,,,,
